timestamp_utc,interface_id,interface_description,facility,direction,peak_mbps,avg_mbps,p95_mbps,p50_mbps,min_mbps,packets_per_second,bytes_transferred_gb,errors,drops,crc_errors,protocol_http_pct,protocol_sql_pct,protocol_storage_pct,protocol_ssh_pct,protocol_dns_pct,protocol_other_pct,utilization_pct,qos_class
2024-12-01 00:00:00,WAN-STM-02,WAN Secondary - Facility B - Lumen MPLS,Stamford,inbound,1663.06,1196.51,1393.61,1075.31,630.24,233289,0.538,2,5,0,36.9,26.3,15.6,2.5,3.0,15.7,16.6,Standard
2024-12-01 03:00:00,WAN-NWK-01,WAN Primary - Facility A - AT&T MPLS,Newark,inbound,1746.46,993.38,1581.05,795.81,521.81,233856,0.447,1,6,0,27.6,34.4,20.2,1.2,1.5,15.1,17.5,Real-Time
2024-12-01 03:00:00,WAN-STM-01,WAN Primary - Facility B - AT&T MPLS,Stamford,inbound,1735.5,1229.68,1490.48,1079.66,697.84,240368,0.553,8,3,1,28.3,26.5,15.3,2.3,2.4,25.2,17.4,Bulk-Transfer
2024-12-01 03:00:00,WAN-STM-02,WAN Secondary - Facility B - Lumen MPLS,Stamford,outbound,2753.11,1790.49,2527.49,1772.44,644.23,224176,0.806,2,1,0,32.1,21.7,24.5,2.9,1.5,17.3,27.5,Standard
2024-12-01 03:00:00,IX-NWK-STM-01,Inter-Facility Dark Fiber Newark-Stamford,Inter-DC,outbound,2118.4,1394.17,1909.82,1143.75,741.34,295559,0.627,9,1,2,36.7,25.2,19.3,2.5,2.0,14.3,21.2,Standard
2024-12-01 04:00:00,WAN-STM-02,WAN Secondary - Facility B - Lumen MPLS,Stamford,outbound,2184.28,1381.7,1877.38,1380.02,463.61,291625,0.622,9,3,2,30.7,33.6,18.0,3.4,1.9,12.4,21.8,Real-Time
2024-12-01 04:00:00,IX-NWK-STM-01,Inter-Facility Dark Fiber Newark-Stamford,Inter-DC,outbound,2258.33,1493.64,2058.21,1330.54,756.1,326720,0.672,6,6,0,33.2,29.7,24.1,4.3,1.1,7.6,22.6,Business-Critical
2024-12-01 05:00:00,WAN-NWK-01,WAN Primary - Facility A - AT&T MPLS,Newark,outbound,2711.08,1737.11,2232.2,1469.22,872.53,380191,0.782,18,0,2,33.6,31.4,16.8,3.1,1.9,13.2,27.1,Standard
2024-12-01 05:00:00,WAN-STM-01,WAN Primary - Facility B - AT&T MPLS,Stamford,inbound,1563.24,984.6,1470.38,873.95,501.63,138346,0.443,5,4,0,35.6,24.7,15.1,2.6,1.4,20.6,15.6,Real-Time
2024-12-01 05:00:00,WAN-STM-02,WAN Secondary - Facility B - Lumen MPLS,Stamford,outbound,2360.61,1488.09,2102.47,1325.99,590.08,220022,0.67,11,1,2,30.7,32.8,19.1,2.3,1.9,13.2,23.6,Bulk-Transfer
2024-12-01 06:00:00,WAN-STM-01,WAN Primary - Facility B - AT&T MPLS,Stamford,inbound,1791.54,1177.33,1642.49,953.41,567.38,205616,0.53,4,6,0,34.1,25.3,21.4,3.5,2.4,13.3,17.9,Business-Critical
2024-12-01 09:00:00,WAN-STM-01,WAN Primary - Facility B - AT&T MPLS,Stamford,outbound,2919.64,1995.22,2698.23,1651.4,748.21,364612,0.898,11,8,0,35.7,27.7,16.2,1.3,1.3,17.8,29.2,Bulk-Transfer
2024-12-01 09:00:00,IX-NWK-STM-01,Inter-Facility Dark Fiber Newark-Stamford,Inter-DC,outbound,2587.07,1353.78,2294.72,1148.53,464.44,284698,0.609,9,5,0,33.6,22.8,21.7,3.1,1.7,17.1,25.9,Real-Time
2024-12-01 11:00:00,WAN-NWK-02,WAN Secondary - Facility A - Lumen MPLS,Newark,outbound,2808.28,1776.86,2604.06,1431.57,557.29,350758,0.8,8,10,1,36.5,26.2,21.4,3.0,2.3,10.6,28.1,Standard
2024-12-01 12:00:00,WAN-STM-02,WAN Secondary - Facility B - Lumen MPLS,Stamford,inbound,1569.81,1076.25,1342.58,981.97,410.57,137587,0.484,5,4,0,28.6,30.0,20.3,3.6,1.1,16.4,15.7,Bulk-Transfer
2024-12-01 18:00:00,WAN-STM-01,WAN Primary - Facility B - AT&T MPLS,Stamford,inbound,2036.31,1372.62,1674.19,1116.63,519.75,168581,0.618,0,3,1,34.4,27.5,19.2,3.8,1.2,13.9,20.4,Business-Critical
2024-12-01 18:00:00,WAN-STM-02,WAN Secondary - Facility B - Lumen MPLS,Stamford,inbound,1508.07,968.87,1247.41,904.17,481.93,139187,0.436,0,1,0,27.5,34.3,20.2,4.1,2.4,11.5,15.1,Business-Critical
2024-12-01 19:00:00,WAN-STM-01,WAN Primary - Facility B - AT&T MPLS,Stamford,outbound,2189.87,1210.72,1928.37,1067.01,557.87,323059,0.545,6,7,2,32.0,32.8,15.9,4.2,1.6,13.5,21.9,Real-Time
2024-12-01 19:00:00,IX-NWK-STM-01,Inter-Facility Dark Fiber Newark-Stamford,Inter-DC,outbound,2496.51,1489.29,2185.61,1296.85,852.6,247775,0.67,7,2,0,34.2,29.3,21.5,3.0,2.8,9.2,25.0,Bulk-Transfer
2024-12-01 21:00:00,WAN-NWK-02,WAN Secondary - Facility A - Lumen MPLS,Newark,inbound,1704.39,986.69,1544.29,907.8,355.11,139421,0.444,1,2,0,32.1,21.7,22.8,2.9,2.8,17.7,17.0,Standard
2024-12-01 22:00:00,WAN-STM-02,WAN Secondary - Facility B - Lumen MPLS,Stamford,inbound,1599.52,1059.23,1497.17,910.68,365.41,213669,0.477,0,6,2,31.1,24.8,16.4,1.1,2.0,24.6,16.0,Standard
2024-12-02 01:00:00,IX-NWK-STM-01,Inter-Facility Dark Fiber Newark-Stamford,Inter-DC,outbound,1194.3,691.84,1080.48,597.79,224.64,103566,0.311,4,0,0,28.2,29.4,17.1,3.7,2.7,18.9,11.9,Business-Critical
2024-12-02 02:00:00,WAN-STM-01,WAN Primary - Facility B - AT&T MPLS,Stamford,inbound,752.32,502.76,687.9,423.5,287.42,105025,0.226,1,1,0,28.3,32.5,16.9,1.7,2.6,18.0,7.5,Real-Time
2024-12-02 02:00:00,WAN-STM-01,WAN Primary - Facility B - AT&T MPLS,Stamford,outbound,1351.8,955.01,1283.21,852.11,443.98,135647,0.43,0,2,0,28.0,28.7,24.5,2.4,2.3,14.1,13.5,Business-Critical
2024-12-02 03:00:00,IX-NWK-STM-01,Inter-Facility Dark Fiber Newark-Stamford,Inter-DC,inbound,846.67,502.98,699.05,455.68,185.52,115282,0.226,3,2,0,31.4,23.8,22.7,4.6,1.2,16.3,8.5,Bulk-Transfer
2024-12-02 03:00:00,IX-NWK-STM-01,Inter-Facility Dark Fiber Newark-Stamford,Inter-DC,outbound,1095.37,570.79,1004.1,457.45,260.72,127483,0.257,3,1,1,31.1,21.6,19.3,3.3,1.5,23.2,11.0,Bulk-Transfer
2024-12-02 04:00:00,WAN-NWK-01,WAN Primary - Facility A - AT&T MPLS,Newark,outbound,1301.86,899.58,1179.1,854.21,390.4,167876,0.405,2,0,0,32.6,31.8,23.0,3.5,2.4,6.7,13.0,Real-Time
2024-12-02 04:00:00,WAN-STM-01,WAN Primary - Facility B - AT&T MPLS,Stamford,outbound,1221.42,812.53,1090.35,744.75,328.46,167440,0.366,3,4,0,31.8,26.1,15.0,1.7,2.0,23.4,12.2,Real-Time
2024-12-02 05:00:00,WAN-STM-02,WAN Secondary - Facility B - Lumen MPLS,Stamford,outbound,1256.71,797.17,1169.19,649.11,277.89,120613,0.359,2,2,1,34.1,25.9,23.9,4.1,2.9,9.1,12.6,Bulk-Transfer
2024-12-02 05:00:00,IX-NWK-STM-01,Inter-Facility Dark Fiber Newark-Stamford,Inter-DC,inbound,813.99,453.21,669.92,428.54,225.97,118704,0.204,5,0,0,27.5,21.5,15.6,4.5,2.1,28.8,8.1,Real-Time
2024-12-02 09:00:00,WAN-NWK-01,WAN Primary - Facility A - AT&T MPLS,Newark,outbound,8032.15,4790.7,7589.4,4419.38,2336.22,770443,2.156,15,18,2,31.4,24.7,21.1,2.8,1.3,18.7,80.3,Business-Critical
2024-12-02 09:00:00,WAN-STM-01,WAN Primary - Facility B - AT&T MPLS,Stamford,outbound,9500.0,5650.52,8842.38,5075.8,1928.26,888517,2.543,2,13,0,38.9,34.3,17.2,3.7,1.4,4.5,95.0,Business-Critical
2024-12-02 09:00:00,WAN-STM-02,WAN Secondary - Facility B - Lumen MPLS,Stamford,outbound,9500.0,5798.06,8811.36,4687.63,3471.59,1104937,2.609,25,2,8,30.8,31.5,24.6,1.8,1.9,9.4,95.0,Standard
2024-12-02 10:00:00,WAN-NWK-01,WAN Primary - Facility A - AT&T MPLS,Newark,outbound,9500.0,5214.75,8739.91,4225.32,2046.37,1245557,2.347,61,28,4,34.4,21.8,16.3,1.8,2.2,23.5,95.0,Standard
2024-12-02 10:00:00,WAN-STM-01,WAN Primary - Facility B - AT&T MPLS,Stamford,inbound,8933.01,5983.93,7743.35,4830.03,3174.79,916504,2.693,24,26,1,36.4,32.6,15.6,2.9,1.2,11.3,89.3,Standard
2024-12-02 10:00:00,WAN-STM-01,WAN Primary - Facility B - AT&T MPLS,Stamford,outbound,9500.0,5726.14,8049.16,4820.32,1817.79,1139959,2.577,40,33,1,32.3,30.3,24.3,4.9,1.6,6.6,95.0,Standard
2024-12-02 11:00:00,WAN-NWK-01,WAN Primary - Facility A - AT&T MPLS,Newark,outbound,9500.0,5537.55,7829.06,4888.4,2487.0,918032,2.492,28,26,4,28.2,24.5,16.1,4.1,2.6,24.5,95.0,Real-Time
2024-12-02 11:00:00,WAN-STM-01,WAN Primary - Facility B - AT&T MPLS,Stamford,outbound,9500.0,5605.6,8183.33,4643.19,2866.18,948373,2.523,15,5,1,29.7,33.4,20.4,1.2,1.1,14.2,95.0,Real-Time
2024-12-02 11:00:00,IX-NWK-STM-01,Inter-Facility Dark Fiber Newark-Stamford,Inter-DC,inbound,5769.2,3807.23,5229.63,3646.4,2150.02,644592,1.713,1,2,3,26.7,27.2,23.5,2.1,1.7,18.8,57.7,Business-Critical
2024-12-02 12:00:00,WAN-NWK-01,WAN Primary - Facility A - AT&T MPLS,Newark,outbound,9500.0,6501.84,8007.57,6444.48,2086.33,832315,2.926,38,24,6,29.9,29.7,15.6,1.9,1.3,21.6,95.0,Real-Time
2024-12-02 12:00:00,WAN-NWK-02,WAN Secondary - Facility A - Lumen MPLS,Newark,outbound,9500.0,6047.18,8545.19,5455.07,3351.9,1326915,2.721,7,23,8,39.5,20.0,20.6,4.9,1.2,13.8,95.0,Standard
2024-12-02 12:00:00,WAN-STM-01,WAN Primary - Facility B - AT&T MPLS,Stamford,outbound,9500.0,5233.11,9021.86,4887.79,1780.74,807711,2.355,1,4,7,34.9,34.6,16.4,1.5,2.6,10.0,95.0,Bulk-Transfer
2024-12-02 12:00:00,WAN-STM-02,WAN Secondary - Facility B - Lumen MPLS,Stamford,outbound,8051.88,5066.51,6986.67,5044.46,2383.52,1041445,2.28,7,30,1,27.1,31.0,24.8,4.9,2.6,9.6,80.5,Bulk-Transfer
2024-12-02 13:00:00,WAN-NWK-01,WAN Primary - Facility A - AT&T MPLS,Newark,outbound,9500.0,5642.56,8006.62,5397.14,2092.59,880238,2.539,33,1,5,39.8,34.5,21.0,4.3,2.7,0,95.0,Bulk-Transfer
2024-12-02 13:00:00,WAN-STM-01,WAN Primary - Facility B - AT&T MPLS,Stamford,outbound,9500.0,6827.11,8176.89,5476.13,2065.49,805188,3.072,26,3,8,26.6,26.7,17.2,2.1,1.4,26.0,95.0,Real-Time
2024-12-02 13:00:00,WAN-STM-02,WAN Secondary - Facility B - Lumen MPLS,Stamford,outbound,9500.0,6261.74,8102.87,5594.18,3637.16,1184789,2.818,59,17,6,35.4,30.0,22.7,2.0,2.6,7.3,95.0,Standard
2024-12-02 14:00:00,WAN-NWK-01,WAN Primary - Facility A - AT&T MPLS,Newark,outbound,9500.0,5515.37,7858.17,5512.08,2725.27,1002961,2.482,21,2,7,36.4,24.3,17.0,3.2,2.9,16.2,95.0,Business-Critical
2024-12-02 14:00:00,WAN-STM-01,WAN Primary - Facility B - AT&T MPLS,Stamford,outbound,9500.0,6658.86,8803.61,5456.66,3218.68,1315509,2.996,8,6,1,32.5,32.0,17.2,4.2,1.9,12.2,95.0,Bulk-Transfer
2024-12-02 14:00:00,IX-NWK-STM-01,Inter-Facility Dark Fiber Newark-Stamford,Inter-DC,outbound,8860.86,5994.52,7666.6,4801.09,2222.12,781754,2.698,33,3,5,37.9,34.8,20.1,2.9,2.3,2.0,88.6,Business-Critical
2024-12-02 15:00:00,IX-NWK-STM-01,Inter-Facility Dark Fiber Newark-Stamford,Inter-DC,outbound,9500.0,5150.84,8241.5,4758.48,2110.15,876552,2.318,35,22,1,33.4,31.6,16.4,2.3,2.1,14.2,95.0,Bulk-Transfer
2024-12-02 16:00:00,WAN-STM-02,WAN Secondary - Facility B - Lumen MPLS,Stamford,inbound,3938.22,2164.4,3458.92,2153.78,995.82,348549,0.974,0,6,3,36.5,34.2,24.3,1.6,2.9,0.5,39.4,Standard
2024-12-02 18:00:00,WAN-STM-02,WAN Secondary - Facility B - Lumen MPLS,Stamford,inbound,2151.12,1301.3,1903.49,1240.09,689.42,261480,0.586,12,6,1,32.1,29.0,19.0,2.9,1.6,15.4,21.5,Bulk-Transfer
2024-12-02 23:00:00,IX-NWK-STM-01,Inter-Facility Dark Fiber Newark-Stamford,Inter-DC,inbound,1464.95,913.01,1331.18,902.73,395.12,196173,0.411,8,0,0,30.1,26.0,22.7,2.7,1.8,16.7,14.6,Real-Time
2024-12-03 00:00:00,IX-NWK-STM-01,Inter-Facility Dark Fiber Newark-Stamford,Inter-DC,inbound,815.07,517.26,728.31,506.94,276.42,92320,0.233,4,0,0,32.6,26.9,19.5,2.8,2.7,15.5,8.2,Standard
2024-12-03 01:00:00,IX-NWK-STM-01,Inter-Facility Dark Fiber Newark-Stamford,Inter-DC,outbound,1274.61,768.12,1193.52,722.54,406.14,149982,0.346,1,4,0,38.4,32.2,19.5,1.5,2.9,5.5,12.7,Bulk-Transfer
2024-12-03 02:00:00,WAN-NWK-01,WAN Primary - Facility A - AT&T MPLS,Newark,outbound,1066.73,728.85,961.43,700.92,267.01,158525,0.328,5,0,1,32.4,30.6,21.1,1.0,3.0,11.9,10.7,Bulk-Transfer
2024-12-03 02:00:00,WAN-STM-01,WAN Primary - Facility B - AT&T MPLS,Stamford,inbound,947.01,553.62,880.49,487.95,186.3,110118,0.249,3,2,0,38.3,23.4,17.8,2.7,1.9,15.9,9.5,Real-Time
2024-12-03 04:00:00,IX-NWK-STM-01,Inter-Facility Dark Fiber Newark-Stamford,Inter-DC,inbound,740.76,512.56,646.99,426.15,170.8,87077,0.231,3,2,0,30.8,33.6,17.1,4.5,1.6,12.4,7.4,Bulk-Transfer
2024-12-03 08:00:00,WAN-STM-01,WAN Primary - Facility B - AT&T MPLS,Stamford,inbound,4969.7,3037.27,4463.74,2518.42,1517.43,676328,1.367,2,19,2,29.6,34.9,16.2,5.0,2.4,11.9,49.7,Bulk-Transfer
2024-12-03 09:00:00,WAN-STM-01,WAN Primary - Facility B - AT&T MPLS,Stamford,outbound,9500.0,6198.97,7845.25,5004.72,2123.15,1329296,2.79,27,8,9,33.3,28.9,17.8,3.9,1.8,14.3,95.0,Standard
2024-12-03 09:00:00,WAN-STM-02,WAN Secondary - Facility B - Lumen MPLS,Stamford,inbound,5997.12,3897.85,5044.96,3473.81,2274.09,763773,1.754,9,17,3,26.1,31.0,25.0,3.8,1.4,12.7,60.0,Standard
2024-12-03 09:00:00,WAN-STM-02,WAN Secondary - Facility B - Lumen MPLS,Stamford,outbound,9500.0,6170.77,8421.61,5139.07,3372.14,970379,2.777,27,12,0,39.5,23.7,17.7,3.1,2.4,13.6,95.0,Bulk-Transfer
2024-12-03 10:00:00,WAN-NWK-02,WAN Secondary - Facility A - Lumen MPLS,Newark,inbound,5549.12,3837.69,5233.76,3382.16,1511.36,478943,1.727,2,1,1,39.2,22.5,15.6,4.0,2.1,16.6,55.5,Bulk-Transfer
2024-12-03 10:00:00,WAN-STM-01,WAN Primary - Facility B - AT&T MPLS,Stamford,outbound,9500.0,5637.4,7954.65,4908.25,1777.31,1089512,2.537,10,23,1,30.1,30.2,23.3,4.4,2.7,9.3,95.0,Standard
2024-12-03 11:00:00,WAN-NWK-01,WAN Primary - Facility A - AT&T MPLS,Newark,outbound,9500.0,6074.46,7799.92,5442.96,2336.65,814938,2.734,27,7,2,35.9,22.8,17.8,1.5,1.5,20.5,95.0,Business-Critical
2024-12-03 11:00:00,WAN-STM-01,WAN Primary - Facility B - AT&T MPLS,Stamford,inbound,8408.22,4883.98,7189.04,4181.23,1979.51,918725,2.198,20,1,2,25.6,20.8,22.4,1.8,1.9,27.5,84.1,Real-Time
2024-12-03 11:00:00,WAN-STM-01,WAN Primary - Facility B - AT&T MPLS,Stamford,outbound,9500.0,5419.3,8396.74,4697.75,1807.11,1204850,2.439,43,35,12,37.9,25.0,22.4,2.4,2.6,9.7,95.0,Standard
2024-12-03 11:00:00,IX-NWK-STM-01,Inter-Facility Dark Fiber Newark-Stamford,Inter-DC,outbound,9500.0,5695.24,8635.6,5547.45,3368.51,870069,2.563,32,12,8,36.7,26.0,17.7,1.7,1.3,16.6,95.0,Business-Critical
2024-12-03 12:00:00,WAN-NWK-01,WAN Primary - Facility A - AT&T MPLS,Newark,outbound,9500.0,5467.74,7954.22,5329.28,1724.83,1411715,2.46,26,34,1,25.0,25.2,21.1,2.5,1.2,25.0,95.0,Standard
2024-12-03 12:00:00,WAN-NWK-02,WAN Secondary - Facility A - Lumen MPLS,Newark,outbound,9500.0,6247.42,8957.89,5319.48,3047.92,1161887,2.811,13,28,3,29.9,23.1,21.3,4.4,1.8,19.5,95.0,Bulk-Transfer
2024-12-03 12:00:00,WAN-STM-01,WAN Primary - Facility B - AT&T MPLS,Stamford,outbound,9500.0,6246.0,8021.99,5176.09,2672.78,1062591,2.811,41,25,1,35.9,22.1,22.5,1.0,1.2,17.3,95.0,Bulk-Transfer
2024-12-03 12:00:00,WAN-STM-02,WAN Secondary - Facility B - Lumen MPLS,Stamford,outbound,9500.0,5101.43,7961.95,4856.23,2896.17,1302284,2.296,39,21,7,27.3,20.8,21.9,3.5,1.2,25.3,95.0,Real-Time
2024-12-03 13:00:00,WAN-NWK-01,WAN Primary - Facility A - AT&T MPLS,Newark,outbound,9500.0,6798.29,8750.56,5637.95,2340.88,1057052,3.059,50,30,1,26.7,26.4,22.3,1.6,1.6,21.4,95.0,Business-Critical
2024-12-03 13:00:00,WAN-STM-01,WAN Primary - Facility B - AT&T MPLS,Stamford,inbound,9500.0,6689.72,7863.58,5819.18,3710.29,1336403,3.01,17,18,7,27.2,32.8,24.7,4.7,1.5,9.1,95.0,Business-Critical
2024-12-03 13:00:00,WAN-STM-01,WAN Primary - Facility B - AT&T MPLS,Stamford,outbound,9500.0,5201.82,8978.13,4893.84,2149.59,777520,2.341,27,11,0,35.5,29.9,15.7,4.3,2.7,11.9,95.0,Real-Time
2024-12-03 13:00:00,WAN-STM-02,WAN Secondary - Facility B - Lumen MPLS,Stamford,inbound,5669.8,3108.5,4829.85,2494.55,1707.56,618884,1.399,24,5,3,36.2,31.2,22.0,2.2,1.8,6.6,56.7,Standard
2024-12-03 13:00:00,IX-NWK-STM-01,Inter-Facility Dark Fiber Newark-Stamford,Inter-DC,outbound,9500.0,5830.03,8176.79,5412.47,3195.88,869608,2.624,23,20,6,27.9,21.6,15.8,3.4,2.7,28.6,95.0,Real-Time
2024-12-03 14:00:00,WAN-NWK-02,WAN Secondary - Facility A - Lumen MPLS,Newark,inbound,6904.24,4285.57,6112.21,4092.77,1316.12,937076,1.929,30,18,0,29.4,22.3,19.6,4.5,1.2,23.0,69.0,Business-Critical
2024-12-03 14:00:00,WAN-NWK-02,WAN Secondary - Facility A - Lumen MPLS,Newark,outbound,9500.0,6474.2,8597.96,6174.87,2255.06,1400838,2.913,66,38,10,32.8,31.5,19.5,1.5,1.6,13.1,95.0,Bulk-Transfer
2024-12-03 14:00:00,WAN-STM-01,WAN Primary - Facility B - AT&T MPLS,Stamford,outbound,9500.0,5804.13,7999.6,4986.46,1859.93,1143380,2.612,22,5,1,27.7,31.6,17.6,2.9,1.5,18.7,95.0,Bulk-Transfer
2024-12-03 15:00:00,WAN-STM-02,WAN Secondary - Facility B - Lumen MPLS,Stamford,outbound,9227.83,4990.06,8346.12,4607.08,2112.71,1058877,2.246,48,6,10,31.7,28.7,15.3,2.2,1.8,20.3,92.3,Business-Critical
2024-12-03 16:00:00,WAN-NWK-02,WAN Secondary - Facility A - Lumen MPLS,Newark,outbound,4258.37,2770.09,3614.62,2323.45,1529.47,557172,1.247,25,12,2,34.9,24.1,24.3,3.5,2.3,10.9,42.6,Real-Time
2024-12-03 16:00:00,WAN-STM-01,WAN Primary - Facility B - AT&T MPLS,Stamford,inbound,2889.38,2038.29,2415.38,1688.45,771.69,267683,0.917,1,7,1,38.7,23.1,16.0,4.2,1.8,16.2,28.9,Bulk-Transfer
2024-12-03 18:00:00,WAN-NWK-02,WAN Secondary - Facility A - Lumen MPLS,Newark,outbound,3147.86,1890.41,2824.35,1712.55,847.07,347365,0.851,1,10,1,39.4,23.3,15.5,1.1,1.5,19.2,31.5,Real-Time
2024-12-03 18:00:00,WAN-STM-02,WAN Secondary - Facility B - Lumen MPLS,Stamford,outbound,3482.33,2500.6,3233.68,2263.18,875.69,314318,1.125,3,1,2,37.1,25.0,19.9,2.4,2.1,13.5,34.8,Bulk-Transfer
2024-12-03 19:00:00,WAN-STM-01,WAN Primary - Facility B - AT&T MPLS,Stamford,inbound,2102.09,1360.91,1839.19,1351.9,448.34,206610,0.612,4,4,1,27.6,26.5,23.8,4.2,1.3,16.6,21.0,Business-Critical
2024-12-03 19:00:00,WAN-STM-02,WAN Secondary - Facility B - Lumen MPLS,Stamford,inbound,1892.6,1243.5,1639.9,1082.89,547.1,278781,0.56,7,0,2,25.4,31.5,15.9,1.6,2.8,22.8,18.9,Business-Critical
2024-12-03 20:00:00,WAN-NWK-02,WAN Secondary - Facility A - Lumen MPLS,Newark,inbound,1164.49,628.83,1044.01,549.26,240.56,124609,0.283,6,0,1,31.3,26.4,15.3,2.8,2.1,22.1,11.6,Real-Time
2024-12-03 20:00:00,IX-NWK-STM-01,Inter-Facility Dark Fiber Newark-Stamford,Inter-DC,outbound,1977.8,1253.25,1844.07,1088.0,632.53,290820,0.564,11,8,1,27.9,23.1,23.3,3.0,1.7,21.0,19.8,Business-Critical
2024-12-03 21:00:00,WAN-STM-02,WAN Secondary - Facility B - Lumen MPLS,Stamford,outbound,1504.33,887.45,1361.69,753.31,344.09,184173,0.399,7,5,0,34.8,21.1,24.4,1.8,2.4,15.5,15.0,Standard
2024-12-03 22:00:00,WAN-NWK-01,WAN Primary - Facility A - AT&T MPLS,Newark,outbound,1609.31,896.2,1409.82,726.33,350.9,189751,0.403,5,0,1,38.8,33.6,23.1,3.4,2.5,0,16.1,Standard
2024-12-03 22:00:00,WAN-STM-01,WAN Primary - Facility B - AT&T MPLS,Stamford,outbound,1481.75,781.48,1284.13,724.86,364.94,160921,0.352,1,2,1,39.3,26.6,17.6,4.1,1.5,10.9,14.8,Bulk-Transfer
2024-12-04 00:00:00,WAN-STM-02,WAN Secondary - Facility B - Lumen MPLS,Stamford,inbound,922.76,569.11,853.2,510.97,241.08,88991,0.256,2,1,0,38.3,31.7,15.6,4.1,1.5,8.8,9.2,Standard
2024-12-04 00:00:00,IX-NWK-STM-01,Inter-Facility Dark Fiber Newark-Stamford,Inter-DC,outbound,1208.06,715.68,1021.77,595.01,329.72,169346,0.322,3,2,0,38.7,25.0,17.2,3.9,2.9,12.3,12.1,Real-Time
2024-12-04 01:00:00,WAN-NWK-02,WAN Secondary - Facility A - Lumen MPLS,Newark,inbound,747.55,479.28,643.33,414.46,217.45,61030,0.216,2,1,0,26.5,34.5,20.8,2.5,1.9,13.8,7.5,Business-Critical
2024-12-04 02:00:00,IX-NWK-STM-01,Inter-Facility Dark Fiber Newark-Stamford,Inter-DC,inbound,800.55,514.42,730.68,484.13,181.63,111729,0.231,0,3,0,25.8,29.6,15.6,1.4,2.1,25.5,8.0,Business-Critical
2024-12-04 02:00:00,IX-NWK-STM-01,Inter-Facility Dark Fiber Newark-Stamford,Inter-DC,outbound,1267.01,845.71,1093.74,790.23,481.97,180981,0.381,2,4,1,32.7,34.1,19.0,4.4,2.3,7.5,12.7,Real-Time
2024-12-04 03:00:00,WAN-NWK-01,WAN Primary - Facility A - AT&T MPLS,Newark,inbound,747.15,502.27,626.99,428.6,176.69,62099,0.226,1,1,0,34.5,32.6,24.4,2.2,2.1,4.2,7.5,Real-Time
2024-12-04 04:00:00,WAN-NWK-01,WAN Primary - Facility A - AT&T MPLS,Newark,inbound,907.78,500.03,809.92,477.59,150.75,82746,0.225,0,1,1,35.5,33.7,21.7,4.3,2.4,2.4,9.1,Real-Time
2024-12-04 04:00:00,WAN-STM-01,WAN Primary - Facility B - AT&T MPLS,Stamford,inbound,887.13,533.07,820.51,443.61,180.51,102453,0.24,5,3,0,32.3,34.4,19.0,4.1,1.6,8.6,8.9,Standard
2024-12-04 05:00:00,WAN-NWK-02,WAN Secondary - Facility A - Lumen MPLS,Newark,outbound,1217.91,749.16,1086.98,650.71,296.59,167564,0.337,2,3,1,28.2,30.5,21.7,2.0,1.1,16.5,12.2,Real-Time
2024-12-04 05:00:00,WAN-STM-01,WAN Primary - Facility B - AT&T MPLS,Stamford,outbound,1163.45,782.99,1067.68,670.85,409.67,173677,0.352,6,4,0,30.7,34.2,16.2,2.6,1.4,14.9,11.6,Real-Time
2024-12-04 07:00:00,WAN-STM-01,WAN Primary - Facility B - AT&T MPLS,Stamford,inbound,3878.18,2103.11,3561.56,1759.12,635.05,552779,0.946,16,15,3,27.4,21.0,19.3,2.2,2.9,27.2,38.8,Bulk-Transfer
2024-12-04 09:00:00,WAN-NWK-01,WAN Primary - Facility A - AT&T MPLS,Newark,outbound,9500.0,4970.68,8259.34,4394.09,2925.1,826543,2.237,23,9,1,31.5,32.7,18.0,5.0,1.2,11.6,95.0,Bulk-Transfer
2024-12-04 09:00:00,IX-NWK-STM-01,Inter-Facility Dark Fiber Newark-Stamford,Inter-DC,outbound,9500.0,6448.97,8999.72,5177.65,3162.51,1315527,2.902,30,10,6,29.8,28.6,19.8,2.4,2.3,17.1,95.0,Bulk-Transfer
2024-12-04 10:00:00,WAN-NWK-01,WAN Primary - Facility A - AT&T MPLS,Newark,outbound,9500.0,5439.44,8755.71,4815.55,1673.3,1121306,2.448,6,14,7,37.5,21.8,22.1,1.5,1.7,15.4,95.0,Bulk-Transfer
2024-12-04 10:00:00,WAN-STM-01,WAN Primary - Facility B - AT&T MPLS,Stamford,inbound,8323.09,5917.93,7283.72,4973.66,1862.22,1230487,2.663,25,18,6,38.5,34.6,23.9,2.9,1.3,0,83.2,Standard
2024-12-04 10:00:00,WAN-STM-01,WAN Primary - Facility B - AT&T MPLS,Stamford,outbound,9500.0,5417.53,8476.36,4671.65,3125.46,1167722,2.438,4,3,6,27.1,27.2,16.6,4.9,3.0,21.2,95.0,Business-Critical
2024-12-04 10:00:00,WAN-STM-02,WAN Secondary - Facility B - Lumen MPLS,Stamford,outbound,7853.42,4516.45,6774.13,4188.34,2060.34,916469,2.032,40,19,7,28.5,26.6,23.2,3.2,2.2,16.3,78.5,Business-Critical
2024-12-04 10:00:00,IX-NWK-STM-01,Inter-Facility Dark Fiber Newark-Stamford,Inter-DC,inbound,5333.83,3817.95,5005.09,3315.03,1457.05,795579,1.718,24,8,1,34.4,26.4,16.7,3.8,2.7,16.0,53.3,Bulk-Transfer
2024-12-04 10:00:00,IX-NWK-STM-01,Inter-Facility Dark Fiber Newark-Stamford,Inter-DC,outbound,9500.0,5366.8,7917.27,5364.23,2581.4,1158366,2.415,23,15,10,32.4,30.5,19.3,1.2,1.2,15.4,95.0,Standard
2024-12-04 11:00:00,WAN-NWK-01,WAN Primary - Facility A - AT&T MPLS,Newark,inbound,9500.0,6658.99,8580.73,5765.13,3330.12,927080,2.997,22,2,0,26.5,32.1,17.4,3.0,2.2,18.8,95.0,Standard
2024-12-04 11:00:00,WAN-NWK-01,WAN Primary - Facility A - AT&T MPLS,Newark,outbound,9500.0,6423.75,8665.03,5859.32,3540.92,1009921,2.891,33,27,10,30.7,29.0,20.9,4.2,2.9,12.3,95.0,Real-Time
2024-12-04 11:00:00,WAN-NWK-02,WAN Secondary - Facility A - Lumen MPLS,Newark,outbound,9500.0,6133.42,8750.37,5727.48,1887.21,1137008,2.76,1,21,1,29.4,26.2,15.3,2.8,2.8,23.5,95.0,Standard
2024-12-04 11:00:00,WAN-STM-01,WAN Primary - Facility B - AT&T MPLS,Stamford,inbound,9500.0,5593.69,8992.37,4753.19,2426.56,791786,2.517,29,22,4,36.5,22.4,20.6,4.5,2.3,13.7,95.0,Bulk-Transfer
2024-12-04 11:00:00,WAN-STM-01,WAN Primary - Facility B - AT&T MPLS,Stamford,outbound,9500.0,6423.84,8002.49,5781.25,2098.42,993950,2.891,34,23,3,29.7,24.6,24.1,1.4,1.8,18.4,95.0,Bulk-Transfer
2024-12-04 11:00:00,WAN-STM-02,WAN Secondary - Facility B - Lumen MPLS,Stamford,outbound,9500.0,5962.68,8281.49,5599.72,2144.1,820210,2.683,38,21,6,37.8,22.2,18.4,2.4,1.3,17.9,95.0,Bulk-Transfer
2024-12-04 12:00:00,WAN-NWK-01,WAN Primary - Facility A - AT&T MPLS,Newark,outbound,9500.0,6257.08,8187.25,6041.14,3195.68,1289045,2.816,16,6,12,39.8,30.6,20.4,1.4,2.7,5.1,95.0,Business-Critical
2024-12-04 12:00:00,WAN-STM-01,WAN Primary - Facility B - AT&T MPLS,Stamford,inbound,9500.0,5348.89,8348.36,4855.07,2687.28,979804,2.407,36,25,8,39.2,22.2,20.4,3.7,1.6,12.9,95.0,Real-Time
2024-12-04 12:00:00,WAN-STM-01,WAN Primary - Facility B - AT&T MPLS,Stamford,outbound,9500.0,5040.64,8721.77,4624.74,2683.57,807223,2.268,4,16,6,36.0,31.0,17.5,3.4,2.5,9.6,95.0,Business-Critical
2024-12-04 12:00:00,IX-NWK-STM-01,Inter-Facility Dark Fiber Newark-Stamford,Inter-DC,outbound,9500.0,5298.12,8556.78,4431.12,1936.53,989589,2.384,43,29,2,34.0,28.6,23.9,3.8,2.8,6.9,95.0,Business-Critical
2024-12-04 13:00:00,WAN-NWK-01,WAN Primary - Facility A - AT&T MPLS,Newark,outbound,9500.0,6834.95,8926.2,6749.95,3954.58,1124406,3.076,24,28,1,35.0,21.0,17.5,1.6,2.9,22.0,95.0,Bulk-Transfer
2024-12-04 13:00:00,WAN-NWK-02,WAN Secondary - Facility A - Lumen MPLS,Newark,outbound,9500.0,6162.08,8138.96,5096.62,3260.09,954817,2.773,40,13,6,31.5,21.2,15.2,1.4,2.1,28.6,95.0,Bulk-Transfer
2024-12-04 13:00:00,WAN-STM-01,WAN Primary - Facility B - AT&T MPLS,Stamford,outbound,9500.0,5029.69,8164.14,4213.11,2963.78,794869,2.263,27,23,2,32.6,30.2,15.4,1.9,1.9,18.0,95.0,Business-Critical
2024-12-04 13:00:00,WAN-STM-02,WAN Secondary - Facility B - Lumen MPLS,Stamford,inbound,7280.29,4823.06,6038.89,4054.85,1746.05,908794,2.17,0,1,6,28.1,30.3,24.2,1.0,1.5,14.9,72.8,Standard
2024-12-04 13:00:00,WAN-STM-02,WAN Secondary - Facility B - Lumen MPLS,Stamford,outbound,9500.0,6815.46,8810.82,5959.15,3757.61,789763,3.067,9,19,3,34.3,23.9,24.2,3.7,2.4,11.5,95.0,Standard
2024-12-04 15:00:00,IX-NWK-STM-01,Inter-Facility Dark Fiber Newark-Stamford,Inter-DC,inbound,6326.48,4251.1,5564.47,3469.1,1978.39,563977,1.913,19,0,5,33.6,24.5,17.0,2.9,1.8,20.2,63.3,Standard
2024-12-04 17:00:00,WAN-NWK-01,WAN Primary - Facility A - AT&T MPLS,Newark,inbound,2800.63,1986.95,2354.7,1974.67,631.71,412534,0.894,2,5,3,34.1,22.1,20.2,3.0,1.4,19.2,28.0,Bulk-Transfer
2024-12-04 17:00:00,WAN-NWK-01,WAN Primary - Facility A - AT&T MPLS,Newark,outbound,3381.14,1966.48,2842.25,1821.14,993.5,372026,0.885,3,9,1,32.9,25.1,18.7,3.8,1.3,18.2,33.8,Bulk-Transfer
2024-12-04 17:00:00,WAN-STM-01,WAN Primary - Facility B - AT&T MPLS,Stamford,inbound,2997.71,1607.56,2649.44,1479.79,911.92,440900,0.723,8,1,3,30.8,22.9,22.7,3.8,1.7,18.1,30.0,Real-Time
2024-12-04 18:00:00,WAN-NWK-01,WAN Primary - Facility A - AT&T MPLS,Newark,inbound,2030.31,1202.07,1759.1,981.17,484.52,172312,0.541,6,4,0,32.9,29.6,19.0,1.6,2.6,14.3,20.3,Business-Critical
2024-12-04 19:00:00,WAN-STM-01,WAN Primary - Facility B - AT&T MPLS,Stamford,inbound,2009.55,1208.88,1898.99,988.0,454.49,180126,0.544,5,5,1,31.8,28.1,21.8,4.6,1.7,12.0,20.1,Business-Critical
2024-12-04 20:00:00,IX-NWK-STM-01,Inter-Facility Dark Fiber Newark-Stamford,Inter-DC,inbound,1038.28,552.36,957.76,454.35,276.06,125621,0.249,0,2,0,29.8,23.7,19.8,1.9,2.3,22.5,10.4,Bulk-Transfer
2024-12-04 20:00:00,IX-NWK-STM-01,Inter-Facility Dark Fiber Newark-Stamford,Inter-DC,outbound,1786.22,964.22,1554.76,893.52,445.87,243409,0.434,2,2,2,27.2,31.4,19.8,5.0,1.1,15.5,17.9,Business-Critical
2024-12-05 00:00:00,WAN-STM-01,WAN Primary - Facility B - AT&T MPLS,Stamford,inbound,923.15,651.03,763.81,573.68,279.71,100619,0.293,0,2,1,26.8,23.5,23.8,3.0,2.9,20.0,9.2,Business-Critical
2024-12-05 00:00:00,WAN-STM-02,WAN Secondary - Facility B - Lumen MPLS,Stamford,inbound,971.35,659.28,884.57,547.45,207.94,109748,0.297,0,1,1,39.8,25.5,21.9,4.3,1.7,6.8,9.7,Real-Time
2024-12-05 03:00:00,WAN-NWK-02,WAN Secondary - Facility A - Lumen MPLS,Newark,inbound,729.99,521.76,637.65,477.75,198.69,89896,0.235,0,2,1,28.8,29.1,15.0,1.5,2.2,23.4,7.3,Standard
2024-12-05 04:00:00,WAN-STM-01,WAN Primary - Facility B - AT&T MPLS,Stamford,inbound,832.75,479.18,700.93,455.92,248.5,120611,0.216,3,1,1,38.3,21.5,20.0,1.9,2.2,16.1,8.3,Real-Time
2024-12-05 07:00:00,WAN-NWK-02,WAN Secondary - Facility A - Lumen MPLS,Newark,outbound,5338.65,2993.04,4648.77,2923.93,977.27,752677,1.347,1,12,2,35.3,21.1,24.4,1.9,2.9,14.4,53.4,Business-Critical
2024-12-05 07:00:00,IX-NWK-STM-01,Inter-Facility Dark Fiber Newark-Stamford,Inter-DC,outbound,4626.35,2928.79,3970.67,2795.41,1658.29,554530,1.318,25,6,1,38.4,21.6,23.4,4.2,1.4,11.0,46.3,Business-Critical
2024-12-05 11:00:00,WAN-NWK-02,WAN Secondary - Facility A - Lumen MPLS,Newark,outbound,7735.27,4614.75,6875.09,4612.53,2348.1,902399,2.077,35,1,9,36.0,22.0,19.8,2.1,1.3,18.8,77.4,Standard
2024-12-05 11:00:00,WAN-STM-01,WAN Primary - Facility B - AT&T MPLS,Stamford,inbound,7683.82,5363.59,7234.87,4888.81,3077.99,1032014,2.414,26,1,5,38.0,28.8,19.2,4.0,2.1,7.9,76.8,Standard
2024-12-05 12:00:00,WAN-STM-02,WAN Secondary - Facility B - Lumen MPLS,Stamford,outbound,9500.0,5490.7,8953.24,5019.65,2077.19,928841,2.471,31,19,1,27.7,26.7,23.2,4.4,1.9,16.1,95.0,Business-Critical
2024-12-05 12:00:00,IX-NWK-STM-01,Inter-Facility Dark Fiber Newark-Stamford,Inter-DC,inbound,6566.29,3992.49,5522.72,3458.38,1996.31,799201,1.797,33,15,1,28.2,30.6,23.2,1.6,2.9,13.5,65.7,Business-Critical
2024-12-05 13:00:00,WAN-STM-02,WAN Secondary - Facility B - Lumen MPLS,Stamford,inbound,6290.68,4374.38,5821.8,4178.98,1448.31,839838,1.968,18,5,1,26.4,20.3,20.6,2.6,2.0,28.1,62.9,Standard
2024-12-05 14:00:00,WAN-NWK-01,WAN Primary - Facility A - AT&T MPLS,Newark,outbound,9500.0,6735.79,7922.19,5818.96,3946.33,865467,3.031,43,20,0,28.3,30.7,17.9,2.0,1.2,19.9,95.0,Standard
2024-12-05 14:00:00,WAN-STM-01,WAN Primary - Facility B - AT&T MPLS,Stamford,inbound,9052.52,6041.08,7908.59,5110.57,2626.65,899203,2.718,5,15,2,31.4,20.6,15.1,1.4,2.5,29.0,90.5,Standard
2024-12-05 17:00:00,IX-NWK-STM-01,Inter-Facility Dark Fiber Newark-Stamford,Inter-DC,inbound,2904.52,1810.72,2528.3,1470.29,956.33,431495,0.815,0,1,3,33.8,34.7,19.8,3.0,2.1,6.6,29.0,Business-Critical
2024-12-05 18:00:00,WAN-NWK-02,WAN Secondary - Facility A - Lumen MPLS,Newark,inbound,1992.0,1305.09,1744.59,1123.81,535.38,250303,0.587,5,2,0,37.7,21.2,16.4,1.8,2.9,20.0,19.9,Bulk-Transfer
2024-12-05 20:00:00,WAN-NWK-02,WAN Secondary - Facility A - Lumen MPLS,Newark,outbound,1657.65,1063.73,1486.9,1050.96,458.17,153153,0.479,2,4,1,30.0,28.8,19.5,4.2,2.8,14.7,16.6,Standard
2024-12-05 21:00:00,WAN-NWK-02,WAN Secondary - Facility A - Lumen MPLS,Newark,inbound,1183.93,652.04,1090.05,608.22,274.5,151450,0.293,1,3,1,28.2,33.2,22.9,2.4,1.5,11.8,11.8,Business-Critical
2024-12-05 21:00:00,WAN-STM-01,WAN Primary - Facility B - AT&T MPLS,Stamford,inbound,1455.48,903.38,1297.02,897.54,357.17,139652,0.407,6,2,1,38.7,28.1,18.3,1.2,2.6,11.1,14.6,Standard
2024-12-05 22:00:00,WAN-NWK-01,WAN Primary - Facility A - AT&T MPLS,Newark,outbound,1507.2,1079.93,1292.3,1010.28,394.03,152655,0.486,0,1,0,25.0,25.2,24.4,4.5,1.9,19.0,15.1,Standard
2024-12-06 00:00:00,IX-NWK-STM-01,Inter-Facility Dark Fiber Newark-Stamford,Inter-DC,inbound,965.84,611.13,825.71,529.34,266.49,116941,0.275,5,2,1,39.2,25.4,17.4,2.5,1.9,13.6,9.7,Standard
2024-12-06 03:00:00,WAN-STM-02,WAN Secondary - Facility B - Lumen MPLS,Stamford,inbound,815.74,457.03,763.35,404.62,272.93,79930,0.206,2,0,0,31.1,25.3,22.0,2.9,1.1,17.6,8.2,Bulk-Transfer
2024-12-06 03:00:00,IX-NWK-STM-01,Inter-Facility Dark Fiber Newark-Stamford,Inter-DC,inbound,906.23,503.73,784.31,419.25,175.46,98730,0.227,1,1,1,28.5,21.2,18.1,2.2,2.0,28.0,9.1,Standard
2024-12-06 04:00:00,WAN-NWK-01,WAN Primary - Facility A - AT&T MPLS,Newark,outbound,1047.12,554.5,903.31,490.19,267.06,118734,0.25,1,2,0,28.7,21.6,15.1,4.6,2.1,27.9,10.5,Business-Critical
2024-12-06 06:00:00,WAN-STM-02,WAN Secondary - Facility B - Lumen MPLS,Stamford,inbound,2094.64,1174.99,1746.73,1093.85,620.5,173501,0.529,4,4,0,35.6,22.4,23.2,1.3,2.7,14.8,20.9,Real-Time
2024-12-06 07:00:00,WAN-NWK-01,WAN Primary - Facility A - AT&T MPLS,Newark,outbound,5360.86,3640.92,4474.49,3446.31,2116.46,772996,1.638,36,22,1,26.4,32.9,19.5,4.3,1.8,15.1,53.6,Standard
2024-12-06 08:00:00,WAN-NWK-01,WAN Primary - Facility A - AT&T MPLS,Newark,outbound,6764.24,4807.13,5897.76,4215.35,1688.48,953023,2.163,36,26,1,27.1,26.7,18.1,3.0,2.1,23.0,67.6,Business-Critical
2024-12-06 08:00:00,WAN-NWK-02,WAN Secondary - Facility A - Lumen MPLS,Newark,outbound,6903.32,4954.46,5934.0,4721.08,2339.64,743798,2.23,1,17,0,33.3,28.9,18.1,3.7,1.5,14.5,69.0,Standard
2024-12-06 10:00:00,IX-NWK-STM-01,Inter-Facility Dark Fiber Newark-Stamford,Inter-DC,inbound,6082.48,3391.02,5468.74,3295.99,1931.57,683357,1.526,21,18,4,29.5,34.5,24.3,4.2,2.6,4.9,60.8,Business-Critical
2024-12-06 10:00:00,IX-NWK-STM-01,Inter-Facility Dark Fiber Newark-Stamford,Inter-DC,outbound,8369.25,5625.05,7036.73,5619.33,3344.73,730943,2.531,11,6,0,28.1,27.5,22.5,4.4,1.2,16.3,83.7,Real-Time
2024-12-06 11:00:00,WAN-NWK-02,WAN Secondary - Facility A - Lumen MPLS,Newark,inbound,7061.17,4328.05,6477.71,4127.92,2166.97,661357,1.948,25,0,5,36.2,21.8,17.4,3.3,1.0,20.3,70.6,Business-Critical
2024-12-06 11:00:00,WAN-STM-01,WAN Primary - Facility B - AT&T MPLS,Stamford,inbound,7024.66,4113.28,6563.22,3536.87,2115.83,663555,1.851,4,10,5,36.9,28.0,17.1,4.0,1.3,12.7,70.2,Bulk-Transfer
2024-12-06 14:00:00,WAN-NWK-01,WAN Primary - Facility A - AT&T MPLS,Newark,outbound,9500.0,5451.13,8329.75,4850.47,3189.87,1095272,2.453,7,14,9,39.5,26.2,17.7,1.7,2.4,12.5,95.0,Real-Time
2024-12-07 01:00:00,WAN-STM-02,WAN Secondary - Facility B - Lumen MPLS,Stamford,inbound,1622.02,847.13,1461.02,797.9,292.6,188642,0.381,3,2,0,25.5,34.0,24.9,2.7,2.9,10.0,16.2,Real-Time
2024-12-07 01:00:00,IX-NWK-STM-01,Inter-Facility Dark Fiber Newark-Stamford,Inter-DC,inbound,1717.6,1033.48,1430.87,935.54,487.35,255015,0.465,2,4,0,29.6,31.9,18.1,2.0,2.4,16.0,17.2,Standard
2024-12-07 02:00:00,WAN-NWK-02,WAN Secondary - Facility A - Lumen MPLS,Newark,inbound,2056.46,1448.98,1922.85,1359.68,639.19,210776,0.652,9,0,1,34.4,34.7,21.9,4.4,2.9,1.7,20.6,Real-Time
2024-12-07 03:00:00,WAN-NWK-01,WAN Primary - Facility A - AT&T MPLS,Newark,inbound,1775.74,1180.11,1616.02,1153.14,453.92,169698,0.531,1,1,0,37.2,25.7,16.0,3.1,2.1,15.9,17.8,Real-Time
2024-12-07 03:00:00,WAN-STM-02,WAN Secondary - Facility B - Lumen MPLS,Stamford,outbound,2740.65,1677.32,2379.53,1498.68,803.83,263619,0.755,1,2,1,25.6,29.3,20.3,1.2,2.7,20.9,27.4,Bulk-Transfer
2024-12-07 03:00:00,IX-NWK-STM-01,Inter-Facility Dark Fiber Newark-Stamford,Inter-DC,outbound,2252.62,1212.16,2010.39,1122.61,407.57,266623,0.545,6,5,2,30.3,23.2,23.9,4.4,2.5,15.7,22.5,Bulk-Transfer
2024-12-07 04:00:00,WAN-STM-01,WAN Primary - Facility B - AT&T MPLS,Stamford,inbound,1872.47,1343.5,1649.23,1089.42,694.33,165933,0.605,1,4,1,31.5,31.2,18.0,3.9,2.2,13.2,18.7,Bulk-Transfer
2024-12-07 05:00:00,WAN-STM-02,WAN Secondary - Facility B - Lumen MPLS,Stamford,outbound,2723.71,1873.17,2484.15,1814.02,898.09,232650,0.843,9,5,2,31.4,28.8,21.2,2.3,1.6,14.7,27.2,Standard
2024-12-07 05:00:00,IX-NWK-STM-01,Inter-Facility Dark Fiber Newark-Stamford,Inter-DC,inbound,1811.25,1231.8,1534.09,1188.33,655.96,200244,0.554,3,1,0,36.2,34.6,17.6,2.5,1.3,7.8,18.1,Business-Critical
2024-12-07 06:00:00,WAN-STM-02,WAN Secondary - Facility B - Lumen MPLS,Stamford,outbound,2825.42,1616.15,2599.61,1483.21,713.84,284597,0.727,2,3,0,32.9,33.7,25.0,1.1,2.6,4.7,28.3,Standard
2024-12-07 07:00:00,WAN-NWK-02,WAN Secondary - Facility A - Lumen MPLS,Newark,inbound,1994.61,1270.36,1798.4,1155.65,434.6,296760,0.572,0,2,2,34.3,24.1,21.5,4.2,1.1,14.8,19.9,Business-Critical
2024-12-07 07:00:00,IX-NWK-STM-01,Inter-Facility Dark Fiber Newark-Stamford,Inter-DC,inbound,1696.02,1068.07,1575.06,1053.88,617.73,163648,0.481,7,1,0,34.8,21.8,21.2,4.8,1.1,16.3,17.0,Business-Critical
2024-12-07 08:00:00,WAN-STM-02,WAN Secondary - Facility B - Lumen MPLS,Stamford,outbound,2140.14,1253.81,1930.78,1173.9,664.88,237123,0.564,0,5,0,34.7,27.9,21.2,3.7,2.5,10.0,21.4,Standard
2024-12-07 08:00:00,IX-NWK-STM-01,Inter-Facility Dark Fiber Newark-Stamford,Inter-DC,inbound,1882.87,1084.59,1554.9,947.42,491.03,178207,0.488,1,2,0,29.6,27.3,15.5,4.7,1.2,21.7,18.8,Business-Critical
2024-12-07 08:00:00,IX-NWK-STM-01,Inter-Facility Dark Fiber Newark-Stamford,Inter-DC,outbound,2892.59,2069.81,2670.22,2008.06,744.17,339887,0.931,14,1,2,34.4,25.9,24.3,3.1,1.1,11.2,28.9,Real-Time
2024-12-07 09:00:00,WAN-STM-02,WAN Secondary - Facility B - Lumen MPLS,Stamford,inbound,1702.56,1035.82,1470.61,1025.11,589.66,145372,0.466,1,3,0,34.7,34.1,23.9,1.4,2.6,3.3,17.0,Standard
2024-12-07 09:00:00,IX-NWK-STM-01,Inter-Facility Dark Fiber Newark-Stamford,Inter-DC,outbound,2686.37,1497.47,2397.64,1254.46,618.66,301350,0.674,12,6,3,31.5,21.2,16.4,2.3,1.8,26.8,26.9,Business-Critical
2024-12-07 11:00:00,WAN-STM-01,WAN Primary - Facility B - AT&T MPLS,Stamford,inbound,1970.71,1069.65,1669.2,970.0,387.99,237098,0.481,3,3,2,27.6,22.7,18.8,4.9,2.6,23.4,19.7,Business-Critical
2024-12-07 13:00:00,WAN-STM-02,WAN Secondary - Facility B - Lumen MPLS,Stamford,inbound,1553.14,829.92,1385.45,823.94,258.31,193522,0.373,4,4,0,34.9,25.7,22.8,5.0,1.3,10.3,15.5,Business-Critical
2024-12-07 13:00:00,IX-NWK-STM-01,Inter-Facility Dark Fiber Newark-Stamford,Inter-DC,inbound,1947.91,1144.26,1850.1,955.57,568.46,256679,0.515,1,0,0,34.5,24.2,22.2,1.3,2.4,15.4,19.5,Standard
2024-12-07 13:00:00,IX-NWK-STM-01,Inter-Facility Dark Fiber Newark-Stamford,Inter-DC,outbound,2518.54,1770.48,2182.7,1554.63,681.1,302010,0.797,7,0,0,30.5,28.9,21.3,3.9,1.9,13.5,25.2,Standard
2024-12-07 14:00:00,WAN-NWK-02,WAN Secondary - Facility A - Lumen MPLS,Newark,inbound,1977.52,1131.41,1824.0,1020.97,603.5,172405,0.509,0,0,1,31.1,29.0,21.7,5.0,2.6,10.6,19.8,Real-Time
2024-12-07 16:00:00,WAN-NWK-01,WAN Primary - Facility A - AT&T MPLS,Newark,inbound,1439.78,792.23,1258.86,740.17,249.26,173280,0.357,3,1,1,34.3,27.3,19.9,3.4,1.0,14.1,14.4,Real-Time
2024-12-07 17:00:00,WAN-NWK-01,WAN Primary - Facility A - AT&T MPLS,Newark,outbound,2490.11,1710.42,2259.63,1475.75,898.67,306162,0.77,13,4,3,32.7,28.8,16.6,2.1,2.6,17.2,24.9,Standard
2024-12-07 19:00:00,WAN-STM-01,WAN Primary - Facility B - AT&T MPLS,Stamford,outbound,2364.88,1418.34,2175.82,1250.05,442.82,290071,0.638,10,6,2,37.8,22.9,22.8,1.1,2.2,13.2,23.6,Standard
2024-12-07 19:00:00,WAN-STM-02,WAN Secondary - Facility B - Lumen MPLS,Stamford,outbound,2269.49,1463.26,1864.9,1176.83,743.31,257534,0.658,3,6,0,36.4,25.0,22.9,3.3,1.2,11.2,22.7,Standard
2024-12-07 21:00:00,WAN-NWK-02,WAN Secondary - Facility A - Lumen MPLS,Newark,inbound,1759.28,1158.0,1445.17,1088.34,415.04,219998,0.521,1,3,1,27.5,28.3,21.4,3.7,2.4,16.7,17.6,Real-Time
2024-12-07 21:00:00,WAN-STM-02,WAN Secondary - Facility B - Lumen MPLS,Stamford,outbound,2746.55,1752.11,2258.6,1437.31,986.71,285071,0.788,0,1,2,32.6,32.5,15.4,2.1,2.1,15.3,27.5,Real-Time
2024-12-07 22:00:00,WAN-NWK-02,WAN Secondary - Facility A - Lumen MPLS,Newark,outbound,2798.91,1576.25,2651.19,1522.62,717.63,271000,0.709,0,7,1,30.5,27.1,24.2,4.6,1.6,12.0,28.0,Business-Critical
2024-12-07 22:00:00,WAN-STM-02,WAN Secondary - Facility B - Lumen MPLS,Stamford,inbound,1611.63,1133.87,1480.38,1079.1,533.08,207555,0.51,7,1,2,32.4,22.1,24.7,2.3,2.3,16.2,16.1,Standard
2024-12-07 22:00:00,IX-NWK-STM-01,Inter-Facility Dark Fiber Newark-Stamford,Inter-DC,inbound,1449.59,807.42,1294.63,696.26,325.41,205740,0.363,2,3,2,29.0,30.3,21.7,1.9,1.4,15.7,14.5,Bulk-Transfer
2024-12-08 00:00:00,WAN-NWK-01,WAN Primary - Facility A - AT&T MPLS,Newark,outbound,2708.04,1673.12,2509.3,1390.57,551.1,320892,0.753,12,9,0,36.8,26.6,21.8,2.7,2.0,10.1,27.1,Real-Time
2024-12-08 01:00:00,WAN-NWK-02,WAN Secondary - Facility A - Lumen MPLS,Newark,inbound,1905.89,1304.83,1574.36,1234.23,476.56,239892,0.587,11,4,2,30.7,21.0,18.0,2.6,1.8,25.9,19.1,Bulk-Transfer
2024-12-08 01:00:00,IX-NWK-STM-01,Inter-Facility Dark Fiber Newark-Stamford,Inter-DC,outbound,2886.87,1579.02,2551.25,1298.07,732.48,313645,0.711,10,6,2,32.8,21.4,21.2,3.7,3.0,17.9,28.9,Real-Time
2024-12-08 02:00:00,WAN-NWK-01,WAN Primary - Facility A - AT&T MPLS,Newark,inbound,1707.58,1056.14,1540.48,989.55,620.24,221062,0.475,6,6,0,26.4,26.1,23.3,1.7,1.9,20.6,17.1,Standard
2024-12-08 02:00:00,WAN-NWK-01,WAN Primary - Facility A - AT&T MPLS,Newark,outbound,2799.52,1706.94,2360.39,1661.45,724.3,305984,0.768,9,9,3,28.3,33.7,20.1,1.4,2.7,13.8,28.0,Business-Critical
2024-12-08 05:00:00,WAN-STM-02,WAN Secondary - Facility B - Lumen MPLS,Stamford,inbound,1735.0,1063.81,1548.46,910.92,403.76,157054,0.479,7,3,1,30.3,24.6,19.5,1.8,1.2,22.6,17.4,Standard
2024-12-08 06:00:00,IX-NWK-STM-01,Inter-Facility Dark Fiber Newark-Stamford,Inter-DC,inbound,1836.75,1209.96,1622.89,1113.73,487.76,226991,0.544,9,0,2,32.8,30.6,21.8,4.9,2.8,7.1,18.4,Bulk-Transfer
2024-12-08 12:00:00,WAN-STM-02,WAN Secondary - Facility B - Lumen MPLS,Stamford,outbound,2411.15,1409.51,2261.19,1339.81,680.47,196340,0.634,4,4,0,39.5,30.8,22.5,3.6,1.5,2.1,24.1,Business-Critical
2024-12-08 14:00:00,WAN-NWK-02,WAN Secondary - Facility A - Lumen MPLS,Newark,inbound,1991.39,1390.13,1746.59,1216.25,434.09,250511,0.626,9,6,0,30.6,27.5,20.9,4.5,2.6,13.9,19.9,Bulk-Transfer
2024-12-08 15:00:00,WAN-NWK-01,WAN Primary - Facility A - AT&T MPLS,Newark,outbound,2476.5,1617.91,2157.03,1391.54,692.68,238763,0.728,2,0,1,25.1,24.9,22.0,1.7,2.0,24.3,24.8,Standard
2024-12-08 15:00:00,WAN-STM-02,WAN Secondary - Facility B - Lumen MPLS,Stamford,outbound,2116.25,1155.77,1768.11,1054.6,537.33,276088,0.52,2,3,0,35.6,34.5,19.5,1.0,1.5,7.9,21.2,Business-Critical
2024-12-08 15:00:00,IX-NWK-STM-01,Inter-Facility Dark Fiber Newark-Stamford,Inter-DC,outbound,2304.18,1274.15,1895.24,1220.02,510.01,335355,0.573,9,1,2,38.7,24.5,23.1,4.3,2.2,7.2,23.0,Business-Critical
2024-12-08 16:00:00,WAN-NWK-01,WAN Primary - Facility A - AT&T MPLS,Newark,inbound,1677.85,988.53,1393.23,973.84,367.06,142460,0.445,4,4,1,35.9,23.5,24.2,2.7,2.6,11.1,16.8,Bulk-Transfer
2024-12-08 16:00:00,WAN-STM-01,WAN Primary - Facility B - AT&T MPLS,Stamford,inbound,1616.43,894.79,1405.73,855.28,454.7,144976,0.403,5,2,0,38.8,23.3,22.8,1.9,2.2,11.0,16.2,Real-Time
2024-12-08 16:00:00,WAN-STM-01,WAN Primary - Facility B - AT&T MPLS,Stamford,outbound,2696.05,1546.69,2501.73,1538.81,887.35,343783,0.696,4,7,1,26.6,30.7,22.5,1.7,1.4,17.1,27.0,Standard
2024-12-08 16:00:00,WAN-STM-02,WAN Secondary - Facility B - Lumen MPLS,Stamford,outbound,2453.54,1426.08,2062.27,1294.51,531.51,332639,0.642,10,9,3,35.3,33.7,19.8,2.9,2.9,5.4,24.5,Standard
2024-12-08 17:00:00,WAN-STM-01,WAN Primary - Facility B - AT&T MPLS,Stamford,outbound,2296.04,1263.89,2076.06,1184.79,492.59,238472,0.569,4,1,0,33.9,22.3,23.1,4.4,1.3,15.0,23.0,Business-Critical
2024-12-08 18:00:00,WAN-STM-02,WAN Secondary - Facility B - Lumen MPLS,Stamford,outbound,2238.56,1581.32,1840.35,1275.29,640.19,309911,0.712,11,6,2,36.4,23.2,22.7,3.8,2.0,11.9,22.4,Business-Critical
2024-12-08 19:00:00,WAN-STM-01,WAN Primary - Facility B - AT&T MPLS,Stamford,inbound,1761.75,1175.65,1633.83,964.57,534.89,218514,0.529,8,0,1,26.0,26.0,15.4,3.2,1.2,28.2,17.6,Business-Critical
2024-12-08 21:00:00,WAN-STM-02,WAN Secondary - Facility B - Lumen MPLS,Stamford,outbound,2407.78,1611.94,2276.4,1406.3,544.58,333146,0.725,1,5,0,34.3,22.6,24.8,1.0,2.3,15.0,24.1,Real-Time
2024-12-08 23:00:00,IX-NWK-STM-01,Inter-Facility Dark Fiber Newark-Stamford,Inter-DC,inbound,1983.86,1313.1,1683.79,1161.31,748.41,217904,0.591,6,6,2,32.1,30.1,15.1,1.8,1.0,19.9,19.8,Standard
2024-12-09 01:00:00,WAN-NWK-01,WAN Primary - Facility A - AT&T MPLS,Newark,outbound,1075.26,704.67,986.29,688.03,354.44,152445,0.317,2,4,1,36.0,34.4,20.6,3.5,1.8,3.7,10.8,Real-Time
2024-12-09 02:00:00,WAN-NWK-01,WAN Primary - Facility A - AT&T MPLS,Newark,outbound,1001.69,543.63,854.13,456.06,322.0,98749,0.245,2,2,1,37.0,32.0,16.1,1.6,2.1,11.2,10.0,Business-Critical
2024-12-09 02:00:00,WAN-NWK-02,WAN Secondary - Facility A - Lumen MPLS,Newark,outbound,1267.48,819.38,1099.43,704.02,348.87,163059,0.369,3,0,1,30.6,24.9,24.4,3.3,1.1,15.7,12.7,Bulk-Transfer
2024-12-09 02:00:00,IX-NWK-STM-01,Inter-Facility Dark Fiber Newark-Stamford,Inter-DC,inbound,855.49,477.99,727.94,447.99,176.55,112436,0.215,0,1,1,36.7,29.1,16.1,4.4,1.4,12.3,8.6,Bulk-Transfer
2024-12-09 03:00:00,WAN-NWK-01,WAN Primary - Facility A - AT&T MPLS,Newark,outbound,1398.71,1001.72,1177.39,996.92,466.82,200166,0.451,4,3,2,31.3,27.5,18.2,4.0,1.5,17.5,14.0,Bulk-Transfer
2024-12-09 05:00:00,WAN-STM-01,WAN Primary - Facility B - AT&T MPLS,Stamford,outbound,1284.4,753.4,1218.69,751.57,357.43,125334,0.339,1,0,0,27.3,24.2,24.8,2.1,1.6,20.0,12.8,Business-Critical
2024-12-09 06:00:00,IX-NWK-STM-01,Inter-Facility Dark Fiber Newark-Stamford,Inter-DC,inbound,2301.0,1351.95,2158.5,1222.49,700.22,296886,0.608,3,7,1,34.7,24.4,16.0,2.9,2.1,19.9,23.0,Real-Time
2024-12-09 07:00:00,IX-NWK-STM-01,Inter-Facility Dark Fiber Newark-Stamford,Inter-DC,inbound,3698.55,2448.83,3186.51,1988.47,884.89,500282,1.102,21,4,3,34.5,31.5,23.8,2.9,1.1,6.2,37.0,Business-Critical
2024-12-09 08:00:00,IX-NWK-STM-01,Inter-Facility Dark Fiber Newark-Stamford,Inter-DC,inbound,4844.5,3447.49,4020.74,3374.66,1525.26,520099,1.551,1,15,3,30.2,30.6,18.6,4.4,1.9,14.3,48.4,Business-Critical
2024-12-09 12:00:00,WAN-NWK-02,WAN Secondary - Facility A - Lumen MPLS,Newark,outbound,9500.0,5014.52,8260.66,4347.6,2155.26,987981,2.257,41,4,4,32.0,31.2,18.7,1.5,2.4,14.2,95.0,Business-Critical
2024-12-09 13:00:00,WAN-STM-01,WAN Primary - Facility B - AT&T MPLS,Stamford,outbound,9500.0,6226.31,8154.27,5694.28,3709.24,911521,2.802,38,8,9,30.1,28.9,15.1,3.2,1.7,21.0,95.0,Standard
2024-12-09 18:00:00,WAN-NWK-01,WAN Primary - Facility A - AT&T MPLS,Newark,outbound,3065.58,2096.05,2867.33,2006.13,1215.4,280574,0.943,6,7,0,26.4,31.3,22.5,4.2,1.6,14.0,30.7,Standard
2024-12-09 18:00:00,IX-NWK-STM-01,Inter-Facility Dark Fiber Newark-Stamford,Inter-DC,inbound,2439.91,1591.92,2012.36,1401.62,792.84,263013,0.716,4,5,0,26.4,23.0,21.5,2.1,3.0,24.0,24.4,Standard
2024-12-09 19:00:00,WAN-STM-02,WAN Secondary - Facility B - Lumen MPLS,Stamford,outbound,2662.86,1507.8,2340.05,1501.11,716.52,286545,0.679,0,2,0,31.9,26.5,17.2,1.7,1.7,21.0,26.6,Bulk-Transfer
2024-12-09 20:00:00,WAN-NWK-01,WAN Primary - Facility A - AT&T MPLS,Newark,outbound,2034.57,1390.78,1888.04,1194.21,505.91,262012,0.626,3,6,1,29.1,27.4,16.7,1.8,2.0,23.0,20.3,Bulk-Transfer
2024-12-09 20:00:00,WAN-STM-02,WAN Secondary - Facility B - Lumen MPLS,Stamford,inbound,1145.55,733.34,984.46,695.26,229.44,165320,0.33,0,3,0,31.9,20.8,23.0,2.1,1.7,20.5,11.5,Bulk-Transfer
2024-12-09 22:00:00,IX-NWK-STM-01,Inter-Facility Dark Fiber Newark-Stamford,Inter-DC,outbound,1765.42,1192.0,1516.5,1136.6,519.24,202609,0.536,7,2,1,33.6,22.7,17.8,3.8,1.3,20.8,17.7,Bulk-Transfer
2024-12-10 01:00:00,IX-NWK-STM-01,Inter-Facility Dark Fiber Newark-Stamford,Inter-DC,inbound,892.75,536.58,835.54,509.47,184.15,116666,0.241,0,0,0,38.3,25.3,22.5,4.4,2.4,7.1,8.9,Bulk-Transfer
2024-12-10 02:00:00,WAN-STM-02,WAN Secondary - Facility B - Lumen MPLS,Stamford,inbound,871.79,518.71,755.06,424.76,303.73,84191,0.233,4,0,0,36.5,21.0,15.6,2.4,1.7,22.8,8.7,Real-Time
2024-12-10 03:00:00,WAN-STM-02,WAN Secondary - Facility B - Lumen MPLS,Stamford,inbound,855.42,569.85,755.94,512.48,258.07,124952,0.256,2,3,1,34.1,25.6,24.8,4.7,2.3,8.5,8.6,Standard
2024-12-10 04:00:00,WAN-STM-01,WAN Primary - Facility B - AT&T MPLS,Stamford,inbound,825.09,487.19,721.38,475.7,183.66,77528,0.219,0,1,1,38.3,31.9,24.8,4.2,2.1,0,8.3,Standard
2024-12-10 08:00:00,WAN-STM-02,WAN Secondary - Facility B - Lumen MPLS,Stamford,inbound,5119.45,3120.88,4646.7,2694.07,965.38,556691,1.404,16,10,3,38.4,20.1,24.8,4.0,2.9,9.8,51.2,Real-Time
2024-12-10 12:00:00,WAN-STM-02,WAN Secondary - Facility B - Lumen MPLS,Stamford,outbound,8394.27,4618.92,7351.22,4572.38,2084.06,1038681,2.079,41,28,8,34.2,24.8,19.5,1.2,2.9,17.4,83.9,Standard
2024-12-10 12:00:00,IX-NWK-STM-01,Inter-Facility Dark Fiber Newark-Stamford,Inter-DC,inbound,6127.87,4263.54,5112.09,4042.3,1734.89,777624,1.919,33,4,4,39.7,34.8,19.4,1.1,1.9,3.1,61.3,Standard
2024-12-10 13:00:00,WAN-NWK-01,WAN Primary - Facility A - AT&T MPLS,Newark,outbound,9500.0,5901.3,8501.49,5650.7,1974.23,915695,2.656,45,9,2,30.1,25.8,15.2,3.3,2.6,23.0,95.0,Real-Time
2024-12-10 13:00:00,IX-NWK-STM-01,Inter-Facility Dark Fiber Newark-Stamford,Inter-DC,inbound,5882.86,3316.52,5488.93,3206.74,1516.47,816869,1.492,10,3,5,33.4,20.4,19.6,4.3,1.4,20.9,58.8,Business-Critical
2024-12-10 14:00:00,WAN-STM-02,WAN Secondary - Facility B - Lumen MPLS,Stamford,inbound,6188.5,3834.58,5373.47,3601.85,1559.31,741789,1.726,6,10,1,29.1,26.2,19.6,2.0,1.9,21.2,61.9,Business-Critical
2024-12-10 16:00:00,WAN-STM-02,WAN Secondary - Facility B - Lumen MPLS,Stamford,outbound,4144.39,2292.43,3752.95,2275.89,1137.65,401562,1.032,8,12,3,34.6,23.3,22.1,4.3,1.7,14.0,41.4,Bulk-Transfer
2024-12-10 17:00:00,WAN-STM-02,WAN Secondary - Facility B - Lumen MPLS,Stamford,outbound,4445.99,2453.15,3787.34,2426.4,1264.24,630164,1.104,10,15,0,35.9,24.1,16.8,4.1,2.4,16.7,44.5,Standard
2024-12-10 19:00:00,WAN-NWK-01,WAN Primary - Facility A - AT&T MPLS,Newark,inbound,2155.72,1334.01,1775.14,1267.12,433.6,239749,0.6,1,1,1,39.8,27.0,23.3,3.1,2.5,4.3,21.6,Real-Time
2024-12-10 22:00:00,WAN-NWK-02,WAN Secondary - Facility A - Lumen MPLS,Newark,inbound,1394.81,749.59,1159.81,643.29,312.45,176345,0.337,6,2,1,38.7,27.9,23.8,1.5,1.6,6.5,13.9,Standard
2024-12-10 22:00:00,WAN-STM-01,WAN Primary - Facility B - AT&T MPLS,Stamford,inbound,1406.49,934.68,1229.64,875.2,382.06,188729,0.421,7,1,1,38.1,23.8,23.1,4.2,1.7,9.1,14.1,Business-Critical
2024-12-10 23:00:00,WAN-STM-02,WAN Secondary - Facility B - Lumen MPLS,Stamford,outbound,2097.55,1326.7,1786.71,1323.71,661.05,234341,0.597,9,7,0,25.8,28.7,15.5,3.3,2.7,24.0,21.0,Business-Critical
2024-12-11 00:00:00,WAN-STM-02,WAN Secondary - Facility B - Lumen MPLS,Stamford,outbound,1163.42,648.7,973.92,636.54,375.81,134669,0.292,2,3,1,26.0,21.9,24.5,3.6,1.9,22.1,11.6,Bulk-Transfer
2024-12-11 00:00:00,IX-NWK-STM-01,Inter-Facility Dark Fiber Newark-Stamford,Inter-DC,inbound,944.53,659.66,843.04,627.97,371.52,113892,0.297,4,2,1,33.6,32.4,21.3,5.0,2.5,5.2,9.4,Real-Time
2024-12-11 00:00:00,IX-NWK-STM-01,Inter-Facility Dark Fiber Newark-Stamford,Inter-DC,outbound,1230.95,868.98,1018.74,723.35,424.14,120868,0.391,1,3,0,27.7,25.2,20.6,1.3,1.5,23.7,12.3,Business-Critical
2024-12-11 02:00:00,WAN-NWK-01,WAN Primary - Facility A - AT&T MPLS,Newark,inbound,737.18,489.96,696.12,415.29,220.89,67707,0.22,0,2,0,29.9,24.1,19.7,3.0,1.5,21.8,7.4,Real-Time
2024-12-11 02:00:00,WAN-NWK-02,WAN Secondary - Facility A - Lumen MPLS,Newark,inbound,903.03,571.36,836.11,558.72,335.44,107813,0.257,4,2,1,27.8,32.8,23.1,4.0,1.6,10.7,9.0,Bulk-Transfer
2024-12-11 02:00:00,WAN-NWK-02,WAN Secondary - Facility A - Lumen MPLS,Newark,outbound,1344.14,964.22,1253.07,786.19,544.23,193957,0.434,8,3,1,34.4,20.2,22.4,4.5,1.1,17.4,13.4,Real-Time
2024-12-11 04:00:00,WAN-NWK-01,WAN Primary - Facility A - AT&T MPLS,Newark,inbound,931.88,534.86,807.45,494.67,306.18,90090,0.241,0,0,1,25.2,26.6,20.3,1.4,2.7,23.8,9.3,Business-Critical
2024-12-11 05:00:00,WAN-NWK-02,WAN Secondary - Facility A - Lumen MPLS,Newark,inbound,841.54,510.16,710.93,476.25,286.36,67857,0.23,3,2,1,30.4,21.5,23.3,3.0,2.4,19.4,8.4,Business-Critical
2024-12-11 05:00:00,WAN-NWK-02,WAN Secondary - Facility A - Lumen MPLS,Newark,outbound,1023.91,562.69,937.99,491.42,257.35,94284,0.253,4,1,1,30.8,34.4,17.1,2.8,1.1,13.8,10.2,Business-Critical
2024-12-11 05:00:00,IX-NWK-STM-01,Inter-Facility Dark Fiber Newark-Stamford,Inter-DC,outbound,1062.91,635.51,872.43,561.64,194.0,92763,0.286,2,2,1,28.0,32.4,21.2,4.6,2.4,11.4,10.6,Business-Critical
2024-12-11 07:00:00,WAN-NWK-01,WAN Primary - Facility A - AT&T MPLS,Newark,inbound,3121.47,1655.62,2662.33,1409.65,780.98,300302,0.745,3,1,3,26.9,34.1,23.5,1.0,1.4,13.1,31.2,Standard
2024-12-11 11:00:00,WAN-NWK-02,WAN Secondary - Facility A - Lumen MPLS,Newark,inbound,7267.67,5115.01,6556.34,4307.95,1972.47,873785,2.302,22,1,4,28.5,27.5,21.8,2.6,2.3,17.3,72.7,Bulk-Transfer
2024-12-11 11:00:00,IX-NWK-STM-01,Inter-Facility Dark Fiber Newark-Stamford,Inter-DC,inbound,7368.49,3857.77,6866.81,3469.78,1941.94,603269,1.736,4,18,2,30.4,33.7,16.3,2.5,2.5,14.6,73.7,Standard
2024-12-11 11:00:00,IX-NWK-STM-01,Inter-Facility Dark Fiber Newark-Stamford,Inter-DC,outbound,8447.01,4769.54,7327.09,4019.33,1567.48,1196224,2.146,41,18,11,28.7,21.1,22.4,1.7,1.5,24.6,84.5,Real-Time
2024-12-11 12:00:00,WAN-NWK-02,WAN Secondary - Facility A - Lumen MPLS,Newark,outbound,9500.0,6402.93,8353.15,5445.38,2777.4,985486,2.881,10,3,8,32.9,25.2,15.9,4.7,1.6,19.7,95.0,Standard
2024-12-11 12:00:00,WAN-STM-01,WAN Primary - Facility B - AT&T MPLS,Stamford,inbound,8600.69,4532.3,7847.5,3797.71,1672.82,1186012,2.04,45,34,7,33.1,27.6,18.0,4.2,1.0,16.1,86.0,Standard
2024-12-11 13:00:00,WAN-STM-01,WAN Primary - Facility B - AT&T MPLS,Stamford,outbound,9500.0,5856.0,7849.39,5464.37,1772.74,1231391,2.635,37,28,9,26.4,20.0,24.1,1.3,2.8,25.4,95.0,Business-Critical
2024-12-11 13:00:00,WAN-STM-02,WAN Secondary - Facility B - Lumen MPLS,Stamford,outbound,9387.65,6371.69,8793.7,6053.08,2789.78,1244323,2.867,10,18,12,28.5,25.9,20.0,4.2,2.6,18.8,93.9,Real-Time
2024-12-11 17:00:00,WAN-NWK-01,WAN Primary - Facility A - AT&T MPLS,Newark,inbound,2714.19,1844.3,2526.28,1626.21,783.13,251652,0.83,12,2,2,26.6,25.8,17.4,2.8,1.1,26.3,27.1,Business-Critical
2024-12-11 17:00:00,WAN-STM-01,WAN Primary - Facility B - AT&T MPLS,Stamford,outbound,4378.15,2979.83,3893.55,2750.29,1342.88,370077,1.341,17,5,2,32.9,22.3,18.4,3.0,2.5,20.9,43.8,Bulk-Transfer
2024-12-11 17:00:00,IX-NWK-STM-01,Inter-Facility Dark Fiber Newark-Stamford,Inter-DC,inbound,2399.93,1267.85,2226.67,1099.41,494.79,351416,0.571,17,9,1,27.0,27.2,19.1,4.6,2.2,19.9,24.0,Real-Time
2024-12-11 18:00:00,IX-NWK-STM-01,Inter-Facility Dark Fiber Newark-Stamford,Inter-DC,inbound,2320.14,1338.23,2006.58,1247.12,698.5,208906,0.602,6,5,2,29.3,34.8,17.6,3.6,2.7,12.0,23.2,Real-Time
2024-12-11 19:00:00,WAN-NWK-02,WAN Secondary - Facility A - Lumen MPLS,Newark,inbound,2188.6,1515.86,1897.1,1234.64,458.8,277275,0.682,4,2,2,30.4,22.1,19.8,1.0,1.8,24.9,21.9,Real-Time
2024-12-11 21:00:00,WAN-NWK-01,WAN Primary - Facility A - AT&T MPLS,Newark,inbound,1131.49,681.4,1015.88,616.43,302.14,118271,0.307,5,2,0,29.2,33.8,20.4,3.2,1.7,11.7,11.3,Real-Time
2024-12-11 22:00:00,WAN-STM-01,WAN Primary - Facility B - AT&T MPLS,Stamford,inbound,1165.09,636.11,1015.78,516.17,361.5,128903,0.286,6,1,1,26.1,26.3,17.8,2.1,2.4,25.3,11.7,Standard
2024-12-11 23:00:00,WAN-STM-02,WAN Secondary - Facility B - Lumen MPLS,Stamford,outbound,2095.21,1167.19,1824.35,1050.09,471.39,288551,0.525,11,3,2,37.8,34.1,23.9,1.5,1.3,1.4,21.0,Bulk-Transfer
2024-12-12 00:00:00,WAN-NWK-01,WAN Primary - Facility A - AT&T MPLS,Newark,inbound,792.34,566.92,717.96,566.51,193.2,116590,0.255,2,1,0,38.0,28.6,18.6,4.4,2.4,8.0,7.9,Bulk-Transfer
2024-12-12 00:00:00,IX-NWK-STM-01,Inter-Facility Dark Fiber Newark-Stamford,Inter-DC,inbound,693.49,487.35,651.44,421.26,284.13,80663,0.219,1,1,0,35.0,31.7,15.3,3.2,1.4,13.4,6.9,Business-Critical
2024-12-12 02:00:00,WAN-STM-01,WAN Primary - Facility B - AT&T MPLS,Stamford,outbound,1027.04,638.8,965.1,546.57,305.42,102498,0.287,5,1,1,35.2,21.3,21.6,1.9,2.0,18.0,10.3,Real-Time
2024-12-12 02:00:00,IX-NWK-STM-01,Inter-Facility Dark Fiber Newark-Stamford,Inter-DC,outbound,1383.7,844.82,1142.78,717.8,470.52,144655,0.38,1,4,1,26.8,21.9,20.4,2.8,1.9,26.2,13.8,Bulk-Transfer
2024-12-12 03:00:00,WAN-STM-02,WAN Secondary - Facility B - Lumen MPLS,Stamford,outbound,993.87,598.26,869.71,551.61,185.06,123772,0.269,6,3,1,35.2,24.6,20.4,3.6,2.5,13.7,9.9,Standard
2024-12-12 05:00:00,WAN-NWK-01,WAN Primary - Facility A - AT&T MPLS,Newark,outbound,1079.91,638.79,889.73,585.44,262.55,154626,0.287,1,0,0,35.8,27.7,18.7,2.8,1.5,13.5,10.8,Real-Time
2024-12-12 07:00:00,WAN-NWK-01,WAN Primary - Facility A - AT&T MPLS,Newark,outbound,5716.46,3495.82,4855.81,3056.51,1402.23,598067,1.573,28,3,2,26.8,26.6,18.8,1.3,2.4,24.1,57.2,Business-Critical
2024-12-12 10:00:00,WAN-NWK-01,WAN Primary - Facility A - AT&T MPLS,Newark,outbound,9500.0,4965.75,7931.94,4411.79,1928.15,1405398,2.235,17,7,9,34.2,27.3,21.6,4.4,1.7,10.8,95.0,Business-Critical
2024-12-12 13:00:00,WAN-STM-02,WAN Secondary - Facility B - Lumen MPLS,Stamford,outbound,9500.0,6040.2,8128.25,5833.23,2488.47,1045706,2.718,4,26,6,35.9,30.3,23.0,4.9,2.4,3.5,95.0,Real-Time
2024-12-12 14:00:00,WAN-NWK-01,WAN Primary - Facility A - AT&T MPLS,Newark,inbound,6597.15,4464.19,6173.98,3951.9,2280.29,581931,2.009,22,15,5,25.4,26.3,16.0,2.5,2.7,27.1,66.0,Business-Critical
2024-12-12 15:00:00,WAN-NWK-01,WAN Primary - Facility A - AT&T MPLS,Newark,inbound,6349.86,4038.78,5226.23,3453.78,1744.87,529394,1.817,13,9,2,34.0,20.9,18.5,4.2,1.1,21.3,63.5,Real-Time
2024-12-12 16:00:00,WAN-NWK-01,WAN Primary - Facility A - AT&T MPLS,Newark,inbound,3141.81,1738.57,2706.89,1627.8,895.73,283719,0.782,3,4,2,27.2,31.1,20.7,4.2,2.0,14.8,31.4,Bulk-Transfer
2024-12-12 16:00:00,IX-NWK-STM-01,Inter-Facility Dark Fiber Newark-Stamford,Inter-DC,inbound,2892.82,1866.6,2720.64,1551.03,654.63,233860,0.84,10,3,1,36.6,32.5,21.8,4.2,1.3,3.6,28.9,Bulk-Transfer
2024-12-12 18:00:00,WAN-STM-02,WAN Secondary - Facility B - Lumen MPLS,Stamford,outbound,3063.58,1749.72,2764.29,1744.61,980.15,322450,0.787,9,6,2,34.6,20.9,20.0,4.1,2.8,17.6,30.6,Real-Time
2024-12-12 19:00:00,WAN-STM-02,WAN Secondary - Facility B - Lumen MPLS,Stamford,inbound,1723.03,928.13,1507.25,927.01,430.46,247296,0.418,5,4,0,32.4,24.0,15.3,2.6,3.0,22.7,17.2,Bulk-Transfer
2024-12-12 20:00:00,WAN-NWK-01,WAN Primary - Facility A - AT&T MPLS,Newark,inbound,1194.76,832.22,1116.49,762.14,292.27,131704,0.374,0,1,1,34.4,31.5,16.1,2.0,2.4,13.6,11.9,Business-Critical
2024-12-12 20:00:00,WAN-STM-02,WAN Secondary - Facility B - Lumen MPLS,Stamford,outbound,1845.99,1324.79,1592.06,1167.27,525.07,251798,0.596,1,4,0,35.3,24.6,15.2,2.8,2.0,20.1,18.5,Business-Critical
2024-12-12 20:00:00,IX-NWK-STM-01,Inter-Facility Dark Fiber Newark-Stamford,Inter-DC,inbound,1101.38,699.88,975.73,613.75,355.93,94729,0.315,3,0,1,37.2,29.4,20.8,2.9,1.0,8.7,11.0,Standard
2024-12-12 22:00:00,WAN-NWK-02,WAN Secondary - Facility A - Lumen MPLS,Newark,outbound,2119.72,1448.87,1845.31,1319.21,462.71,255045,0.652,6,7,0,39.9,24.2,24.8,4.4,2.1,4.6,21.2,Real-Time
2024-12-13 00:00:00,WAN-STM-01,WAN Primary - Facility B - AT&T MPLS,Stamford,inbound,789.95,516.63,742.5,468.9,251.79,101225,0.232,2,1,0,30.7,28.8,19.0,2.1,1.2,18.2,7.9,Bulk-Transfer
2024-12-13 00:00:00,IX-NWK-STM-01,Inter-Facility Dark Fiber Newark-Stamford,Inter-DC,inbound,873.55,617.0,759.67,494.5,268.18,80177,0.278,4,0,0,29.7,27.8,21.0,3.8,2.4,15.3,8.7,Real-Time
2024-12-13 02:00:00,WAN-NWK-01,WAN Primary - Facility A - AT&T MPLS,Newark,outbound,1340.64,789.06,1223.95,760.42,266.4,199729,0.355,6,5,0,32.4,34.8,15.8,4.0,2.6,10.4,13.4,Standard
2024-12-13 02:00:00,IX-NWK-STM-01,Inter-Facility Dark Fiber Newark-Stamford,Inter-DC,inbound,868.52,556.26,799.45,468.1,171.8,110946,0.25,0,2,1,33.2,28.0,16.9,4.5,2.9,14.5,8.7,Real-Time
2024-12-13 04:00:00,WAN-NWK-01,WAN Primary - Facility A - AT&T MPLS,Newark,inbound,908.47,591.47,798.81,560.1,313.61,89938,0.266,3,2,1,33.1,25.6,22.6,2.8,1.0,14.9,9.1,Business-Critical
2024-12-13 05:00:00,WAN-NWK-01,WAN Primary - Facility A - AT&T MPLS,Newark,inbound,934.12,527.05,866.72,461.05,219.47,133612,0.237,0,1,0,39.6,29.8,21.6,4.0,1.1,3.9,9.3,Standard
2024-12-13 07:00:00,WAN-NWK-01,WAN Primary - Facility A - AT&T MPLS,Newark,inbound,3883.13,2629.64,3515.14,2433.52,829.22,516080,1.183,6,0,3,26.1,34.8,20.4,4.6,1.8,12.3,38.8,Business-Critical
2024-12-13 07:00:00,WAN-NWK-01,WAN Primary - Facility A - AT&T MPLS,Newark,outbound,6138.64,3443.86,5598.37,3077.0,2009.25,659358,1.55,7,11,2,26.0,32.8,22.0,4.9,3.0,11.3,61.4,Real-Time
2024-12-13 09:00:00,WAN-NWK-01,WAN Primary - Facility A - AT&T MPLS,Newark,inbound,7764.18,5153.55,6448.36,4128.83,1712.95,998069,2.319,28,22,7,29.4,32.3,18.8,4.3,2.1,13.1,77.6,Real-Time
2024-12-13 09:00:00,WAN-NWK-02,WAN Secondary - Facility A - Lumen MPLS,Newark,inbound,7290.78,4544.75,6530.35,4286.0,1933.22,782791,2.045,5,22,7,37.1,25.7,24.7,2.3,2.3,7.9,72.9,Standard
2024-12-13 09:00:00,WAN-STM-02,WAN Secondary - Facility B - Lumen MPLS,Stamford,inbound,5849.47,3903.44,5378.24,3894.9,1554.88,761461,1.757,12,5,5,35.4,20.8,22.5,2.2,1.6,17.5,58.5,Bulk-Transfer
2024-12-13 10:00:00,WAN-NWK-02,WAN Secondary - Facility A - Lumen MPLS,Newark,inbound,6603.41,4658.84,6215.55,4475.06,2650.76,549285,2.096,12,2,0,39.9,29.2,15.0,2.5,2.1,11.3,66.0,Business-Critical
2024-12-13 10:00:00,WAN-STM-01,WAN Primary - Facility B - AT&T MPLS,Stamford,inbound,7257.94,4513.16,6508.26,3667.67,2396.67,863390,2.031,13,19,7,29.5,31.9,20.8,1.2,2.7,13.9,72.6,Standard
2024-12-13 10:00:00,WAN-STM-01,WAN Primary - Facility B - AT&T MPLS,Stamford,outbound,9500.0,6762.11,8809.63,6546.95,3869.5,762193,3.043,8,12,6,25.0,30.1,15.1,2.0,2.8,25.0,95.0,Standard
2024-12-13 14:00:00,WAN-NWK-02,WAN Secondary - Facility A - Lumen MPLS,Newark,outbound,8283.87,5570.03,7862.53,4962.23,1969.14,988554,2.507,42,7,6,30.8,32.4,18.9,1.7,1.2,15.0,82.8,Business-Critical
2024-12-13 14:00:00,IX-NWK-STM-01,Inter-Facility Dark Fiber Newark-Stamford,Inter-DC,outbound,9120.12,4910.66,7617.99,4547.61,1634.6,1303064,2.21,39,39,8,28.2,27.4,17.6,1.1,1.3,24.4,91.2,Real-Time
2024-12-13 16:00:00,WAN-STM-02,WAN Secondary - Facility B - Lumen MPLS,Stamford,inbound,3335.05,2045.25,2995.27,2041.37,992.74,452616,0.92,22,8,3,32.7,34.2,15.8,1.2,2.4,13.7,33.4,Business-Critical
2024-12-13 17:00:00,WAN-STM-01,WAN Primary - Facility B - AT&T MPLS,Stamford,outbound,3979.19,2352.56,3683.52,2245.05,1386.21,368706,1.059,7,10,3,32.2,25.8,19.5,4.0,1.7,16.8,39.8,Standard
2024-12-13 21:00:00,WAN-NWK-02,WAN Secondary - Facility A - Lumen MPLS,Newark,inbound,1228.87,705.75,1023.83,586.53,415.18,163956,0.318,8,3,0,25.9,32.6,21.1,3.6,1.2,15.6,12.3,Business-Critical
2024-12-13 22:00:00,WAN-NWK-01,WAN Primary - Facility A - AT&T MPLS,Newark,outbound,1978.16,1287.29,1684.83,1097.47,398.84,244813,0.579,7,1,0,26.6,25.4,22.6,2.5,2.4,20.5,19.8,Business-Critical
2024-12-13 22:00:00,WAN-STM-01,WAN Primary - Facility B - AT&T MPLS,Stamford,outbound,2029.42,1335.76,1871.56,1233.75,553.13,186204,0.601,7,5,1,27.9,28.5,20.1,4.8,1.9,16.8,20.3,Real-Time
2024-12-14 00:00:00,WAN-STM-02,WAN Secondary - Facility B - Lumen MPLS,Stamford,outbound,2183.15,1338.47,1885.38,1142.99,721.03,297197,0.602,6,3,2,27.8,24.2,21.8,2.6,1.5,22.1,21.8,Real-Time
2024-12-14 05:00:00,WAN-NWK-02,WAN Secondary - Facility A - Lumen MPLS,Newark,inbound,1712.96,1200.06,1589.23,1067.03,582.11,143609,0.54,5,2,1,26.9,27.2,16.9,3.5,1.5,24.0,17.1,Bulk-Transfer
2024-12-14 07:00:00,WAN-STM-02,WAN Secondary - Facility B - Lumen MPLS,Stamford,outbound,2298.22,1541.55,2051.94,1307.36,917.92,234235,0.694,10,3,1,32.5,29.9,20.7,3.5,2.2,11.2,23.0,Real-Time
2024-12-14 08:00:00,WAN-NWK-02,WAN Secondary - Facility A - Lumen MPLS,Newark,outbound,2595.6,1647.56,2282.93,1593.16,869.48,385956,0.741,14,9,3,34.9,20.4,23.6,2.6,2.8,15.7,26.0,Bulk-Transfer
2024-12-14 08:00:00,WAN-STM-02,WAN Secondary - Facility B - Lumen MPLS,Stamford,inbound,1993.44,1375.84,1801.77,1237.52,464.11,160978,0.619,3,2,0,34.9,20.4,21.2,4.5,1.7,17.3,19.9,Bulk-Transfer
2024-12-14 08:00:00,IX-NWK-STM-01,Inter-Facility Dark Fiber Newark-Stamford,Inter-DC,inbound,1808.12,970.97,1654.81,919.6,550.71,211572,0.437,0,0,2,32.7,29.4,21.6,4.4,2.4,9.5,18.1,Real-Time
2024-12-14 09:00:00,WAN-NWK-01,WAN Primary - Facility A - AT&T MPLS,Newark,inbound,1526.07,947.15,1404.51,836.57,353.95,176554,0.426,0,4,0,27.9,34.2,16.7,1.2,2.0,18.0,15.3,Business-Critical
2024-12-14 11:00:00,WAN-NWK-02,WAN Secondary - Facility A - Lumen MPLS,Newark,outbound,2131.02,1438.11,1875.85,1296.23,585.38,234062,0.647,5,0,0,38.2,20.7,18.7,2.2,1.0,19.2,21.3,Business-Critical
2024-12-14 12:00:00,WAN-NWK-02,WAN Secondary - Facility A - Lumen MPLS,Newark,outbound,2216.62,1193.39,2040.15,1107.27,697.54,226663,0.537,2,2,0,26.4,20.3,22.4,1.9,2.3,26.7,22.2,Real-Time
2024-12-14 13:00:00,WAN-NWK-02,WAN Secondary - Facility A - Lumen MPLS,Newark,outbound,2927.23,1991.67,2702.73,1771.56,961.75,334651,0.896,13,0,0,25.6,34.5,21.4,4.6,2.6,11.3,29.3,Bulk-Transfer
2024-12-14 13:00:00,WAN-STM-02,WAN Secondary - Facility B - Lumen MPLS,Stamford,inbound,1495.35,1000.45,1249.89,993.74,323.14,215349,0.45,8,0,2,30.7,22.9,17.7,3.4,1.0,24.3,15.0,Bulk-Transfer
2024-12-14 16:00:00,WAN-NWK-02,WAN Secondary - Facility A - Lumen MPLS,Newark,inbound,1847.24,1233.31,1741.03,1133.37,688.43,171481,0.555,5,3,0,31.8,32.3,21.7,1.9,1.4,10.9,18.5,Standard
2024-12-14 18:00:00,WAN-STM-01,WAN Primary - Facility B - AT&T MPLS,Stamford,outbound,2534.96,1376.43,2357.91,1336.52,614.62,311889,0.619,5,1,1,38.4,33.6,20.1,4.8,2.9,0.2,25.3,Standard
2024-12-14 21:00:00,WAN-NWK-01,WAN Primary - Facility A - AT&T MPLS,Newark,outbound,2501.09,1313.39,2273.63,1174.28,540.65,373113,0.591,15,8,2,36.8,24.3,19.8,3.8,1.8,13.5,25.0,Standard
2024-12-14 21:00:00,WAN-NWK-02,WAN Secondary - Facility A - Lumen MPLS,Newark,inbound,1570.05,998.55,1340.64,989.22,385.8,127589,0.449,4,0,0,26.9,22.6,24.8,2.5,1.5,21.7,15.7,Business-Critical
2024-12-14 21:00:00,WAN-STM-01,WAN Primary - Facility B - AT&T MPLS,Stamford,outbound,2180.04,1271.45,2006.57,1199.25,639.66,239804,0.572,1,7,2,33.8,29.0,23.4,3.5,2.2,8.1,21.8,Business-Critical
2024-12-14 21:00:00,WAN-STM-02,WAN Secondary - Facility B - Lumen MPLS,Stamford,inbound,1911.19,1228.06,1617.63,1106.6,635.32,223396,0.553,6,4,2,28.2,30.8,19.0,3.3,2.1,16.6,19.1,Standard
2024-12-14 22:00:00,WAN-NWK-01,WAN Primary - Facility A - AT&T MPLS,Newark,inbound,1718.2,1044.79,1574.44,928.67,555.98,240094,0.47,7,3,2,34.0,21.1,25.0,4.9,1.1,13.9,17.2,Bulk-Transfer
2024-12-14 22:00:00,WAN-STM-02,WAN Secondary - Facility B - Lumen MPLS,Stamford,outbound,2460.87,1353.23,2063.15,1198.77,759.27,262133,0.609,10,1,1,39.0,23.6,15.3,1.6,1.0,19.5,24.6,Bulk-Transfer
2024-12-14 23:00:00,WAN-NWK-01,WAN Primary - Facility A - AT&T MPLS,Newark,inbound,1688.6,1168.06,1583.29,1094.26,683.64,178344,0.526,5,4,0,38.0,33.4,16.6,1.6,1.5,8.9,16.9,Standard
2024-12-14 23:00:00,WAN-NWK-01,WAN Primary - Facility A - AT&T MPLS,Newark,outbound,2370.33,1439.33,1999.98,1203.71,473.21,312918,0.648,9,4,0,27.8,32.0,20.7,2.5,1.2,15.8,23.7,Bulk-Transfer
2024-12-14 23:00:00,WAN-NWK-02,WAN Secondary - Facility A - Lumen MPLS,Newark,outbound,2061.72,1249.97,1909.65,1102.77,416.98,278268,0.562,12,2,2,37.8,24.4,22.0,3.0,1.2,11.6,20.6,Bulk-Transfer
2024-12-15 00:00:00,WAN-NWK-02,WAN Secondary - Facility A - Lumen MPLS,Newark,outbound,2167.69,1408.15,1992.22,1164.16,627.31,202571,0.634,10,4,0,36.7,34.2,22.9,1.0,2.8,2.4,21.7,Business-Critical
2024-12-15 00:00:00,WAN-STM-02,WAN Secondary - Facility B - Lumen MPLS,Stamford,outbound,2553.84,1353.19,2253.8,1250.61,775.71,347359,0.609,3,4,0,30.2,31.4,21.3,4.1,1.2,11.8,25.5,Standard
2024-12-15 01:00:00,WAN-STM-01,WAN Primary - Facility B - AT&T MPLS,Stamford,outbound,2186.33,1411.7,1822.45,1266.89,596.02,242136,0.635,9,0,1,26.9,33.5,22.4,2.1,1.7,13.4,21.9,Real-Time
2024-12-15 01:00:00,WAN-STM-02,WAN Secondary - Facility B - Lumen MPLS,Stamford,outbound,2110.01,1276.94,1942.32,1192.88,401.45,291686,0.575,10,6,1,34.1,21.8,18.1,1.8,1.5,22.7,21.1,Standard
2024-12-15 03:00:00,WAN-NWK-02,WAN Secondary - Facility A - Lumen MPLS,Newark,inbound,1659.56,932.74,1528.47,892.66,329.79,167766,0.42,8,1,1,29.3,31.6,18.3,4.1,1.6,15.1,16.6,Business-Critical
2024-12-15 03:00:00,WAN-STM-01,WAN Primary - Facility B - AT&T MPLS,Stamford,outbound,2924.91,1670.57,2437.21,1456.04,891.84,319006,0.752,3,0,0,35.0,21.2,23.0,4.3,1.3,15.2,29.2,Real-Time
2024-12-15 04:00:00,IX-NWK-STM-01,Inter-Facility Dark Fiber Newark-Stamford,Inter-DC,outbound,2090.84,1145.34,1977.85,917.39,558.21,242228,0.515,8,0,2,29.1,29.8,23.7,3.9,2.5,11.0,20.9,Real-Time
2024-12-15 05:00:00,WAN-STM-01,WAN Primary - Facility B - AT&T MPLS,Stamford,outbound,2372.15,1667.07,2201.44,1562.48,811.57,202193,0.75,5,5,0,28.5,26.6,16.4,4.4,2.8,21.3,23.7,Business-Critical
2024-12-15 06:00:00,WAN-NWK-01,WAN Primary - Facility A - AT&T MPLS,Newark,inbound,1627.86,1133.53,1484.21,981.34,594.05,164582,0.51,2,1,0,28.2,33.2,21.9,4.3,2.0,10.4,16.3,Standard
2024-12-15 08:00:00,WAN-STM-02,WAN Secondary - Facility B - Lumen MPLS,Stamford,outbound,2804.73,1555.33,2529.24,1510.46,854.35,283452,0.7,3,0,1,36.4,24.6,20.7,3.1,2.2,13.0,28.0,Business-Critical
2024-12-15 09:00:00,WAN-STM-02,WAN Secondary - Facility B - Lumen MPLS,Stamford,outbound,2618.03,1784.62,2420.42,1743.28,633.05,341654,0.803,10,2,2,31.9,21.2,15.3,3.8,2.7,25.1,26.2,Business-Critical
2024-12-15 12:00:00,WAN-NWK-01,WAN Primary - Facility A - AT&T MPLS,Newark,inbound,1787.67,1100.65,1578.65,946.68,640.83,240314,0.495,9,7,2,35.8,34.3,25.0,1.8,2.0,1.1,17.9,Bulk-Transfer
2024-12-15 14:00:00,WAN-STM-01,WAN Primary - Facility B - AT&T MPLS,Stamford,outbound,2556.88,1536.53,2306.25,1311.3,804.43,382642,0.691,7,5,3,27.2,28.7,22.9,1.7,2.8,16.7,25.6,Real-Time
2024-12-15 14:00:00,WAN-STM-02,WAN Secondary - Facility B - Lumen MPLS,Stamford,inbound,1991.08,1428.73,1754.75,1339.14,840.32,164873,0.643,2,1,0,39.8,25.4,16.3,1.7,2.1,14.7,19.9,Business-Critical
2024-12-15 14:00:00,IX-NWK-STM-01,Inter-Facility Dark Fiber Newark-Stamford,Inter-DC,outbound,2465.84,1494.11,2034.41,1334.19,860.47,218173,0.672,0,1,1,25.8,30.3,24.0,2.4,1.8,15.7,24.7,Business-Critical
2024-12-15 15:00:00,WAN-STM-01,WAN Primary - Facility B - AT&T MPLS,Stamford,outbound,2526.7,1506.53,2283.47,1286.01,726.93,244360,0.678,3,3,1,32.6,28.7,17.9,1.5,2.9,16.4,25.3,Bulk-Transfer
2024-12-15 15:00:00,WAN-STM-02,WAN Secondary - Facility B - Lumen MPLS,Stamford,inbound,2042.19,1427.64,1697.48,1233.49,727.8,253915,0.642,10,0,2,25.3,27.2,20.0,2.4,1.7,23.4,20.4,Business-Critical
2024-12-15 16:00:00,WAN-STM-01,WAN Primary - Facility B - AT&T MPLS,Stamford,outbound,2647.48,1751.55,2438.39,1530.24,854.61,388593,0.788,8,11,2,34.3,30.8,23.6,3.0,1.7,6.6,26.5,Business-Critical
2024-12-15 20:00:00,IX-NWK-STM-01,Inter-Facility Dark Fiber Newark-Stamford,Inter-DC,inbound,1918.4,1072.59,1659.26,913.68,503.55,181884,0.483,2,3,0,33.8,34.4,15.1,2.3,1.0,13.4,19.2,Business-Critical
2024-12-15 21:00:00,WAN-NWK-01,WAN Primary - Facility A - AT&T MPLS,Newark,inbound,1932.62,1094.65,1795.98,941.32,509.32,270368,0.493,7,7,2,25.5,23.5,22.7,1.4,1.2,25.7,19.3,Standard
2024-12-15 22:00:00,IX-NWK-STM-01,Inter-Facility Dark Fiber Newark-Stamford,Inter-DC,outbound,2426.76,1690.33,2258.51,1536.69,735.22,279564,0.761,4,4,0,28.9,27.0,22.8,4.2,1.0,16.1,24.3,Standard
2024-12-15 23:00:00,IX-NWK-STM-01,Inter-Facility Dark Fiber Newark-Stamford,Inter-DC,outbound,2248.07,1219.89,1866.07,1074.38,621.07,214453,0.549,6,1,2,33.3,26.9,16.9,1.4,2.0,19.5,22.5,Business-Critical
2024-12-16 00:00:00,WAN-NWK-02,WAN Secondary - Facility A - Lumen MPLS,Newark,inbound,790.47,452.6,731.68,423.02,257.67,115689,0.204,2,0,0,26.6,28.2,24.6,3.8,1.6,15.2,7.9,Real-Time
2024-12-16 03:00:00,WAN-STM-01,WAN Primary - Facility B - AT&T MPLS,Stamford,outbound,1321.26,869.81,1243.25,749.75,463.04,160858,0.391,4,0,1,34.8,32.2,16.9,4.8,2.0,9.3,13.2,Business-Critical
2024-12-16 03:00:00,WAN-STM-02,WAN Secondary - Facility B - Lumen MPLS,Stamford,inbound,830.1,588.48,721.7,567.46,257.17,72362,0.265,2,0,1,29.2,26.1,18.8,4.9,2.1,18.9,8.3,Bulk-Transfer
2024-12-16 04:00:00,WAN-STM-02,WAN Secondary - Facility B - Lumen MPLS,Stamford,inbound,933.03,570.6,771.78,489.16,227.03,97254,0.257,3,2,0,31.0,29.6,23.4,2.7,2.8,10.5,9.3,Business-Critical
2024-12-16 04:00:00,IX-NWK-STM-01,Inter-Facility Dark Fiber Newark-Stamford,Inter-DC,inbound,879.77,493.12,791.14,409.21,288.86,77830,0.222,0,1,0,28.1,34.3,23.2,4.3,2.5,7.6,8.8,Business-Critical
2024-12-16 07:00:00,WAN-NWK-02,WAN Secondary - Facility A - Lumen MPLS,Newark,inbound,3562.54,1866.37,3033.09,1801.78,561.04,514345,0.84,17,2,0,36.7,20.4,19.8,3.8,2.1,17.2,35.6,Real-Time
2024-12-16 07:00:00,WAN-STM-02,WAN Secondary - Facility B - Lumen MPLS,Stamford,inbound,3210.04,1672.91,2954.33,1378.68,738.95,393709,0.753,17,2,1,31.8,21.3,20.6,2.3,2.4,21.6,32.1,Business-Critical
2024-12-16 08:00:00,WAN-NWK-02,WAN Secondary - Facility A - Lumen MPLS,Newark,outbound,6717.3,4553.46,5801.58,4468.41,1724.45,712871,2.049,25,17,4,36.3,25.2,23.1,3.3,1.4,10.7,67.2,Standard
2024-12-16 08:00:00,IX-NWK-STM-01,Inter-Facility Dark Fiber Newark-Stamford,Inter-DC,inbound,4896.62,3003.34,4101.94,2773.45,1553.32,562951,1.352,8,0,1,31.0,24.3,21.7,2.4,1.5,19.1,49.0,Business-Critical
2024-12-16 11:00:00,WAN-NWK-01,WAN Primary - Facility A - AT&T MPLS,Newark,inbound,8350.47,5383.64,7162.16,4582.75,2710.08,1011396,2.423,6,8,5,27.2,33.9,15.0,1.2,2.5,20.2,83.5,Bulk-Transfer
2024-12-16 11:00:00,IX-NWK-STM-01,Inter-Facility Dark Fiber Newark-Stamford,Inter-DC,outbound,8887.92,4731.39,7963.81,3884.59,1481.33,1272102,2.129,2,17,12,29.1,23.3,18.6,1.2,2.1,25.7,88.9,Business-Critical
2024-12-16 14:00:00,WAN-NWK-02,WAN Secondary - Facility A - Lumen MPLS,Newark,inbound,5992.54,4192.17,5575.05,4081.71,1535.78,490420,1.886,5,7,3,28.9,25.9,20.8,1.8,2.0,20.6,59.9,Bulk-Transfer
2024-12-16 20:00:00,WAN-STM-01,WAN Primary - Facility B - AT&T MPLS,Stamford,outbound,1923.53,1198.94,1650.49,1012.02,601.76,275943,0.54,3,1,1,34.5,20.2,21.1,1.9,1.0,21.3,19.2,Real-Time
2024-12-16 21:00:00,WAN-STM-01,WAN Primary - Facility B - AT&T MPLS,Stamford,outbound,2060.09,1118.45,1924.55,973.84,663.71,260582,0.503,8,0,2,31.8,23.8,16.4,4.0,2.3,21.7,20.6,Business-Critical
2024-12-16 22:00:00,WAN-STM-01,WAN Primary - Facility B - AT&T MPLS,Stamford,inbound,1300.69,887.42,1117.04,796.29,462.45,106251,0.399,2,2,0,38.4,34.6,19.4,4.1,2.2,1.3,13.0,Bulk-Transfer
2024-12-16 23:00:00,WAN-NWK-01,WAN Primary - Facility A - AT&T MPLS,Newark,inbound,1291.53,811.0,1207.11,686.48,439.55,141914,0.365,7,3,1,28.5,25.6,17.3,2.5,2.0,24.1,12.9,Bulk-Transfer
2024-12-17 05:00:00,WAN-STM-01,WAN Primary - Facility B - AT&T MPLS,Stamford,inbound,808.33,480.63,745.03,399.16,212.71,114162,0.216,5,3,1,33.3,33.7,20.5,2.1,2.6,7.8,8.1,Bulk-Transfer
2024-12-17 05:00:00,IX-NWK-STM-01,Inter-Facility Dark Fiber Newark-Stamford,Inter-DC,outbound,1317.6,906.02,1099.87,870.4,357.72,193085,0.408,4,2,0,31.2,22.3,15.3,1.4,1.8,28.0,13.2,Business-Critical
2024-12-17 06:00:00,IX-NWK-STM-01,Inter-Facility Dark Fiber Newark-Stamford,Inter-DC,inbound,2456.56,1758.81,2141.24,1535.37,849.09,196913,0.791,1,3,1,30.4,32.2,16.0,1.9,2.6,16.9,24.6,Business-Critical
2024-12-17 07:00:00,WAN-STM-01,WAN Primary - Facility B - AT&T MPLS,Stamford,outbound,4513.01,2853.43,4044.3,2723.22,993.06,432837,1.284,2,12,4,31.6,25.9,23.7,3.0,1.4,14.4,45.1,Standard
2024-12-17 08:00:00,WAN-NWK-02,WAN Secondary - Facility A - Lumen MPLS,Newark,inbound,5327.34,3524.99,4884.99,3491.95,1708.2,708227,1.586,4,2,7,27.2,21.3,24.9,2.9,1.4,22.3,53.3,Bulk-Transfer
2024-12-17 08:00:00,WAN-NWK-02,WAN Secondary - Facility A - Lumen MPLS,Newark,outbound,7672.48,4577.27,6383.55,4496.02,2025.5,1052759,2.06,3,9,2,36.0,21.2,22.9,2.7,1.2,16.0,76.7,Business-Critical
2024-12-17 09:00:00,WAN-STM-01,WAN Primary - Facility B - AT&T MPLS,Stamford,outbound,8479.82,5517.35,7815.26,5471.16,3090.15,852537,2.483,20,5,4,37.9,32.6,24.2,1.5,1.4,2.4,84.8,Bulk-Transfer
2024-12-17 12:00:00,WAN-NWK-01,WAN Primary - Facility A - AT&T MPLS,Newark,inbound,8456.5,5266.72,7864.75,4592.4,2755.68,1191127,2.37,23,10,5,33.0,33.0,23.1,2.3,2.5,6.1,84.6,Standard
2024-12-17 17:00:00,WAN-STM-02,WAN Secondary - Facility B - Lumen MPLS,Stamford,outbound,3368.24,1983.24,2952.68,1797.26,827.35,304370,0.892,12,1,3,27.6,24.2,25.0,2.8,2.6,17.8,33.7,Bulk-Transfer
2024-12-17 18:00:00,WAN-NWK-01,WAN Primary - Facility A - AT&T MPLS,Newark,outbound,3678.11,2017.79,3250.09,1782.15,1149.95,465587,0.908,18,2,1,37.5,24.7,19.5,4.3,1.2,12.8,36.8,Standard
2024-12-17 18:00:00,WAN-STM-01,WAN Primary - Facility B - AT&T MPLS,Stamford,inbound,2482.48,1587.6,2137.43,1398.6,645.83,247310,0.714,10,6,1,30.7,34.0,23.0,4.9,2.4,5.0,24.8,Business-Critical
2024-12-17 18:00:00,WAN-STM-02,WAN Secondary - Facility B - Lumen MPLS,Stamford,outbound,3812.05,2237.18,3374.76,2131.76,1313.19,356171,1.007,11,1,2,31.0,20.9,21.0,1.3,2.8,23.0,38.1,Bulk-Transfer
2024-12-17 19:00:00,WAN-NWK-02,WAN Secondary - Facility A - Lumen MPLS,Newark,outbound,2850.0,1674.62,2452.43,1627.46,776.4,402504,0.754,3,4,3,33.3,34.3,18.8,1.5,1.5,10.6,28.5,Real-Time
2024-12-17 20:00:00,WAN-NWK-01,WAN Primary - Facility A - AT&T MPLS,Newark,outbound,1737.68,970.94,1631.09,818.25,466.59,188204,0.437,2,5,1,28.7,28.2,19.6,2.2,1.0,20.3,17.4,Real-Time
2024-12-17 20:00:00,WAN-STM-02,WAN Secondary - Facility B - Lumen MPLS,Stamford,inbound,1451.59,971.12,1320.03,868.33,394.72,142182,0.437,5,3,0,37.9,30.0,21.5,4.4,2.1,4.1,14.5,Bulk-Transfer
2024-12-17 21:00:00,WAN-STM-01,WAN Primary - Facility B - AT&T MPLS,Stamford,inbound,1070.83,726.79,1016.69,680.58,312.35,99310,0.327,2,1,0,29.0,25.5,20.1,2.9,1.5,21.0,10.7,Standard
2024-12-17 21:00:00,IX-NWK-STM-01,Inter-Facility Dark Fiber Newark-Stamford,Inter-DC,outbound,2029.17,1106.41,1894.9,1037.97,542.8,281336,0.498,4,8,2,30.6,27.5,23.2,1.2,2.3,15.2,20.3,Business-Critical
2024-12-17 22:00:00,WAN-STM-02,WAN Secondary - Facility B - Lumen MPLS,Stamford,inbound,1099.83,738.12,1025.77,629.3,396.84,92203,0.332,4,2,1,25.4,32.0,19.8,1.3,2.5,19.0,11.0,Business-Critical
2024-12-17 22:00:00,IX-NWK-STM-01,Inter-Facility Dark Fiber Newark-Stamford,Inter-DC,inbound,1194.14,641.99,1014.76,584.43,245.66,164719,0.289,1,2,1,25.6,29.3,17.7,4.6,3.0,19.8,11.9,Business-Critical
2024-12-17 23:00:00,WAN-NWK-01,WAN Primary - Facility A - AT&T MPLS,Newark,outbound,1986.53,1250.0,1734.29,1178.96,528.47,285061,0.562,9,4,1,36.3,27.7,23.5,2.8,2.9,6.8,19.9,Business-Critical
2024-12-18 00:00:00,WAN-STM-02,WAN Secondary - Facility B - Lumen MPLS,Stamford,inbound,743.2,443.61,696.08,401.24,235.33,68888,0.2,1,1,0,32.9,33.0,21.5,2.1,1.8,8.7,7.4,Standard
2024-12-18 01:00:00,IX-NWK-STM-01,Inter-Facility Dark Fiber Newark-Stamford,Inter-DC,outbound,1231.4,823.39,1146.96,789.29,269.63,151297,0.371,2,4,1,29.9,35.0,24.9,4.1,1.6,4.5,12.3,Real-Time
2024-12-18 02:00:00,WAN-STM-01,WAN Primary - Facility B - AT&T MPLS,Stamford,outbound,1139.96,755.59,954.79,661.06,292.49,160296,0.34,4,1,0,32.6,35.0,24.2,2.0,2.8,3.4,11.4,Bulk-Transfer
2024-12-18 04:00:00,WAN-NWK-01,WAN Primary - Facility A - AT&T MPLS,Newark,inbound,869.76,570.43,785.04,560.32,270.55,98587,0.257,1,2,0,28.3,25.3,21.2,4.4,1.1,19.7,8.7,Bulk-Transfer
2024-12-18 05:00:00,WAN-STM-01,WAN Primary - Facility B - AT&T MPLS,Stamford,inbound,904.89,573.16,828.59,565.79,334.82,112227,0.258,0,3,0,39.2,30.5,20.2,4.5,1.2,4.4,9.0,Business-Critical
2024-12-18 07:00:00,WAN-STM-02,WAN Secondary - Facility B - Lumen MPLS,Stamford,outbound,5638.11,3882.88,4729.95,3202.48,1631.05,653603,1.747,20,7,1,29.1,35.0,17.3,3.2,2.6,12.8,56.4,Real-Time
2024-12-18 08:00:00,IX-NWK-STM-01,Inter-Facility Dark Fiber Newark-Stamford,Inter-DC,outbound,6800.54,3999.14,5923.03,3557.33,1300.8,745135,1.8,26,14,6,34.0,29.2,24.7,2.1,2.2,7.8,68.0,Bulk-Transfer
2024-12-18 09:00:00,WAN-NWK-02,WAN Secondary - Facility A - Lumen MPLS,Newark,outbound,9500.0,5532.32,8162.37,5298.22,2479.59,764135,2.49,33,21,5,37.8,33.5,18.1,4.2,1.1,5.3,95.0,Bulk-Transfer
2024-12-18 09:00:00,WAN-STM-02,WAN Secondary - Facility B - Lumen MPLS,Stamford,inbound,7439.43,4481.71,7011.91,3997.27,1925.99,778792,2.017,30,20,1,31.3,20.4,16.6,2.6,2.9,26.2,74.4,Business-Critical
2024-12-18 11:00:00,IX-NWK-STM-01,Inter-Facility Dark Fiber Newark-Stamford,Inter-DC,outbound,9500.0,5025.12,8748.54,4709.58,2193.83,1292735,2.261,33,32,9,32.7,20.1,16.2,4.0,1.9,25.1,95.0,Real-Time
2024-12-18 12:00:00,WAN-STM-01,WAN Primary - Facility B - AT&T MPLS,Stamford,inbound,8536.18,4757.01,7290.49,3907.94,2206.84,1016575,2.141,16,10,9,27.6,29.8,20.7,1.4,2.4,18.1,85.4,Standard
2024-12-18 14:00:00,WAN-NWK-02,WAN Secondary - Facility A - Lumen MPLS,Newark,outbound,9500.0,6412.93,8349.59,5457.28,2319.95,821851,2.886,6,15,1,37.6,30.3,24.5,2.4,2.9,2.3,95.0,Bulk-Transfer
2024-12-18 16:00:00,WAN-NWK-01,WAN Primary - Facility A - AT&T MPLS,Newark,inbound,3273.47,1847.95,2892.88,1703.3,700.14,277744,0.832,5,3,0,33.2,20.3,21.7,4.1,2.2,18.5,32.7,Real-Time
2024-12-18 17:00:00,WAN-NWK-02,WAN Secondary - Facility A - Lumen MPLS,Newark,outbound,3625.43,2511.41,3314.74,2362.67,779.36,523122,1.13,2,2,4,34.4,26.9,18.2,1.1,2.6,16.8,36.3,Real-Time
2024-12-18 18:00:00,WAN-NWK-01,WAN Primary - Facility A - AT&T MPLS,Newark,outbound,3829.5,2534.9,3191.68,2045.02,891.69,510441,1.141,7,0,3,28.1,30.6,18.5,3.2,2.1,17.5,38.3,Real-Time
2024-12-18 18:00:00,IX-NWK-STM-01,Inter-Facility Dark Fiber Newark-Stamford,Inter-DC,inbound,2494.29,1309.98,2368.64,1119.22,669.97,315941,0.589,0,5,0,31.2,28.5,24.4,4.6,2.6,8.7,24.9,Standard
2024-12-18 20:00:00,WAN-STM-02,WAN Secondary - Facility B - Lumen MPLS,Stamford,outbound,1915.64,1363.1,1813.95,1280.08,662.93,186446,0.613,6,4,0,37.0,33.1,23.9,1.7,2.6,1.7,19.2,Business-Critical
2024-12-18 22:00:00,WAN-NWK-01,WAN Primary - Facility A - AT&T MPLS,Newark,inbound,1159.29,754.17,957.44,721.4,283.27,153910,0.339,6,1,1,28.2,34.4,21.6,2.5,2.9,10.4,11.6,Business-Critical
2024-12-18 22:00:00,IX-NWK-STM-01,Inter-Facility Dark Fiber Newark-Stamford,Inter-DC,inbound,1182.84,642.01,1102.17,567.55,259.31,126192,0.289,5,3,1,38.7,32.6,15.3,2.9,2.6,7.9,11.8,Bulk-Transfer
2024-12-18 23:00:00,WAN-STM-02,WAN Secondary - Facility B - Lumen MPLS,Stamford,inbound,1333.2,793.85,1146.79,743.46,264.56,113552,0.357,0,3,1,37.4,31.6,23.2,4.7,2.6,0.5,13.3,Business-Critical
2024-12-19 00:00:00,IX-NWK-STM-01,Inter-Facility Dark Fiber Newark-Stamford,Inter-DC,outbound,1030.67,667.43,893.0,550.53,251.91,104226,0.3,0,0,1,28.5,29.3,23.3,4.7,2.8,11.4,10.3,Real-Time
2024-12-19 01:00:00,IX-NWK-STM-01,Inter-Facility Dark Fiber Newark-Stamford,Inter-DC,inbound,770.73,549.92,646.04,507.25,277.76,63436,0.247,3,1,0,31.0,21.3,25.0,2.3,2.7,17.7,7.7,Bulk-Transfer
2024-12-19 02:00:00,WAN-NWK-02,WAN Secondary - Facility A - Lumen MPLS,Newark,inbound,698.49,397.65,594.32,349.58,217.99,57999,0.179,0,1,1,31.5,26.7,21.1,2.1,1.8,16.8,7.0,Bulk-Transfer
2024-12-19 02:00:00,WAN-STM-01,WAN Primary - Facility B - AT&T MPLS,Stamford,inbound,745.27,470.92,670.17,429.61,162.77,93843,0.212,1,1,1,38.8,26.7,18.0,4.1,2.2,10.2,7.5,Standard
2024-12-19 04:00:00,IX-NWK-STM-01,Inter-Facility Dark Fiber Newark-Stamford,Inter-DC,inbound,746.53,398.53,634.45,352.16,157.04,83967,0.179,3,2,0,34.7,22.2,19.9,2.4,2.2,18.6,7.5,Real-Time
2024-12-19 05:00:00,WAN-NWK-01,WAN Primary - Facility A - AT&T MPLS,Newark,outbound,1370.08,737.72,1133.77,691.32,380.21,190300,0.332,9,1,1,34.1,29.1,24.2,1.9,2.3,8.4,13.7,Standard
2024-12-19 05:00:00,WAN-STM-01,WAN Primary - Facility B - AT&T MPLS,Stamford,inbound,776.7,534.03,667.47,455.45,284.38,81456,0.24,2,1,1,38.4,21.0,23.9,4.7,3.0,9.0,7.8,Bulk-Transfer
2024-12-19 06:00:00,WAN-NWK-01,WAN Primary - Facility A - AT&T MPLS,Newark,inbound,2107.62,1344.91,1845.17,1264.25,690.25,173160,0.605,2,2,0,26.1,26.2,23.6,1.9,1.6,20.6,21.1,Bulk-Transfer
2024-12-19 06:00:00,WAN-STM-01,WAN Primary - Facility B - AT&T MPLS,Stamford,inbound,2504.37,1537.58,2157.68,1474.03,884.19,255096,0.692,3,1,0,27.5,28.0,23.7,2.5,1.8,16.5,25.0,Business-Critical
2024-12-19 07:00:00,WAN-STM-01,WAN Primary - Facility B - AT&T MPLS,Stamford,inbound,3726.53,2292.71,3176.36,1839.96,873.87,459490,1.032,16,7,3,26.5,30.5,18.7,3.6,2.9,17.8,37.3,Business-Critical
2024-12-19 08:00:00,WAN-NWK-01,WAN Primary - Facility A - AT&T MPLS,Newark,inbound,4762.27,3418.98,3977.93,2789.63,1049.62,514934,1.539,24,1,5,27.3,30.5,20.0,3.5,1.7,17.0,47.6,Business-Critical
2024-12-19 10:00:00,WAN-STM-02,WAN Secondary - Facility B - Lumen MPLS,Stamford,outbound,9217.94,5081.05,8233.75,4810.46,2279.58,850979,2.286,33,10,5,26.7,32.7,19.5,4.8,1.5,14.8,92.2,Standard
2024-12-19 11:00:00,WAN-NWK-01,WAN Primary - Facility A - AT&T MPLS,Newark,outbound,9500.0,5504.03,8661.83,5319.07,1693.77,956145,2.477,46,12,9,31.4,21.5,20.1,2.5,2.7,21.8,95.0,Business-Critical
2024-12-19 11:00:00,IX-NWK-STM-01,Inter-Facility Dark Fiber Newark-Stamford,Inter-DC,inbound,6365.98,4420.0,5633.37,4332.26,1569.03,790028,1.989,30,9,4,26.2,21.6,21.7,2.5,2.2,25.8,63.7,Bulk-Transfer
2024-12-19 11:00:00,IX-NWK-STM-01,Inter-Facility Dark Fiber Newark-Stamford,Inter-DC,outbound,8902.84,4966.27,7452.12,4473.73,1915.53,832155,2.235,7,24,2,36.5,31.1,24.1,2.7,2.6,3.0,89.0,Standard
2024-12-19 12:00:00,WAN-STM-02,WAN Secondary - Facility B - Lumen MPLS,Stamford,inbound,6550.2,4302.24,5585.79,4082.78,2035.7,884229,1.936,35,10,3,35.6,31.4,23.2,1.5,2.7,5.6,65.5,Real-Time
2024-12-19 13:00:00,WAN-STM-01,WAN Primary - Facility B - AT&T MPLS,Stamford,inbound,8908.07,6212.13,7698.41,5011.34,1884.65,797008,2.795,2,0,4,25.7,25.5,24.1,3.0,1.3,20.4,89.1,Bulk-Transfer
2024-12-19 13:00:00,WAN-STM-01,WAN Primary - Facility B - AT&T MPLS,Stamford,outbound,9381.66,5464.61,8084.25,5046.02,3085.55,1075574,2.459,21,32,7,32.6,29.9,19.8,2.1,3.0,12.6,93.8,Business-Critical
2024-12-19 13:00:00,WAN-STM-02,WAN Secondary - Facility B - Lumen MPLS,Stamford,inbound,5919.37,4155.88,5615.79,3660.72,1814.82,478599,1.87,6,13,3,38.3,32.3,19.4,4.3,2.9,2.8,59.2,Business-Critical
2024-12-19 13:00:00,IX-NWK-STM-01,Inter-Facility Dark Fiber Newark-Stamford,Inter-DC,inbound,5799.73,3184.79,4887.23,2955.39,1215.13,827894,1.433,29,1,8,28.3,20.7,16.5,1.6,1.7,31.2,58.0,Business-Critical
2024-12-19 14:00:00,WAN-STM-02,WAN Secondary - Facility B - Lumen MPLS,Stamford,inbound,5461.35,2972.91,5024.34,2475.46,1254.32,818252,1.338,0,14,4,30.9,32.1,22.3,4.0,2.1,8.6,54.6,Bulk-Transfer
2024-12-19 15:00:00,IX-NWK-STM-01,Inter-Facility Dark Fiber Newark-Stamford,Inter-DC,outbound,8525.21,4645.27,7097.98,4270.34,2528.36,880512,2.09,29,0,2,28.3,27.7,19.7,4.2,2.6,17.5,85.3,Business-Critical
2024-12-19 16:00:00,WAN-NWK-02,WAN Secondary - Facility A - Lumen MPLS,Newark,inbound,2904.24,1517.83,2420.03,1242.1,708.41,426961,0.683,9,12,0,26.6,35.0,23.9,1.3,1.3,11.9,29.0,Real-Time
2024-12-19 16:00:00,WAN-STM-01,WAN Primary - Facility B - AT&T MPLS,Stamford,outbound,4453.98,3106.97,3700.54,2760.55,1230.14,484131,1.398,16,9,3,28.8,22.3,22.1,4.1,2.2,20.5,44.5,Business-Critical
2024-12-19 19:00:00,WAN-NWK-01,WAN Primary - Facility A - AT&T MPLS,Newark,outbound,2822.36,2016.16,2442.5,1907.2,791.83,297635,0.907,4,7,1,33.6,33.5,21.4,4.2,1.4,5.9,28.2,Real-Time
2024-12-19 22:00:00,WAN-NWK-02,WAN Secondary - Facility A - Lumen MPLS,Newark,outbound,1658.7,906.9,1404.09,778.5,287.68,229375,0.408,3,6,1,27.1,31.3,20.8,1.6,1.4,17.8,16.6,Standard
2024-12-20 00:00:00,WAN-NWK-01,WAN Primary - Facility A - AT&T MPLS,Newark,outbound,1323.7,940.51,1223.19,768.5,552.73,118895,0.423,4,2,0,37.1,23.9,19.4,2.6,1.1,15.9,13.2,Standard
2024-12-20 02:00:00,WAN-NWK-02,WAN Secondary - Facility A - Lumen MPLS,Newark,outbound,1041.79,674.04,858.23,594.61,303.83,153517,0.303,3,2,0,30.9,24.8,18.9,4.5,2.2,18.7,10.4,Real-Time
2024-12-20 03:00:00,WAN-NWK-02,WAN Secondary - Facility A - Lumen MPLS,Newark,outbound,1310.65,718.23,1224.59,700.58,399.86,189253,0.323,8,2,1,39.6,26.0,15.9,3.3,2.5,12.7,13.1,Standard
2024-12-20 04:00:00,IX-NWK-STM-01,Inter-Facility Dark Fiber Newark-Stamford,Inter-DC,outbound,1384.19,952.91,1235.58,854.7,353.5,180362,0.429,2,4,1,34.8,20.4,18.5,2.6,1.5,22.2,13.8,Bulk-Transfer
2024-12-20 06:00:00,WAN-NWK-02,WAN Secondary - Facility A - Lumen MPLS,Newark,outbound,3682.16,2592.94,3341.74,2426.6,869.75,379922,1.167,16,0,1,25.1,29.7,15.9,3.5,2.3,23.5,36.8,Real-Time
2024-12-20 06:00:00,IX-NWK-STM-01,Inter-Facility Dark Fiber Newark-Stamford,Inter-DC,inbound,2249.05,1202.9,1972.9,996.08,468.28,183912,0.541,7,3,1,31.7,29.8,21.3,4.8,1.2,11.2,22.5,Standard
2024-12-20 07:00:00,WAN-NWK-01,WAN Primary - Facility A - AT&T MPLS,Newark,outbound,5884.06,4048.53,5308.18,3432.57,1339.96,842405,1.822,20,20,8,27.8,20.9,19.0,1.1,2.9,28.3,58.8,Bulk-Transfer
2024-12-20 09:00:00,WAN-NWK-01,WAN Primary - Facility A - AT&T MPLS,Newark,outbound,9365.05,5128.19,8831.53,4352.62,2438.54,1372342,2.308,1,38,10,34.3,33.4,21.6,2.8,2.7,5.2,93.7,Real-Time
2024-12-20 09:00:00,WAN-STM-01,WAN Primary - Facility B - AT&T MPLS,Stamford,outbound,9500.0,6611.49,8039.46,5549.46,3191.68,1216383,2.975,13,11,10,36.7,33.8,21.8,1.8,1.0,4.9,95.0,Standard
2024-12-20 10:00:00,WAN-NWK-01,WAN Primary - Facility A - AT&T MPLS,Newark,inbound,6310.71,3588.69,5766.74,3139.41,2043.77,852413,1.615,7,12,3,37.0,30.9,22.7,3.2,2.8,3.4,63.1,Standard
2024-12-20 11:00:00,IX-NWK-STM-01,Inter-Facility Dark Fiber Newark-Stamford,Inter-DC,outbound,9412.38,5097.03,8243.02,4379.65,1610.15,1256310,2.294,49,12,2,39.2,30.1,20.1,3.3,2.6,4.7,94.1,Real-Time
2024-12-20 12:00:00,WAN-STM-01,WAN Primary - Facility B - AT&T MPLS,Stamford,inbound,6251.3,3792.62,5302.94,3511.62,2091.83,614628,1.707,14,4,5,31.2,31.6,22.2,1.7,1.8,11.5,62.5,Real-Time
2024-12-20 13:00:00,WAN-NWK-02,WAN Secondary - Facility A - Lumen MPLS,Newark,inbound,6493.41,4347.34,6133.68,3569.38,1381.64,685441,1.956,18,10,6,34.3,20.2,15.2,1.6,1.9,26.8,64.9,Real-Time
2024-12-20 14:00:00,IX-NWK-STM-01,Inter-Facility Dark Fiber Newark-Stamford,Inter-DC,outbound,9218.78,6234.73,8124.53,5224.33,1889.0,1141778,2.806,52,32,3,34.0,22.0,24.2,2.6,1.9,15.3,92.2,Business-Critical
2024-12-20 15:00:00,WAN-NWK-01,WAN Primary - Facility A - AT&T MPLS,Newark,inbound,6347.24,4015.73,6026.27,3496.72,1578.28,926303,1.807,37,24,3,31.0,32.8,21.4,2.7,1.1,11.0,63.5,Bulk-Transfer
2024-12-20 16:00:00,WAN-NWK-01,WAN Primary - Facility A - AT&T MPLS,Newark,inbound,3473.7,1959.26,3068.95,1633.34,1166.53,279716,0.882,5,5,0,27.0,30.0,16.6,4.3,2.6,19.5,34.7,Real-Time
2024-12-20 16:00:00,IX-NWK-STM-01,Inter-Facility Dark Fiber Newark-Stamford,Inter-DC,outbound,4910.76,2574.1,4642.28,2299.22,1313.56,396792,1.158,12,2,1,29.8,32.6,15.4,4.7,2.6,14.9,49.1,Standard
2024-12-20 17:00:00,WAN-NWK-02,WAN Secondary - Facility A - Lumen MPLS,Newark,outbound,4370.79,2871.16,3736.68,2337.42,1385.3,475527,1.292,6,7,0,28.7,20.4,20.4,2.1,1.9,26.5,43.7,Standard
2024-12-20 20:00:00,WAN-NWK-02,WAN Secondary - Facility A - Lumen MPLS,Newark,outbound,2013.41,1068.34,1813.26,880.23,359.44,180519,0.481,1,0,0,39.2,27.3,18.0,2.2,2.8,10.5,20.1,Bulk-Transfer
2024-12-20 21:00:00,WAN-NWK-02,WAN Secondary - Facility A - Lumen MPLS,Newark,outbound,1491.89,804.18,1391.18,752.04,431.56,164751,0.362,5,1,1,36.7,34.7,22.8,1.0,2.7,2.1,14.9,Business-Critical
2024-12-20 23:00:00,IX-NWK-STM-01,Inter-Facility Dark Fiber Newark-Stamford,Inter-DC,outbound,1907.61,1112.2,1576.36,938.06,545.14,175042,0.5,7,2,1,39.2,27.9,24.5,4.9,1.3,2.2,19.1,Bulk-Transfer
2024-12-21 00:00:00,WAN-STM-01,WAN Primary - Facility B - AT&T MPLS,Stamford,inbound,1462.97,842.32,1288.04,705.26,484.7,211078,0.379,1,6,0,28.7,20.1,22.9,4.3,1.8,22.2,14.6,Real-Time
2024-12-21 00:00:00,WAN-STM-01,WAN Primary - Facility B - AT&T MPLS,Stamford,outbound,2715.11,1425.66,2574.18,1339.84,750.01,342163,0.642,4,1,0,32.9,28.3,19.4,1.1,1.5,16.8,27.2,Real-Time
2024-12-21 04:00:00,WAN-STM-01,WAN Primary - Facility B - AT&T MPLS,Stamford,inbound,1994.18,1203.57,1807.58,1111.36,402.29,287579,0.542,7,7,2,28.2,25.7,15.2,2.9,1.1,26.9,19.9,Business-Critical
2024-12-21 04:00:00,IX-NWK-STM-01,Inter-Facility Dark Fiber Newark-Stamford,Inter-DC,inbound,1834.9,1280.57,1623.4,1171.51,588.08,180828,0.576,1,3,0,38.2,32.7,16.5,3.6,1.3,7.7,18.3,Bulk-Transfer
2024-12-21 05:00:00,WAN-STM-02,WAN Secondary - Facility B - Lumen MPLS,Stamford,outbound,2143.53,1231.64,1782.57,1053.86,710.03,276268,0.554,8,6,0,39.6,24.7,21.1,1.5,2.3,10.8,21.4,Business-Critical
2024-12-21 05:00:00,IX-NWK-STM-01,Inter-Facility Dark Fiber Newark-Stamford,Inter-DC,outbound,2427.69,1725.33,2149.78,1628.42,535.69,321268,0.776,3,0,3,35.5,33.6,18.6,3.3,2.6,6.4,24.3,Bulk-Transfer
2024-12-21 07:00:00,WAN-NWK-02,WAN Secondary - Facility A - Lumen MPLS,Newark,outbound,2911.27,1868.5,2499.24,1789.91,855.21,257308,0.841,8,0,2,39.7,33.1,18.5,1.8,2.9,4.0,29.1,Real-Time
2024-12-21 07:00:00,WAN-STM-02,WAN Secondary - Facility B - Lumen MPLS,Stamford,outbound,2693.31,1621.44,2261.53,1490.91,856.59,381543,0.73,9,1,2,35.3,26.7,23.3,1.3,2.0,11.4,26.9,Business-Critical
2024-12-21 08:00:00,WAN-NWK-02,WAN Secondary - Facility A - Lumen MPLS,Newark,inbound,1814.2,954.32,1657.21,871.76,364.21,241223,0.429,3,4,0,37.9,29.0,19.2,1.0,2.3,10.6,18.1,Real-Time
2024-12-21 09:00:00,WAN-STM-01,WAN Primary - Facility B - AT&T MPLS,Stamford,inbound,1771.56,1065.07,1671.95,872.61,626.42,173353,0.479,7,3,1,25.3,24.5,21.6,1.1,2.0,25.5,17.7,Bulk-Transfer
2024-12-21 11:00:00,WAN-NWK-02,WAN Secondary - Facility A - Lumen MPLS,Newark,inbound,1522.61,1055.4,1419.58,1003.29,434.01,132841,0.475,4,0,1,38.9,25.8,23.0,3.4,2.4,6.5,15.2,Business-Critical
2024-12-21 12:00:00,WAN-NWK-02,WAN Secondary - Facility A - Lumen MPLS,Newark,inbound,1770.16,1082.19,1659.26,986.1,427.52,175202,0.487,2,1,0,32.7,29.6,18.6,4.2,1.9,13.0,17.7,Standard
2024-12-21 13:00:00,WAN-STM-02,WAN Secondary - Facility B - Lumen MPLS,Stamford,outbound,2476.42,1506.18,2165.74,1456.15,742.76,284755,0.678,12,5,1,37.0,33.5,15.0,1.1,1.1,12.3,24.8,Real-Time
2024-12-21 14:00:00,WAN-NWK-01,WAN Primary - Facility A - AT&T MPLS,Newark,inbound,1834.89,1051.46,1512.56,941.84,530.01,250094,0.473,10,5,2,27.1,20.2,15.6,1.9,2.3,32.9,18.3,Standard
2024-12-21 14:00:00,WAN-NWK-02,WAN Secondary - Facility A - Lumen MPLS,Newark,outbound,2661.32,1659.17,2424.15,1650.46,631.75,333235,0.747,13,9,1,31.3,30.9,19.9,2.3,2.1,13.5,26.6,Business-Critical
2024-12-21 14:00:00,IX-NWK-STM-01,Inter-Facility Dark Fiber Newark-Stamford,Inter-DC,inbound,1847.38,1152.18,1711.23,1070.31,621.18,258667,0.518,9,6,0,39.9,27.6,21.1,3.8,3.0,4.6,18.5,Business-Critical
2024-12-21 15:00:00,WAN-NWK-02,WAN Secondary - Facility A - Lumen MPLS,Newark,inbound,1712.73,1089.48,1520.08,970.15,498.25,142292,0.49,1,0,1,26.8,23.5,18.1,3.3,1.3,27.0,17.1,Business-Critical
2024-12-21 15:00:00,IX-NWK-STM-01,Inter-Facility Dark Fiber Newark-Stamford,Inter-DC,inbound,1728.31,1232.14,1454.85,1196.68,381.12,205484,0.554,1,1,2,33.4,31.7,16.3,2.9,1.3,14.4,17.3,Business-Critical
2024-12-21 16:00:00,WAN-NWK-02,WAN Secondary - Facility A - Lumen MPLS,Newark,outbound,2358.68,1658.43,2155.76,1541.14,709.42,266577,0.746,1,5,1,26.3,33.9,21.5,4.5,1.4,12.4,23.6,Bulk-Transfer
2024-12-21 18:00:00,WAN-NWK-01,WAN Primary - Facility A - AT&T MPLS,Newark,inbound,1987.97,1036.56,1775.91,844.33,311.83,216194,0.466,1,3,0,30.1,25.2,24.1,3.5,1.2,15.9,19.9,Bulk-Transfer
2024-12-21 18:00:00,IX-NWK-STM-01,Inter-Facility Dark Fiber Newark-Stamford,Inter-DC,inbound,1636.84,959.43,1486.75,796.45,426.67,155808,0.432,2,0,1,26.7,27.6,20.9,3.4,1.5,19.9,16.4,Standard
2024-12-21 21:00:00,WAN-NWK-01,WAN Primary - Facility A - AT&T MPLS,Newark,inbound,1583.46,1130.17,1343.43,960.14,536.28,181848,0.509,2,1,1,28.3,20.6,16.2,1.9,2.6,30.4,15.8,Bulk-Transfer
2024-12-21 21:00:00,WAN-STM-02,WAN Secondary - Facility B - Lumen MPLS,Stamford,outbound,2884.0,2036.89,2456.63,1690.01,730.71,427048,0.917,21,0,0,27.3,23.1,20.4,2.3,1.2,25.7,28.8,Standard
2024-12-21 23:00:00,WAN-NWK-01,WAN Primary - Facility A - AT&T MPLS,Newark,outbound,2905.98,1562.98,2633.33,1300.07,911.79,419650,0.703,1,5,4,34.9,34.2,22.1,1.9,1.1,5.8,29.1,Standard
2024-12-22 02:00:00,IX-NWK-STM-01,Inter-Facility Dark Fiber Newark-Stamford,Inter-DC,inbound,1738.08,958.07,1531.41,848.36,458.31,216532,0.431,9,5,2,30.5,20.8,17.3,2.0,2.6,26.8,17.4,Real-Time
2024-12-22 07:00:00,WAN-NWK-02,WAN Secondary - Facility A - Lumen MPLS,Newark,outbound,2888.63,1560.4,2595.17,1515.49,827.38,364829,0.702,14,5,2,35.5,25.4,17.2,2.5,2.0,17.4,28.9,Bulk-Transfer
2024-12-22 07:00:00,WAN-STM-01,WAN Primary - Facility B - AT&T MPLS,Stamford,outbound,2205.3,1557.89,2001.11,1336.48,653.66,268545,0.701,2,5,2,39.2,28.3,18.5,4.2,2.4,7.4,22.1,Standard
2024-12-22 08:00:00,WAN-STM-02,WAN Secondary - Facility B - Lumen MPLS,Stamford,inbound,1865.01,975.34,1608.31,784.86,414.5,241857,0.439,11,4,2,38.9,29.4,22.6,4.1,2.6,2.4,18.7,Real-Time
2024-12-22 08:00:00,IX-NWK-STM-01,Inter-Facility Dark Fiber Newark-Stamford,Inter-DC,outbound,2859.01,1811.06,2652.35,1645.67,1044.45,419497,0.815,6,6,0,25.9,27.5,19.7,2.6,2.2,22.1,28.6,Bulk-Transfer
2024-12-22 09:00:00,WAN-STM-01,WAN Primary - Facility B - AT&T MPLS,Stamford,inbound,1794.21,1255.55,1567.15,1111.72,672.78,245997,0.565,0,7,2,27.6,32.1,16.2,4.3,1.0,18.8,17.9,Real-Time
2024-12-22 09:00:00,WAN-STM-02,WAN Secondary - Facility B - Lumen MPLS,Stamford,outbound,2389.32,1569.23,2178.34,1346.3,579.55,216585,0.706,1,1,0,27.3,32.4,24.9,1.8,2.5,11.1,23.9,Business-Critical
2024-12-22 13:00:00,IX-NWK-STM-01,Inter-Facility Dark Fiber Newark-Stamford,Inter-DC,inbound,1765.81,922.89,1611.81,807.88,414.7,204831,0.415,2,2,2,25.2,31.9,22.8,1.9,1.3,16.9,17.7,Bulk-Transfer
2024-12-22 14:00:00,WAN-STM-02,WAN Secondary - Facility B - Lumen MPLS,Stamford,outbound,2499.86,1654.21,2361.68,1596.1,824.08,275498,0.744,0,8,2,25.5,20.0,21.5,4.6,1.5,26.9,25.0,Business-Critical
2024-12-22 15:00:00,WAN-NWK-01,WAN Primary - Facility A - AT&T MPLS,Newark,inbound,1800.74,1256.37,1694.11,1068.24,445.63,157888,0.565,3,0,0,25.2,27.7,24.5,4.9,2.7,15.0,18.0,Business-Critical
2024-12-22 15:00:00,WAN-STM-02,WAN Secondary - Facility B - Lumen MPLS,Stamford,inbound,1729.47,1126.27,1597.92,908.3,402.16,192889,0.507,5,2,1,29.2,22.5,24.5,4.6,1.2,18.0,17.3,Business-Critical
2024-12-22 16:00:00,WAN-NWK-01,WAN Primary - Facility A - AT&T MPLS,Newark,outbound,2499.47,1702.22,2103.18,1389.9,799.43,340701,0.766,1,7,1,29.1,21.5,19.6,3.7,1.7,24.4,25.0,Real-Time
2024-12-22 16:00:00,WAN-STM-01,WAN Primary - Facility B - AT&T MPLS,Stamford,inbound,1651.91,1128.14,1395.26,1124.64,627.95,145331,0.508,6,4,1,34.4,33.5,24.1,3.7,2.5,1.8,16.5,Bulk-Transfer
2024-12-22 16:00:00,WAN-STM-02,WAN Secondary - Facility B - Lumen MPLS,Stamford,inbound,1719.02,1091.18,1624.11,884.68,414.86,223365,0.491,11,3,1,26.5,21.9,24.4,3.2,1.0,23.0,17.2,Business-Critical
2024-12-22 16:00:00,IX-NWK-STM-01,Inter-Facility Dark Fiber Newark-Stamford,Inter-DC,inbound,2025.69,1308.36,1852.53,1225.11,654.26,241801,0.589,7,2,2,36.7,27.6,16.5,2.6,1.0,15.6,20.3,Business-Critical
2024-12-22 21:00:00,WAN-NWK-01,WAN Primary - Facility A - AT&T MPLS,Newark,inbound,1471.13,810.08,1283.87,688.58,266.22,199371,0.365,7,1,0,33.8,33.1,18.6,4.3,2.8,7.4,14.7,Bulk-Transfer
2024-12-22 22:00:00,WAN-NWK-02,WAN Secondary - Facility A - Lumen MPLS,Newark,outbound,2076.2,1270.1,1823.62,1115.92,482.64,306420,0.572,1,2,1,30.8,25.2,23.1,1.7,1.0,18.2,20.8,Standard
2024-12-22 23:00:00,WAN-STM-02,WAN Secondary - Facility B - Lumen MPLS,Stamford,outbound,2714.48,1755.6,2295.92,1530.34,606.75,284923,0.79,9,7,0,26.9,34.0,19.8,3.3,1.2,14.8,27.1,Standard
2024-12-23 00:00:00,WAN-NWK-01,WAN Primary - Facility A - AT&T MPLS,Newark,outbound,1244.39,765.7,1076.41,728.72,352.8,136219,0.345,2,0,1,27.5,30.5,20.5,3.7,2.8,15.0,12.4,Standard
2024-12-23 02:00:00,WAN-STM-01,WAN Primary - Facility B - AT&T MPLS,Stamford,inbound,819.51,551.13,778.34,519.38,287.39,100305,0.248,5,1,0,29.1,26.5,20.2,2.5,1.8,19.9,8.2,Bulk-Transfer
2024-12-23 02:00:00,WAN-STM-02,WAN Secondary - Facility B - Lumen MPLS,Stamford,outbound,1013.28,595.26,881.88,499.21,243.1,102935,0.268,3,3,0,33.4,26.6,23.1,2.8,1.9,12.2,10.1,Bulk-Transfer
2024-12-23 03:00:00,IX-NWK-STM-01,Inter-Facility Dark Fiber Newark-Stamford,Inter-DC,inbound,705.22,439.28,620.24,390.18,217.6,103185,0.198,1,2,1,34.5,20.9,15.5,4.3,1.3,23.5,7.1,Standard
2024-12-23 04:00:00,WAN-NWK-02,WAN Secondary - Facility A - Lumen MPLS,Newark,outbound,1118.97,642.62,929.72,639.77,246.32,130208,0.289,1,0,1,36.4,34.4,23.9,5.0,1.4,0,11.2,Business-Critical
2024-12-23 06:00:00,WAN-NWK-01,WAN Primary - Facility A - AT&T MPLS,Newark,inbound,2175.78,1332.5,1821.35,1331.98,659.45,242793,0.6,9,0,2,37.5,26.6,16.6,2.6,2.1,14.6,21.8,Bulk-Transfer
2024-12-23 06:00:00,IX-NWK-STM-01,Inter-Facility Dark Fiber Newark-Stamford,Inter-DC,inbound,2620.43,1627.36,2310.18,1597.51,927.08,340354,0.732,17,8,1,32.7,34.4,24.4,5.0,2.7,0.8,26.2,Real-Time
2024-12-23 07:00:00,WAN-NWK-01,WAN Primary - Facility A - AT&T MPLS,Newark,outbound,5075.17,2744.76,4463.05,2229.15,1348.08,465142,1.235,22,13,0,34.3,29.1,16.6,1.1,1.2,17.7,50.8,Standard
2024-12-23 08:00:00,WAN-STM-02,WAN Secondary - Facility B - Lumen MPLS,Stamford,inbound,5631.84,3669.49,5248.48,3176.11,1747.25,588736,1.651,7,1,0,34.3,24.4,22.9,2.5,1.6,14.3,56.3,Business-Critical
2024-12-23 09:00:00,WAN-NWK-02,WAN Secondary - Facility A - Lumen MPLS,Newark,outbound,8149.22,5451.8,7332.95,5173.68,2958.19,673590,2.453,19,19,1,27.6,20.2,23.7,4.1,1.8,22.6,81.5,Business-Critical
2024-12-23 10:00:00,WAN-STM-01,WAN Primary - Facility B - AT&T MPLS,Stamford,inbound,8650.08,5526.24,7772.63,5470.25,2514.31,1223627,2.487,8,30,11,32.2,30.7,15.3,3.2,1.5,17.1,86.5,Business-Critical
2024-12-23 10:00:00,WAN-STM-01,WAN Primary - Facility B - AT&T MPLS,Stamford,outbound,9500.0,5294.01,8740.7,5070.71,1714.05,1208897,2.382,37,29,9,34.2,31.9,16.4,1.2,2.3,14.0,95.0,Standard
2024-12-23 12:00:00,WAN-NWK-02,WAN Secondary - Facility A - Lumen MPLS,Newark,outbound,7927.72,5440.94,7461.93,5296.27,2050.37,724754,2.448,35,9,3,35.4,32.5,16.6,3.7,2.9,8.9,79.3,Bulk-Transfer
2024-12-23 13:00:00,WAN-STM-02,WAN Secondary - Facility B - Lumen MPLS,Stamford,inbound,7012.25,3713.4,6501.48,3033.52,1784.6,1016692,1.671,3,12,4,28.2,32.2,21.2,4.5,1.9,12.0,70.1,Standard
2024-12-23 14:00:00,WAN-NWK-02,WAN Secondary - Facility A - Lumen MPLS,Newark,inbound,7038.58,3861.85,6441.18,3138.37,1587.57,887711,1.738,13,21,8,35.5,23.1,22.6,3.7,1.9,13.2,70.4,Bulk-Transfer
2024-12-23 14:00:00,WAN-STM-01,WAN Primary - Facility B - AT&T MPLS,Stamford,inbound,8016.28,5340.47,7171.65,4753.06,2806.17,780789,2.403,19,12,1,35.4,27.7,16.0,3.0,1.2,16.7,80.2,Business-Critical
2024-12-23 15:00:00,WAN-STM-01,WAN Primary - Facility B - AT&T MPLS,Stamford,outbound,9500.0,6509.39,8117.91,5507.68,3060.44,1228322,2.929,30,18,1,28.2,23.5,23.1,1.5,2.4,21.3,95.0,Standard
2024-12-23 16:00:00,IX-NWK-STM-01,Inter-Facility Dark Fiber Newark-Stamford,Inter-DC,outbound,5521.08,3014.08,4948.39,2712.73,1612.62,571256,1.356,4,17,5,28.7,27.8,16.4,3.9,1.6,21.6,55.2,Bulk-Transfer
2024-12-23 18:00:00,WAN-NWK-01,WAN Primary - Facility A - AT&T MPLS,Newark,inbound,2696.32,1756.46,2294.36,1604.91,644.28,336115,0.79,2,9,0,38.6,30.0,21.9,3.8,1.1,4.6,27.0,Bulk-Transfer
2024-12-23 18:00:00,WAN-STM-02,WAN Secondary - Facility B - Lumen MPLS,Stamford,inbound,2710.13,1423.25,2352.94,1406.78,605.97,318377,0.64,5,3,1,33.0,24.0,22.7,4.9,2.3,13.1,27.1,Real-Time
2024-12-23 18:00:00,WAN-STM-02,WAN Secondary - Facility B - Lumen MPLS,Stamford,outbound,4008.09,2542.01,3467.92,2457.06,1477.63,397414,1.144,11,6,3,25.8,24.7,22.0,4.6,2.4,20.5,40.1,Real-Time
2024-12-23 19:00:00,WAN-STM-01,WAN Primary - Facility B - AT&T MPLS,Stamford,outbound,2246.0,1335.19,2077.58,1312.53,770.27,324228,0.601,2,8,0,36.6,29.4,21.0,1.6,2.8,8.6,22.5,Bulk-Transfer
2024-12-23 19:00:00,IX-NWK-STM-01,Inter-Facility Dark Fiber Newark-Stamford,Inter-DC,outbound,3031.41,2155.3,2711.33,1879.05,866.52,303701,0.97,15,2,3,26.3,22.1,18.1,1.8,2.2,29.5,30.3,Real-Time
2024-12-23 20:00:00,WAN-NWK-01,WAN Primary - Facility A - AT&T MPLS,Newark,outbound,1782.08,1015.5,1492.36,859.66,459.09,167796,0.457,2,2,1,30.1,23.8,18.8,4.5,2.6,20.2,17.8,Business-Critical
2024-12-23 21:00:00,WAN-NWK-01,WAN Primary - Facility A - AT&T MPLS,Newark,inbound,1152.87,772.01,996.93,766.21,316.45,172486,0.347,4,3,0,35.6,34.0,16.3,3.0,1.6,9.5,11.5,Real-Time
2024-12-23 22:00:00,IX-NWK-STM-01,Inter-Facility Dark Fiber Newark-Stamford,Inter-DC,inbound,1466.98,857.19,1350.61,837.18,424.4,161420,0.386,6,2,1,25.7,32.1,20.9,2.0,2.3,17.0,14.7,Bulk-Transfer
2024-12-23 23:00:00,WAN-STM-01,WAN Primary - Facility B - AT&T MPLS,Stamford,outbound,1488.5,1033.21,1306.7,934.6,468.13,142079,0.465,5,1,1,29.6,33.3,22.9,5.0,2.9,6.3,14.9,Bulk-Transfer
2024-12-24 00:00:00,WAN-STM-01,WAN Primary - Facility B - AT&T MPLS,Stamford,inbound,768.29,409.69,705.89,361.36,175.53,72275,0.184,2,1,1,39.7,34.4,20.5,3.9,3.0,0,7.7,Business-Critical
2024-12-24 01:00:00,WAN-NWK-01,WAN Primary - Facility A - AT&T MPLS,Newark,outbound,998.84,614.8,928.34,574.58,205.23,141099,0.277,2,1,0,36.2,28.4,20.6,3.9,2.6,8.3,10.0,Bulk-Transfer
2024-12-24 02:00:00,WAN-NWK-01,WAN Primary - Facility A - AT&T MPLS,Newark,outbound,1406.13,904.81,1197.0,808.07,519.34,160437,0.407,5,3,1,27.9,26.6,20.5,2.5,2.4,20.1,14.1,Real-Time
2024-12-24 02:00:00,WAN-NWK-02,WAN Secondary - Facility A - Lumen MPLS,Newark,outbound,1163.56,635.81,1092.87,572.19,221.73,115822,0.286,4,0,0,38.4,24.8,24.5,2.4,2.4,7.5,11.6,Bulk-Transfer
2024-12-24 03:00:00,WAN-NWK-02,WAN Secondary - Facility A - Lumen MPLS,Newark,inbound,808.66,516.33,732.05,472.24,193.91,90053,0.232,4,0,1,35.8,27.2,15.8,4.2,1.4,15.6,8.1,Bulk-Transfer
2024-12-24 03:00:00,WAN-NWK-02,WAN Secondary - Facility A - Lumen MPLS,Newark,outbound,1169.65,797.84,1057.31,782.51,242.92,159716,0.359,1,2,1,28.4,20.2,18.6,1.8,1.2,29.8,11.7,Real-Time
2024-12-24 04:00:00,WAN-STM-02,WAN Secondary - Facility B - Lumen MPLS,Stamford,outbound,1325.5,936.24,1112.67,802.26,389.27,176994,0.421,3,5,0,37.4,30.9,24.6,1.3,2.0,3.8,13.3,Standard
2024-12-24 05:00:00,WAN-STM-01,WAN Primary - Facility B - AT&T MPLS,Stamford,outbound,1263.13,858.77,1170.83,798.42,427.22,163300,0.386,1,2,1,38.1,30.3,21.3,1.2,1.4,7.7,12.6,Real-Time
2024-12-24 08:00:00,WAN-STM-01,WAN Primary - Facility B - AT&T MPLS,Stamford,inbound,4122.2,2822.06,3683.96,2366.85,1292.14,555188,1.27,1,12,1,28.0,21.2,19.0,4.2,1.7,25.9,41.2,Business-Critical
2024-12-24 08:00:00,WAN-STM-02,WAN Secondary - Facility B - Lumen MPLS,Stamford,inbound,5153.24,3530.43,4667.43,3439.91,2080.15,613715,1.589,5,7,2,33.0,22.3,25.0,2.8,1.7,15.2,51.5,Standard
2024-12-24 10:00:00,WAN-NWK-01,WAN Primary - Facility A - AT&T MPLS,Newark,outbound,9500.0,5910.68,8934.37,5222.18,2365.34,763558,2.66,19,13,4,34.5,23.1,15.5,3.0,2.9,21.0,95.0,Bulk-Transfer
2024-12-24 11:00:00,WAN-STM-01,WAN Primary - Facility B - AT&T MPLS,Stamford,outbound,9500.0,6673.06,8443.18,6194.77,3000.17,1078716,3.003,4,24,3,29.6,32.6,20.0,3.3,1.9,12.6,95.0,Business-Critical
2024-12-24 12:00:00,IX-NWK-STM-01,Inter-Facility Dark Fiber Newark-Stamford,Inter-DC,inbound,6029.0,3681.98,5363.1,3271.39,1734.05,580220,1.657,12,0,4,36.9,28.6,20.6,1.3,1.4,11.2,60.3,Business-Critical
2024-12-24 14:00:00,WAN-STM-02,WAN Secondary - Facility B - Lumen MPLS,Stamford,inbound,7324.7,4502.07,6319.37,3932.57,2587.02,780479,2.026,27,13,6,28.8,21.0,23.7,4.8,1.9,19.8,73.2,Real-Time
2024-12-24 14:00:00,IX-NWK-STM-01,Inter-Facility Dark Fiber Newark-Stamford,Inter-DC,inbound,5964.2,3154.29,4900.34,2731.75,1685.04,758006,1.419,36,9,4,35.7,23.3,21.5,4.2,2.9,12.4,59.6,Standard
2024-12-24 14:00:00,IX-NWK-STM-01,Inter-Facility Dark Fiber Newark-Stamford,Inter-DC,outbound,9500.0,5587.52,8594.29,4920.11,3137.3,822969,2.514,31,11,6,38.6,34.2,15.9,1.8,2.5,7.0,95.0,Business-Critical
2024-12-24 15:00:00,WAN-NWK-02,WAN Secondary - Facility A - Lumen MPLS,Newark,outbound,9320.89,6280.9,8061.93,6182.38,2631.64,786786,2.826,1,16,1,37.4,26.1,22.6,1.1,1.0,11.8,93.2,Bulk-Transfer
2024-12-24 16:00:00,WAN-NWK-02,WAN Secondary - Facility A - Lumen MPLS,Newark,inbound,3164.8,1777.08,2798.09,1761.66,908.14,324051,0.8,2,9,3,39.8,22.3,17.9,2.3,2.8,14.9,31.6,Bulk-Transfer
2024-12-24 16:00:00,IX-NWK-STM-01,Inter-Facility Dark Fiber Newark-Stamford,Inter-DC,inbound,2975.65,1576.53,2786.81,1506.38,865.14,368149,0.709,11,10,1,36.7,21.9,15.4,3.3,2.6,20.1,29.8,Real-Time
2024-12-24 19:00:00,WAN-STM-01,WAN Primary - Facility B - AT&T MPLS,Stamford,inbound,1614.2,929.69,1443.84,865.22,428.0,218766,0.418,0,3,1,37.6,34.3,24.5,2.3,2.6,0,16.1,Bulk-Transfer
2024-12-24 20:00:00,WAN-STM-02,WAN Secondary - Facility B - Lumen MPLS,Stamford,outbound,1813.69,1253.56,1617.0,1165.78,694.81,215699,0.564,7,2,0,28.2,31.8,19.1,2.8,2.2,15.9,18.1,Real-Time
2024-12-24 20:00:00,IX-NWK-STM-01,Inter-Facility Dark Fiber Newark-Stamford,Inter-DC,outbound,1713.19,1085.37,1594.57,1003.61,622.62,215126,0.488,7,0,1,31.1,33.4,15.7,3.4,2.9,13.5,17.1,Bulk-Transfer
2024-12-24 21:00:00,WAN-NWK-02,WAN Secondary - Facility A - Lumen MPLS,Newark,outbound,1971.98,1293.23,1732.97,1123.76,405.04,202011,0.582,5,4,2,34.3,20.6,18.4,1.8,1.6,23.3,19.7,Bulk-Transfer
2024-12-24 22:00:00,WAN-STM-02,WAN Secondary - Facility B - Lumen MPLS,Stamford,inbound,1086.02,630.98,985.87,570.47,274.88,107307,0.284,4,0,0,34.2,33.7,19.2,2.8,2.4,7.7,10.9,Bulk-Transfer
2024-12-25 02:00:00,WAN-STM-01,WAN Primary - Facility B - AT&T MPLS,Stamford,outbound,1192.46,747.81,1130.29,695.5,357.66,148717,0.337,7,2,0,31.6,26.7,20.7,3.0,1.1,16.9,11.9,Standard
2024-12-25 04:00:00,WAN-STM-02,WAN Secondary - Facility B - Lumen MPLS,Stamford,inbound,759.34,436.79,689.04,407.07,161.38,73958,0.197,2,0,0,39.7,22.5,22.1,1.8,1.4,12.5,7.6,Real-Time
2024-12-25 04:00:00,IX-NWK-STM-01,Inter-Facility Dark Fiber Newark-Stamford,Inter-DC,inbound,728.3,417.9,602.33,342.55,216.1,65416,0.188,1,1,1,30.9,27.5,21.3,3.8,2.6,13.9,7.3,Standard
2024-12-25 09:00:00,WAN-NWK-01,WAN Primary - Facility A - AT&T MPLS,Newark,outbound,7786.02,4189.48,7098.23,3411.71,1808.64,885122,1.885,41,7,2,27.2,22.9,16.1,3.1,1.6,29.1,77.9,Real-Time
2024-12-25 09:00:00,IX-NWK-STM-01,Inter-Facility Dark Fiber Newark-Stamford,Inter-DC,inbound,4793.84,2791.45,4408.19,2291.36,1328.6,563424,1.256,18,6,4,30.8,31.2,19.9,1.8,1.4,14.9,47.9,Bulk-Transfer
2024-12-25 10:00:00,WAN-NWK-01,WAN Primary - Facility A - AT&T MPLS,Newark,inbound,7369.08,4562.06,6856.81,4249.4,1807.3,667604,2.053,7,5,4,34.8,31.4,15.9,4.8,2.3,10.8,73.7,Business-Critical
2024-12-25 10:00:00,WAN-NWK-02,WAN Secondary - Facility A - Lumen MPLS,Newark,inbound,6266.68,3664.01,5455.49,3151.18,1735.59,762055,1.649,34,19,6,34.9,27.8,19.6,1.7,2.1,13.9,62.7,Business-Critical
2024-12-25 10:00:00,IX-NWK-STM-01,Inter-Facility Dark Fiber Newark-Stamford,Inter-DC,inbound,6441.77,3431.73,6050.07,2883.76,1769.67,689463,1.544,7,10,5,38.5,30.4,22.5,2.5,2.4,3.7,64.4,Standard
2024-12-25 14:00:00,WAN-NWK-02,WAN Secondary - Facility A - Lumen MPLS,Newark,inbound,5923.24,3642.35,5166.7,3274.71,1722.26,595266,1.639,20,17,4,34.1,27.5,17.0,3.2,2.0,16.2,59.2,Standard
2024-12-25 14:00:00,WAN-NWK-02,WAN Secondary - Facility A - Lumen MPLS,Newark,outbound,9499.34,5321.78,8849.46,4542.72,1697.23,1333623,2.395,47,39,12,37.0,32.0,21.8,2.2,2.5,4.5,95.0,Bulk-Transfer
2024-12-25 15:00:00,WAN-STM-02,WAN Secondary - Facility B - Lumen MPLS,Stamford,outbound,9363.92,6596.57,8007.18,5336.18,3473.59,868927,2.968,32,16,0,32.4,22.9,17.3,4.8,2.4,20.2,93.6,Standard
2024-12-25 15:00:00,IX-NWK-STM-01,Inter-Facility Dark Fiber Newark-Stamford,Inter-DC,inbound,4990.62,3087.04,4289.38,3073.0,1846.21,731992,1.389,9,7,6,30.6,28.1,17.0,3.5,1.5,19.3,49.9,Standard
2024-12-25 18:00:00,WAN-NWK-02,WAN Secondary - Facility A - Lumen MPLS,Newark,inbound,2027.58,1384.04,1704.75,1184.54,624.12,272650,0.623,3,8,2,38.4,31.6,22.3,3.8,2.3,1.6,20.3,Standard
2024-12-25 18:00:00,IX-NWK-STM-01,Inter-Facility Dark Fiber Newark-Stamford,Inter-DC,outbound,2901.26,1759.07,2519.89,1519.19,933.99,348269,0.792,10,4,0,25.3,33.4,17.2,4.1,1.1,18.9,29.0,Business-Critical
2024-12-25 19:00:00,WAN-NWK-02,WAN Secondary - Facility A - Lumen MPLS,Newark,inbound,1747.74,1125.4,1631.42,1104.57,341.99,216828,0.506,2,2,2,37.4,30.4,18.0,2.2,1.2,10.8,17.5,Real-Time
2024-12-25 19:00:00,WAN-STM-02,WAN Secondary - Facility B - Lumen MPLS,Stamford,inbound,2110.25,1145.74,1954.5,1110.18,507.69,171021,0.516,1,0,0,37.8,27.7,16.9,3.0,2.6,12.0,21.1,Standard
2024-12-25 20:00:00,WAN-NWK-01,WAN Primary - Facility A - AT&T MPLS,Newark,outbound,1558.85,916.5,1391.64,779.91,458.11,222521,0.412,9,2,2,26.7,20.0,18.6,2.6,2.0,30.1,15.6,Business-Critical
2024-12-25 20:00:00,WAN-STM-02,WAN Secondary - Facility B - Lumen MPLS,Stamford,outbound,2051.39,1459.46,1683.58,1426.62,496.14,260311,0.657,12,0,0,25.4,31.2,22.0,3.7,1.3,16.4,20.5,Standard
2024-12-25 22:00:00,WAN-NWK-01,WAN Primary - Facility A - AT&T MPLS,Newark,inbound,1139.48,646.4,990.2,571.74,201.77,118198,0.291,1,1,1,35.8,30.9,20.8,1.9,2.1,8.5,11.4,Business-Critical
2024-12-25 23:00:00,IX-NWK-STM-01,Inter-Facility Dark Fiber Newark-Stamford,Inter-DC,inbound,1121.45,755.29,1004.87,642.68,264.26,165690,0.34,0,2,1,35.8,32.8,17.2,1.8,1.2,11.2,11.2,Business-Critical
2024-12-26 00:00:00,WAN-NWK-02,WAN Secondary - Facility A - Lumen MPLS,Newark,inbound,719.59,390.4,653.9,336.24,182.49,69553,0.176,2,0,1,28.9,31.4,16.4,2.6,1.3,19.4,7.2,Business-Critical
2024-12-26 01:00:00,WAN-NWK-01,WAN Primary - Facility A - AT&T MPLS,Newark,outbound,1308.19,918.25,1155.62,767.52,495.58,112971,0.413,3,2,0,35.2,21.7,17.8,2.8,2.0,20.5,13.1,Standard
2024-12-26 01:00:00,WAN-STM-02,WAN Secondary - Facility B - Lumen MPLS,Stamford,outbound,1273.47,876.88,1096.01,729.9,388.29,121442,0.395,2,0,1,38.4,30.8,23.3,1.0,2.9,3.6,12.7,Business-Critical
2024-12-26 02:00:00,WAN-NWK-02,WAN Secondary - Facility A - Lumen MPLS,Newark,outbound,1008.46,692.02,955.46,600.65,242.18,123879,0.311,6,2,1,29.4,34.5,24.0,3.1,1.6,7.4,10.1,Bulk-Transfer
2024-12-26 02:00:00,WAN-STM-01,WAN Primary - Facility B - AT&T MPLS,Stamford,outbound,1040.67,561.46,913.81,550.97,253.27,137929,0.253,2,1,1,34.3,29.3,23.8,3.7,1.1,7.8,10.4,Standard
2024-12-26 05:00:00,WAN-NWK-02,WAN Secondary - Facility A - Lumen MPLS,Newark,inbound,766.15,462.34,652.13,395.23,191.34,106496,0.208,5,1,1,37.7,34.3,15.9,1.6,1.3,9.2,7.7,Standard
2024-12-26 06:00:00,WAN-NWK-01,WAN Primary - Facility A - AT&T MPLS,Newark,outbound,3875.9,2584.86,3508.77,2426.73,866.51,316561,1.163,11,2,3,32.2,26.1,19.3,2.0,2.8,17.6,38.8,Real-Time
2024-12-26 07:00:00,WAN-NWK-01,WAN Primary - Facility A - AT&T MPLS,Newark,outbound,5654.0,3629.36,4872.31,3532.07,1370.7,525973,1.633,12,9,2,32.4,21.9,21.2,4.0,1.3,19.2,56.5,Bulk-Transfer
2024-12-26 11:00:00,IX-NWK-STM-01,Inter-Facility Dark Fiber Newark-Stamford,Inter-DC,inbound,7148.51,4526.53,6153.61,4144.39,2100.91,866409,2.037,35,6,0,36.6,33.4,23.0,2.5,2.6,1.9,71.5,Bulk-Transfer
2024-12-26 12:00:00,WAN-NWK-02,WAN Secondary - Facility A - Lumen MPLS,Newark,inbound,7268.97,5058.61,6818.31,4739.84,3028.19,830499,2.276,31,15,3,37.4,28.6,21.6,3.0,1.9,7.5,72.7,Standard
2024-12-26 15:00:00,WAN-STM-02,WAN Secondary - Facility B - Lumen MPLS,Stamford,outbound,8066.37,4953.25,6832.37,4202.88,2491.81,1143067,2.229,30,16,9,39.2,34.5,15.1,3.0,2.3,5.9,80.7,Bulk-Transfer
2024-12-26 15:00:00,IX-NWK-STM-01,Inter-Facility Dark Fiber Newark-Stamford,Inter-DC,outbound,8251.02,5695.18,7012.81,5521.86,2051.88,880314,2.563,23,22,3,25.6,34.6,21.6,1.3,2.4,14.5,82.5,Bulk-Transfer
2024-12-26 17:00:00,WAN-NWK-01,WAN Primary - Facility A - AT&T MPLS,Newark,outbound,4544.28,2593.81,3931.99,2325.25,1242.79,566734,1.167,17,10,1,38.9,20.4,20.7,4.7,2.6,12.7,45.4,Business-Critical
2024-12-26 17:00:00,WAN-STM-02,WAN Secondary - Facility B - Lumen MPLS,Stamford,outbound,3793.69,2367.77,3124.89,2129.19,1075.16,513808,1.065,14,12,3,30.1,21.2,21.7,2.6,1.1,23.3,37.9,Business-Critical
2024-12-26 19:00:00,WAN-NWK-02,WAN Secondary - Facility A - Lumen MPLS,Newark,inbound,1647.51,966.6,1352.56,867.61,448.09,202980,0.435,5,0,2,34.7,33.3,23.9,4.7,2.6,0.8,16.5,Real-Time
2024-12-26 20:00:00,WAN-NWK-02,WAN Secondary - Facility A - Lumen MPLS,Newark,outbound,1629.45,919.87,1494.7,821.83,299.98,242541,0.414,5,1,2,38.2,29.2,17.0,4.6,1.7,9.3,16.3,Business-Critical
2024-12-26 21:00:00,IX-NWK-STM-01,Inter-Facility Dark Fiber Newark-Stamford,Inter-DC,outbound,1665.86,1089.48,1526.33,933.9,652.83,185434,0.49,0,1,1,36.1,24.0,17.1,4.0,1.8,17.0,16.7,Standard
2024-12-26 23:00:00,WAN-NWK-01,WAN Primary - Facility A - AT&T MPLS,Newark,outbound,1676.45,1055.9,1472.46,885.23,407.0,178170,0.475,2,2,1,29.2,21.9,19.5,4.1,1.3,24.0,16.8,Business-Critical
2024-12-27 00:00:00,IX-NWK-STM-01,Inter-Facility Dark Fiber Newark-Stamford,Inter-DC,inbound,973.19,533.81,891.2,482.4,187.34,108365,0.24,5,1,1,27.8,25.3,24.6,4.4,1.3,16.6,9.7,Business-Critical
2024-12-27 01:00:00,WAN-STM-02,WAN Secondary - Facility B - Lumen MPLS,Stamford,outbound,985.1,691.96,888.4,561.45,318.32,133588,0.311,6,4,0,31.5,25.9,19.1,2.6,1.3,19.6,9.9,Real-Time
2024-12-27 01:00:00,IX-NWK-STM-01,Inter-Facility Dark Fiber Newark-Stamford,Inter-DC,outbound,1198.39,759.5,1131.88,651.03,333.97,96710,0.342,3,0,1,39.4,22.1,16.1,3.8,1.5,17.1,12.0,Standard
2024-12-27 03:00:00,WAN-NWK-02,WAN Secondary - Facility A - Lumen MPLS,Newark,inbound,727.35,488.93,650.44,443.35,207.11,74955,0.22,0,1,1,39.9,27.8,22.4,2.5,2.3,5.1,7.3,Real-Time
2024-12-27 03:00:00,WAN-STM-02,WAN Secondary - Facility B - Lumen MPLS,Stamford,inbound,938.77,513.67,880.18,464.91,182.87,78792,0.231,3,1,0,34.2,22.8,20.7,3.5,2.8,16.0,9.4,Business-Critical
2024-12-27 04:00:00,WAN-NWK-02,WAN Secondary - Facility A - Lumen MPLS,Newark,outbound,1233.72,698.22,1031.2,600.16,381.25,140259,0.314,0,4,0,38.0,27.1,21.8,1.9,1.4,9.8,12.3,Bulk-Transfer
2024-12-27 05:00:00,WAN-NWK-01,WAN Primary - Facility A - AT&T MPLS,Newark,inbound,710.64,411.62,636.08,385.74,178.09,70281,0.185,1,1,0,39.8,31.6,21.2,3.4,1.5,2.5,7.1,Business-Critical
2024-12-27 05:00:00,WAN-NWK-02,WAN Secondary - Facility A - Lumen MPLS,Newark,inbound,800.19,508.11,660.97,503.43,261.53,105714,0.229,2,2,1,27.4,28.5,17.0,2.6,1.9,22.6,8.0,Business-Critical
2024-12-27 07:00:00,WAN-NWK-01,WAN Primary - Facility A - AT&T MPLS,Newark,inbound,3140.87,2015.63,2856.32,1970.32,995.81,333147,0.907,7,7,3,31.6,20.5,17.5,2.3,1.0,27.1,31.4,Real-Time
2024-12-27 09:00:00,WAN-NWK-02,WAN Secondary - Facility A - Lumen MPLS,Newark,inbound,6604.52,4300.45,5957.77,3621.53,1661.29,877448,1.935,22,4,2,36.3,33.4,18.7,3.0,2.9,5.7,66.0,Standard
2024-12-27 10:00:00,WAN-STM-01,WAN Primary - Facility B - AT&T MPLS,Stamford,outbound,9500.0,6744.97,7865.02,5950.42,2949.07,1312234,3.035,30,13,0,30.8,25.5,18.4,4.7,1.4,19.2,95.0,Business-Critical
2024-12-27 10:00:00,IX-NWK-STM-01,Inter-Facility Dark Fiber Newark-Stamford,Inter-DC,outbound,9500.0,6194.67,7887.66,5987.12,3269.61,832333,2.788,25,10,8,27.8,25.3,16.4,4.9,2.3,23.3,95.0,Business-Critical
2024-12-27 12:00:00,WAN-STM-02,WAN Secondary - Facility B - Lumen MPLS,Stamford,inbound,6683.89,4777.05,5883.07,4121.34,2376.04,844344,2.15,15,21,8,37.0,28.4,16.8,1.9,1.8,14.1,66.8,Bulk-Transfer
2024-12-27 13:00:00,WAN-STM-02,WAN Secondary - Facility B - Lumen MPLS,Stamford,outbound,9500.0,5478.21,8644.26,5284.88,2411.52,1139887,2.465,45,24,5,32.7,21.0,20.6,4.8,1.7,19.2,95.0,Real-Time
2024-12-27 15:00:00,WAN-NWK-01,WAN Primary - Facility A - AT&T MPLS,Newark,inbound,5973.41,3751.12,5554.34,3128.4,1578.3,839073,1.688,6,7,1,27.3,22.2,17.2,4.0,2.3,27.0,59.7,Bulk-Transfer
2024-12-27 16:00:00,WAN-NWK-01,WAN Primary - Facility A - AT&T MPLS,Newark,outbound,5232.92,3648.76,4349.68,3544.82,1462.85,625080,1.642,19,11,3,35.8,31.5,18.6,2.6,2.7,8.8,52.3,Business-Critical
2024-12-27 17:00:00,WAN-NWK-01,WAN Primary - Facility A - AT&T MPLS,Newark,outbound,4224.08,2830.15,3763.68,2425.08,1485.37,526127,1.274,20,8,4,31.6,31.3,23.8,4.0,2.9,6.4,42.2,Bulk-Transfer
2024-12-27 17:00:00,WAN-NWK-02,WAN Secondary - Facility A - Lumen MPLS,Newark,outbound,4151.68,2160.17,3774.59,1790.18,1145.72,542012,0.972,3,4,1,32.5,25.8,17.1,1.4,1.3,21.9,41.5,Real-Time
2024-12-27 17:00:00,WAN-STM-02,WAN Secondary - Facility B - Lumen MPLS,Stamford,outbound,4321.79,2603.42,3821.06,2541.1,1079.77,564132,1.172,17,6,3,28.1,33.3,17.5,1.3,2.4,17.4,43.2,Business-Critical
2024-12-27 18:00:00,WAN-STM-01,WAN Primary - Facility B - AT&T MPLS,Stamford,inbound,2478.83,1559.2,2146.5,1533.7,742.07,260696,0.702,7,5,1,37.0,21.0,20.7,4.4,2.8,14.1,24.8,Bulk-Transfer
2024-12-27 18:00:00,IX-NWK-STM-01,Inter-Facility Dark Fiber Newark-Stamford,Inter-DC,outbound,3194.77,2201.35,2699.66,2011.24,718.21,308292,0.991,2,2,1,32.4,20.6,15.2,3.0,1.4,27.4,31.9,Bulk-Transfer
2024-12-27 19:00:00,WAN-NWK-01,WAN Primary - Facility A - AT&T MPLS,Newark,outbound,2967.71,1608.12,2662.27,1329.62,728.35,267006,0.724,8,5,2,37.8,34.2,16.7,2.9,1.6,6.8,29.7,Standard
2024-12-27 19:00:00,WAN-NWK-02,WAN Secondary - Facility A - Lumen MPLS,Newark,inbound,1584.87,1047.18,1306.18,931.69,558.2,153060,0.471,0,1,0,36.8,25.8,20.6,3.9,2.9,10.0,15.8,Bulk-Transfer
2024-12-27 20:00:00,WAN-NWK-02,WAN Secondary - Facility A - Lumen MPLS,Newark,inbound,1458.83,776.2,1250.74,721.58,325.83,151111,0.349,4,0,1,28.7,24.7,21.6,2.7,2.9,19.4,14.6,Bulk-Transfer
2024-12-27 21:00:00,WAN-NWK-02,WAN Secondary - Facility A - Lumen MPLS,Newark,outbound,1686.84,1153.99,1393.58,1059.22,652.01,244494,0.519,6,4,2,26.4,26.2,15.2,2.9,2.9,26.4,16.9,Standard
2024-12-28 01:00:00,WAN-STM-01,WAN Primary - Facility B - AT&T MPLS,Stamford,inbound,1733.58,1021.67,1609.83,826.33,502.99,212510,0.46,9,0,2,36.8,30.6,21.3,1.5,2.7,7.1,17.3,Business-Critical
2024-12-28 02:00:00,WAN-STM-02,WAN Secondary - Facility B - Lumen MPLS,Stamford,inbound,1779.39,1239.73,1604.98,1086.81,629.64,250708,0.558,12,4,0,38.7,29.6,23.7,4.9,2.2,0.9,17.8,Bulk-Transfer
2024-12-28 05:00:00,WAN-NWK-01,WAN Primary - Facility A - AT&T MPLS,Newark,inbound,1440.83,866.78,1291.25,798.01,482.21,135667,0.39,6,3,0,29.8,20.7,25.0,1.7,3.0,19.8,14.4,Bulk-Transfer
2024-12-28 05:00:00,WAN-NWK-02,WAN Secondary - Facility A - Lumen MPLS,Newark,outbound,2858.58,2031.77,2556.73,1667.91,974.24,404001,0.914,3,5,3,27.5,25.1,24.4,3.6,2.6,16.8,28.6,Real-Time
2024-12-28 05:00:00,IX-NWK-STM-01,Inter-Facility Dark Fiber Newark-Stamford,Inter-DC,outbound,2126.27,1314.34,1751.77,1100.65,709.87,241957,0.591,8,3,2,26.6,25.8,18.4,2.0,1.7,25.5,21.3,Business-Critical
2024-12-28 07:00:00,WAN-STM-02,WAN Secondary - Facility B - Lumen MPLS,Stamford,inbound,1659.38,899.17,1400.79,812.09,396.76,166819,0.405,3,1,0,35.4,32.8,22.3,1.6,2.3,5.6,16.6,Business-Critical
2024-12-28 08:00:00,WAN-NWK-01,WAN Primary - Facility A - AT&T MPLS,Newark,inbound,1923.07,1002.01,1742.05,951.93,465.63,232450,0.451,8,5,0,40.0,31.1,19.3,4.0,1.8,3.8,19.2,Real-Time
2024-12-28 08:00:00,WAN-STM-01,WAN Primary - Facility B - AT&T MPLS,Stamford,outbound,2145.25,1251.56,1935.3,1061.79,710.91,233092,0.563,2,2,0,27.6,31.6,17.8,2.3,2.1,18.6,21.5,Real-Time
2024-12-28 13:00:00,WAN-STM-01,WAN Primary - Facility B - AT&T MPLS,Stamford,inbound,1791.11,1240.16,1666.99,1189.1,633.79,197463,0.558,0,2,0,30.2,34.6,21.1,3.8,3.0,7.3,17.9,Bulk-Transfer
2024-12-28 14:00:00,WAN-NWK-01,WAN Primary - Facility A - AT&T MPLS,Newark,outbound,2876.93,1946.1,2582.6,1594.56,965.31,403491,0.876,20,2,2,28.8,34.0,19.4,3.0,1.4,13.4,28.8,Business-Critical
2024-12-28 14:00:00,IX-NWK-STM-01,Inter-Facility Dark Fiber Newark-Stamford,Inter-DC,inbound,1827.54,1002.53,1620.48,974.4,339.79,151233,0.451,5,2,0,33.2,34.5,21.1,3.0,2.6,5.6,18.3,Standard
2024-12-28 15:00:00,WAN-NWK-01,WAN Primary - Facility A - AT&T MPLS,Newark,inbound,1586.29,830.27,1333.68,675.81,307.73,233990,0.374,6,2,2,30.0,28.1,17.9,2.7,1.7,19.6,15.9,Business-Critical
2024-12-28 15:00:00,WAN-STM-01,WAN Primary - Facility B - AT&T MPLS,Stamford,inbound,1611.57,1050.48,1431.67,880.45,514.32,186436,0.473,7,3,0,29.7,24.9,15.6,4.3,2.8,22.7,16.1,Real-Time
2024-12-28 16:00:00,WAN-NWK-02,WAN Secondary - Facility A - Lumen MPLS,Newark,inbound,1863.67,984.4,1702.23,827.52,439.16,199580,0.443,7,4,0,25.4,22.0,22.9,4.7,2.6,22.4,18.6,Bulk-Transfer
2024-12-28 17:00:00,WAN-NWK-01,WAN Primary - Facility A - AT&T MPLS,Newark,inbound,2002.94,1357.46,1712.47,1330.51,725.66,196116,0.611,8,2,0,31.0,27.0,20.1,1.3,1.6,19.0,20.0,Bulk-Transfer
2024-12-28 19:00:00,WAN-STM-02,WAN Secondary - Facility B - Lumen MPLS,Stamford,outbound,2234.9,1490.6,2036.14,1370.01,556.86,299205,0.671,10,5,2,37.1,28.3,19.3,1.8,1.5,12.0,22.3,Real-Time
2024-12-28 20:00:00,WAN-NWK-02,WAN Secondary - Facility A - Lumen MPLS,Newark,inbound,1915.28,1263.37,1611.51,1054.43,442.46,201615,0.569,0,6,2,36.4,31.9,16.4,4.3,2.7,8.3,19.2,Bulk-Transfer
2024-12-28 23:00:00,WAN-STM-01,WAN Primary - Facility B - AT&T MPLS,Stamford,inbound,1829.8,977.24,1607.13,792.85,385.03,190111,0.44,5,2,0,39.3,33.1,17.5,3.2,2.0,4.9,18.3,Standard
2024-12-29 00:00:00,WAN-STM-02,WAN Secondary - Facility B - Lumen MPLS,Stamford,inbound,1649.91,859.1,1466.23,838.28,411.21,179057,0.387,1,4,1,26.2,25.7,21.8,4.1,2.3,19.9,16.5,Standard
2024-12-29 01:00:00,WAN-NWK-02,WAN Secondary - Facility A - Lumen MPLS,Newark,inbound,2005.7,1122.77,1782.83,900.66,630.45,292845,0.505,0,6,0,37.4,23.3,21.9,3.5,2.9,11.0,20.1,Bulk-Transfer
2024-12-29 02:00:00,WAN-NWK-02,WAN Secondary - Facility A - Lumen MPLS,Newark,outbound,2376.49,1565.77,2097.56,1445.94,656.16,214694,0.705,8,2,1,32.6,21.8,23.5,2.4,2.1,17.6,23.8,Bulk-Transfer
2024-12-29 04:00:00,IX-NWK-STM-01,Inter-Facility Dark Fiber Newark-Stamford,Inter-DC,inbound,1951.12,1382.44,1613.72,1312.93,827.98,191883,0.622,9,0,0,36.0,29.3,18.6,1.3,2.8,12.0,19.5,Real-Time
2024-12-29 05:00:00,WAN-NWK-02,WAN Secondary - Facility A - Lumen MPLS,Newark,inbound,1829.1,1063.18,1617.94,965.6,546.45,271300,0.478,4,6,2,26.5,30.0,24.0,2.2,1.6,15.7,18.3,Bulk-Transfer
2024-12-29 06:00:00,WAN-STM-02,WAN Secondary - Facility B - Lumen MPLS,Stamford,outbound,2719.4,1719.21,2285.81,1647.58,925.06,368192,0.774,3,4,2,26.8,22.8,24.9,4.5,2.6,18.4,27.2,Business-Critical
2024-12-29 07:00:00,WAN-STM-02,WAN Secondary - Facility B - Lumen MPLS,Stamford,outbound,2108.29,1159.92,1774.77,1084.0,383.26,240189,0.522,3,6,1,27.8,23.4,21.0,1.5,2.5,23.8,21.1,Business-Critical
2024-12-29 07:00:00,IX-NWK-STM-01,Inter-Facility Dark Fiber Newark-Stamford,Inter-DC,inbound,1625.56,1093.77,1433.31,1039.78,366.89,141906,0.492,0,3,0,35.3,28.8,19.6,4.9,2.2,9.2,16.3,Business-Critical
2024-12-29 07:00:00,IX-NWK-STM-01,Inter-Facility Dark Fiber Newark-Stamford,Inter-DC,outbound,2689.62,1700.03,2472.48,1367.38,879.84,351956,0.765,15,7,3,34.1,34.5,19.0,2.5,1.1,8.8,26.9,Standard
2024-12-29 12:00:00,WAN-STM-01,WAN Primary - Facility B - AT&T MPLS,Stamford,outbound,2381.31,1398.44,2236.1,1252.57,649.44,338415,0.629,5,9,2,39.9,27.7,18.3,4.1,1.4,8.6,23.8,Real-Time
2024-12-29 13:00:00,IX-NWK-STM-01,Inter-Facility Dark Fiber Newark-Stamford,Inter-DC,outbound,2462.62,1702.35,2090.15,1432.64,738.2,314141,0.766,7,2,3,33.1,31.3,16.7,3.8,2.5,12.6,24.6,Standard
2024-12-29 14:00:00,WAN-NWK-01,WAN Primary - Facility A - AT&T MPLS,Newark,outbound,2307.96,1393.87,2094.67,1391.46,770.16,275825,0.627,12,0,0,36.8,31.1,17.1,2.7,2.9,9.4,23.1,Standard
2024-12-29 15:00:00,WAN-NWK-01,WAN Primary - Facility A - AT&T MPLS,Newark,inbound,2063.71,1247.51,1846.41,1056.4,702.41,239627,0.561,6,2,0,28.2,34.8,24.4,1.3,2.7,8.6,20.6,Real-Time
2024-12-29 15:00:00,WAN-STM-02,WAN Secondary - Facility B - Lumen MPLS,Stamford,outbound,2835.54,1781.8,2539.11,1442.53,846.75,348113,0.802,11,5,2,36.5,21.0,15.8,1.7,2.0,23.0,28.4,Business-Critical
2024-12-29 17:00:00,WAN-STM-01,WAN Primary - Facility B - AT&T MPLS,Stamford,inbound,1473.23,880.47,1282.9,737.79,337.26,130913,0.396,6,0,0,28.3,32.3,20.3,4.8,2.2,12.1,14.7,Real-Time
2024-12-29 19:00:00,WAN-NWK-02,WAN Secondary - Facility A - Lumen MPLS,Newark,inbound,1852.37,968.31,1754.72,846.57,300.72,187215,0.436,0,0,0,31.5,25.3,24.5,4.2,2.3,12.2,18.5,Bulk-Transfer
2024-12-29 20:00:00,WAN-NWK-02,WAN Secondary - Facility A - Lumen MPLS,Newark,inbound,1755.99,994.33,1446.05,876.16,475.79,204257,0.447,7,3,1,29.6,30.9,15.2,3.9,1.7,18.7,17.6,Standard
2024-12-29 22:00:00,WAN-NWK-02,WAN Secondary - Facility A - Lumen MPLS,Newark,inbound,1864.11,1172.5,1530.24,1161.54,679.98,227873,0.528,9,1,1,29.3,21.8,24.5,1.8,1.8,20.8,18.6,Standard
2024-12-29 22:00:00,WAN-NWK-02,WAN Secondary - Facility A - Lumen MPLS,Newark,outbound,2092.34,1376.1,1759.79,1240.26,553.4,308002,0.619,2,0,0,34.7,26.3,22.2,4.2,2.9,9.7,20.9,Business-Critical
2024-12-29 22:00:00,IX-NWK-STM-01,Inter-Facility Dark Fiber Newark-Stamford,Inter-DC,outbound,2361.43,1259.4,2188.59,1012.37,468.75,260553,0.567,0,1,1,34.5,25.2,19.0,4.9,2.1,14.3,23.6,Bulk-Transfer
2024-12-29 23:00:00,WAN-NWK-02,WAN Secondary - Facility A - Lumen MPLS,Newark,outbound,2141.2,1445.82,1904.8,1315.37,546.05,265215,0.651,10,1,2,30.9,25.6,15.3,1.3,1.3,25.6,21.4,Bulk-Transfer
2024-12-29 23:00:00,WAN-STM-02,WAN Secondary - Facility B - Lumen MPLS,Stamford,inbound,1511.43,1083.63,1333.63,962.36,454.18,140118,0.488,1,0,1,31.7,34.8,18.4,2.8,2.1,10.2,15.1,Bulk-Transfer
2024-12-30 00:00:00,WAN-STM-01,WAN Primary - Facility B - AT&T MPLS,Stamford,inbound,781.91,489.11,685.72,409.95,168.3,104418,0.22,4,2,0,37.7,32.5,19.9,2.2,2.6,5.1,7.8,Business-Critical
2024-12-30 00:00:00,IX-NWK-STM-01,Inter-Facility Dark Fiber Newark-Stamford,Inter-DC,inbound,784.08,539.32,649.0,516.11,270.35,109380,0.243,2,1,1,33.0,26.9,15.7,1.8,3.0,19.6,7.8,Business-Critical
2024-12-30 02:00:00,WAN-STM-01,WAN Primary - Facility B - AT&T MPLS,Stamford,outbound,990.53,652.51,867.23,576.16,212.42,129451,0.294,2,3,0,27.5,28.0,21.9,1.5,2.8,18.3,9.9,Real-Time
2024-12-30 03:00:00,WAN-NWK-02,WAN Secondary - Facility A - Lumen MPLS,Newark,outbound,1199.08,841.9,995.73,715.04,486.98,108802,0.379,0,3,1,28.3,29.4,17.3,1.3,3.0,20.7,12.0,Standard
2024-12-30 04:00:00,WAN-NWK-01,WAN Primary - Facility A - AT&T MPLS,Newark,outbound,1339.56,820.2,1115.91,716.98,294.21,158507,0.369,0,2,1,31.2,20.8,24.2,4.0,2.0,17.8,13.4,Bulk-Transfer
2024-12-30 04:00:00,WAN-NWK-02,WAN Secondary - Facility A - Lumen MPLS,Newark,outbound,1020.05,562.55,865.79,471.03,258.88,97891,0.253,1,0,1,36.6,30.2,18.6,4.1,1.1,9.4,10.2,Real-Time
2024-12-30 05:00:00,WAN-NWK-02,WAN Secondary - Facility A - Lumen MPLS,Newark,outbound,1044.22,640.34,973.99,614.78,332.74,139124,0.288,5,1,0,35.2,25.6,22.4,4.3,1.8,10.7,10.4,Standard
2024-12-30 05:00:00,WAN-STM-01,WAN Primary - Facility B - AT&T MPLS,Stamford,inbound,857.74,558.67,714.95,481.58,260.41,81076,0.251,3,2,1,38.1,29.0,20.4,1.2,1.9,9.4,8.6,Business-Critical
2024-12-30 05:00:00,WAN-STM-01,WAN Primary - Facility B - AT&T MPLS,Stamford,outbound,1324.06,755.58,1178.65,696.34,319.74,134257,0.34,1,4,0,28.6,31.5,23.2,1.7,3.0,12.0,13.2,Bulk-Transfer
2024-12-30 05:00:00,WAN-STM-02,WAN Secondary - Facility B - Lumen MPLS,Stamford,inbound,753.53,400.39,664.06,373.53,163.47,103487,0.18,4,0,1,37.1,27.6,15.4,2.6,1.1,16.2,7.5,Business-Critical
2024-12-30 06:00:00,IX-NWK-STM-01,Inter-Facility Dark Fiber Newark-Stamford,Inter-DC,outbound,2989.19,1932.27,2525.41,1895.78,724.46,332274,0.87,2,2,3,38.4,22.2,21.3,3.4,2.0,12.7,29.9,Business-Critical
2024-12-30 07:00:00,WAN-NWK-01,WAN Primary - Facility A - AT&T MPLS,Newark,inbound,3544.23,1977.34,3337.34,1964.92,971.88,408030,0.89,10,11,2,37.5,30.0,21.6,2.1,2.9,5.9,35.4,Standard
2024-12-30 08:00:00,IX-NWK-STM-01,Inter-Facility Dark Fiber Newark-Stamford,Inter-DC,inbound,5515.5,3146.53,5082.38,2847.6,1855.77,617221,1.416,12,4,6,27.3,35.0,19.4,4.3,1.6,12.4,55.2,Real-Time
2024-12-30 09:00:00,WAN-NWK-01,WAN Primary - Facility A - AT&T MPLS,Newark,outbound,8752.14,4559.93,7595.87,3769.24,2205.33,780258,2.052,35,9,2,25.4,32.7,16.8,4.9,1.2,19.0,87.5,Bulk-Transfer
2024-12-30 10:00:00,WAN-NWK-02,WAN Secondary - Facility A - Lumen MPLS,Newark,outbound,8611.83,4576.98,8023.37,3883.76,2625.16,809588,2.06,9,7,5,33.9,30.9,21.4,3.6,2.7,7.5,86.1,Real-Time
2024-12-30 12:00:00,WAN-NWK-01,WAN Primary - Facility A - AT&T MPLS,Newark,inbound,9500.0,5726.28,8322.08,5252.01,3284.87,1153009,2.577,39,7,9,37.3,29.4,21.9,3.6,2.9,4.9,95.0,Real-Time
2024-12-30 12:00:00,WAN-NWK-02,WAN Secondary - Facility A - Lumen MPLS,Newark,inbound,6540.77,4494.9,5773.29,4064.89,2049.5,792970,2.023,31,10,2,34.5,30.9,17.5,2.4,2.5,12.2,65.4,Bulk-Transfer
2024-12-30 12:00:00,WAN-STM-02,WAN Secondary - Facility B - Lumen MPLS,Stamford,inbound,6684.82,3617.82,6047.38,2949.7,1822.69,684865,1.628,27,14,3,36.7,28.2,17.9,1.5,2.9,12.8,66.8,Real-Time
2024-12-30 12:00:00,WAN-STM-02,WAN Secondary - Facility B - Lumen MPLS,Stamford,outbound,8612.52,5465.38,7147.06,4472.36,2099.17,1274279,2.459,41,10,0,37.9,27.7,16.5,4.7,1.8,11.4,86.1,Bulk-Transfer
2024-12-30 13:00:00,WAN-STM-02,WAN Secondary - Facility B - Lumen MPLS,Stamford,inbound,6648.54,3684.31,6004.76,3602.06,2161.54,766751,1.658,19,20,4,28.8,33.0,23.0,4.3,2.8,8.1,66.5,Bulk-Transfer
2024-12-30 16:00:00,IX-NWK-STM-01,Inter-Facility Dark Fiber Newark-Stamford,Inter-DC,inbound,3389.68,1933.95,3019.03,1641.09,1153.8,353238,0.87,0,10,3,34.8,28.2,19.1,2.2,2.9,12.8,33.9,Bulk-Transfer
2024-12-30 16:00:00,IX-NWK-STM-01,Inter-Facility Dark Fiber Newark-Stamford,Inter-DC,outbound,4631.81,3302.48,3951.01,2708.54,1062.75,626248,1.486,25,6,5,35.9,33.6,21.5,4.6,1.4,3.0,46.3,Standard
2024-12-30 22:00:00,WAN-STM-02,WAN Secondary - Facility B - Lumen MPLS,Stamford,inbound,1109.48,701.49,916.39,668.07,406.86,120268,0.316,0,2,1,31.2,32.8,17.9,4.6,2.1,11.4,11.1,Standard
2024-12-31 05:00:00,WAN-STM-01,WAN Primary - Facility B - AT&T MPLS,Stamford,inbound,843.55,583.94,767.75,478.55,323.48,68953,0.263,2,0,1,31.6,28.7,21.3,3.3,2.0,13.1,8.4,Business-Critical
2024-12-31 06:00:00,IX-NWK-STM-01,Inter-Facility Dark Fiber Newark-Stamford,Inter-DC,inbound,2707.16,1914.51,2474.17,1735.15,1099.86,389841,0.862,7,2,0,37.2,23.2,15.5,4.6,2.1,17.4,27.1,Standard
2024-12-31 08:00:00,WAN-STM-02,WAN Secondary - Facility B - Lumen MPLS,Stamford,inbound,4958.04,2746.63,4070.13,2599.17,1587.81,414693,1.236,19,0,0,30.2,24.2,18.8,4.9,1.1,20.8,49.6,Bulk-Transfer
2024-12-31 08:00:00,WAN-STM-02,WAN Secondary - Facility B - Lumen MPLS,Stamford,outbound,8062.13,4614.66,7271.04,3983.04,2511.23,1034806,2.077,5,5,6,36.7,32.1,24.8,4.4,1.9,0.1,80.6,Real-Time
2024-12-31 10:00:00,WAN-STM-02,WAN Secondary - Facility B - Lumen MPLS,Stamford,inbound,7354.0,4314.28,6528.3,3869.22,1595.94,819049,1.941,6,19,1,25.5,32.2,20.0,1.6,2.6,18.1,73.5,Bulk-Transfer
2024-12-31 11:00:00,WAN-NWK-01,WAN Primary - Facility A - AT&T MPLS,Newark,inbound,7104.4,3726.6,6353.15,3684.85,1808.73,747646,1.677,11,9,6,36.2,27.0,21.6,2.5,2.7,10.0,71.0,Standard
2024-12-31 13:00:00,WAN-NWK-02,WAN Secondary - Facility A - Lumen MPLS,Newark,outbound,8111.1,4575.2,7140.07,3948.19,1790.43,791809,2.059,10,22,2,32.1,25.8,24.5,1.6,1.1,14.9,81.1,Standard
2024-12-31 14:00:00,WAN-STM-01,WAN Primary - Facility B - AT&T MPLS,Stamford,inbound,8717.0,5928.42,7475.22,5216.54,2812.99,1139451,2.668,0,16,7,33.3,34.5,20.7,1.4,2.7,7.4,87.2,Bulk-Transfer
2024-12-31 18:00:00,WAN-NWK-02,WAN Secondary - Facility A - Lumen MPLS,Newark,outbound,3044.13,1667.63,2812.39,1600.31,982.04,322918,0.75,0,2,0,25.0,29.1,17.6,2.6,2.8,22.9,30.4,Bulk-Transfer
2024-12-31 19:00:00,WAN-STM-01,WAN Primary - Facility B - AT&T MPLS,Stamford,outbound,2315.9,1549.9,1988.68,1303.14,741.5,291275,0.697,13,4,2,37.8,24.3,17.1,4.2,2.9,13.7,23.2,Business-Critical
2024-12-31 20:00:00,WAN-STM-01,WAN Primary - Facility B - AT&T MPLS,Stamford,inbound,1063.15,725.68,949.73,623.25,382.16,154904,0.327,1,3,0,37.7,33.7,22.4,3.1,2.4,0.7,10.6,Bulk-Transfer
2024-12-31 22:00:00,WAN-NWK-02,WAN Secondary - Facility A - Lumen MPLS,Newark,outbound,1650.85,1031.59,1512.41,919.3,554.23,232157,0.464,10,6,2,35.0,27.5,17.3,2.4,2.7,15.1,16.5,Real-Time
2025-01-01 01:00:00,WAN-NWK-01,WAN Primary - Facility A - AT&T MPLS,Newark,inbound,810.61,541.07,694.28,502.36,200.65,112884,0.243,1,0,0,27.7,30.6,23.1,4.3,1.4,12.9,8.1,Business-Critical
2025-01-01 01:00:00,WAN-NWK-02,WAN Secondary - Facility A - Lumen MPLS,Newark,outbound,1196.45,667.56,988.85,587.6,363.28,177150,0.3,3,1,1,30.8,27.1,16.6,1.9,2.1,21.5,12.0,Business-Critical
2025-01-01 03:00:00,WAN-NWK-01,WAN Primary - Facility A - AT&T MPLS,Newark,outbound,1184.47,737.85,1097.68,645.86,254.26,170358,0.332,2,2,0,28.8,32.7,20.8,2.6,2.1,13.0,11.8,Standard
2025-01-01 04:00:00,WAN-NWK-01,WAN Primary - Facility A - AT&T MPLS,Newark,outbound,1052.4,702.18,890.62,568.89,321.17,105243,0.316,2,2,1,35.5,25.4,17.0,1.8,1.4,18.9,10.5,Business-Critical
2025-01-01 04:00:00,IX-NWK-STM-01,Inter-Facility Dark Fiber Newark-Stamford,Inter-DC,outbound,998.14,610.08,896.15,534.28,201.07,148109,0.275,7,4,1,32.8,34.4,22.4,2.2,2.9,5.3,10.0,Business-Critical
2025-01-01 05:00:00,WAN-NWK-02,WAN Secondary - Facility A - Lumen MPLS,Newark,inbound,779.98,446.8,729.67,398.18,226.85,75604,0.201,1,2,1,39.5,20.2,16.5,1.5,1.3,21.0,7.8,Standard
2025-01-01 06:00:00,WAN-NWK-01,WAN Primary - Facility A - AT&T MPLS,Newark,inbound,2414.7,1336.42,2168.17,1179.26,731.99,297276,0.601,8,6,2,28.2,34.8,21.4,3.9,1.7,10.0,24.1,Real-Time
2025-01-01 06:00:00,WAN-STM-02,WAN Secondary - Facility B - Lumen MPLS,Stamford,outbound,3088.08,2079.74,2700.62,1806.78,1001.79,364813,0.936,17,2,1,34.3,32.1,15.8,2.7,2.3,12.8,30.9,Real-Time
2025-01-01 07:00:00,WAN-STM-02,WAN Secondary - Facility B - Lumen MPLS,Stamford,outbound,5463.84,3534.23,5179.58,3098.76,1581.3,816314,1.59,29,16,8,37.4,24.0,17.9,2.0,2.5,16.2,54.6,Bulk-Transfer
2025-01-01 10:00:00,WAN-NWK-02,WAN Secondary - Facility A - Lumen MPLS,Newark,inbound,5404.49,3462.65,4472.81,3267.31,2019.45,735259,1.558,1,19,0,33.1,25.7,22.5,3.0,1.6,14.1,54.0,Standard
2025-01-01 13:00:00,WAN-NWK-01,WAN Primary - Facility A - AT&T MPLS,Newark,inbound,8736.22,4928.31,7510.11,4103.01,1825.02,736651,2.218,17,2,7,33.0,34.9,15.9,2.4,1.4,12.4,87.4,Real-Time
2025-01-01 13:00:00,WAN-STM-01,WAN Primary - Facility B - AT&T MPLS,Stamford,outbound,9500.0,5175.51,8438.94,5151.94,2608.33,1324266,2.329,4,32,10,28.1,28.3,15.8,3.5,1.4,22.9,95.0,Business-Critical
2025-01-01 18:00:00,WAN-NWK-02,WAN Secondary - Facility A - Lumen MPLS,Newark,inbound,2743.92,1538.18,2441.63,1275.61,706.56,384933,0.692,1,2,2,31.2,32.6,16.3,3.9,1.9,14.1,27.4,Business-Critical
2025-01-01 18:00:00,WAN-STM-02,WAN Secondary - Facility B - Lumen MPLS,Stamford,inbound,2115.52,1190.74,1854.54,1012.52,590.76,181339,0.536,0,4,0,31.9,23.7,18.4,1.0,2.3,22.7,21.2,Bulk-Transfer
2025-01-01 20:00:00,WAN-NWK-01,WAN Primary - Facility A - AT&T MPLS,Newark,inbound,1203.81,731.69,1055.34,595.17,384.82,131672,0.329,3,1,1,37.4,23.4,20.1,3.0,1.8,14.3,12.0,Standard
2025-01-01 20:00:00,WAN-NWK-01,WAN Primary - Facility A - AT&T MPLS,Newark,outbound,1800.22,983.69,1477.35,821.75,370.45,265913,0.443,13,4,0,27.4,28.7,21.0,4.7,1.9,16.3,18.0,Standard
2025-01-01 23:00:00,WAN-STM-02,WAN Secondary - Facility B - Lumen MPLS,Stamford,inbound,1441.64,983.01,1312.65,954.24,449.25,127356,0.442,6,2,1,35.4,26.7,18.0,3.3,2.1,14.5,14.4,Standard
2025-01-02 00:00:00,WAN-NWK-02,WAN Secondary - Facility A - Lumen MPLS,Newark,outbound,999.07,637.6,935.4,593.3,192.59,143446,0.287,0,0,1,25.5,25.0,15.5,1.7,1.9,30.4,10.0,Standard
2025-01-02 00:00:00,WAN-STM-01,WAN Primary - Facility B - AT&T MPLS,Stamford,outbound,1252.19,728.04,1112.68,632.11,325.74,115313,0.328,5,3,1,29.3,27.8,17.3,4.6,1.5,19.5,12.5,Business-Critical
2025-01-02 00:00:00,IX-NWK-STM-01,Inter-Facility Dark Fiber Newark-Stamford,Inter-DC,inbound,861.5,576.98,733.8,532.38,211.01,105084,0.26,1,2,1,35.6,32.4,15.2,2.0,2.8,12.0,8.6,Business-Critical
2025-01-02 01:00:00,WAN-NWK-01,WAN Primary - Facility A - AT&T MPLS,Newark,inbound,782.01,467.37,703.24,377.1,206.76,94616,0.21,2,1,0,31.7,23.0,23.3,2.5,2.8,16.7,7.8,Bulk-Transfer
2025-01-02 01:00:00,WAN-STM-01,WAN Primary - Facility B - AT&T MPLS,Stamford,inbound,876.35,517.85,805.06,445.32,300.0,129841,0.233,4,1,1,33.8,22.2,20.6,2.2,1.9,19.3,8.8,Business-Critical
2025-01-02 01:00:00,IX-NWK-STM-01,Inter-Facility Dark Fiber Newark-Stamford,Inter-DC,outbound,1005.38,570.88,924.78,517.7,291.16,91631,0.257,0,1,0,32.1,22.4,16.2,1.8,2.9,24.6,10.1,Real-Time
2025-01-02 02:00:00,WAN-NWK-01,WAN Primary - Facility A - AT&T MPLS,Newark,outbound,1396.9,803.93,1225.82,737.87,407.95,176064,0.362,6,5,1,37.3,34.3,19.1,3.2,2.9,3.2,14.0,Bulk-Transfer
2025-01-02 03:00:00,WAN-NWK-02,WAN Secondary - Facility A - Lumen MPLS,Newark,outbound,1376.58,862.33,1268.97,719.08,339.22,204506,0.388,8,5,2,35.4,20.4,15.6,3.0,1.1,24.5,13.8,Bulk-Transfer
2025-01-02 03:00:00,IX-NWK-STM-01,Inter-Facility Dark Fiber Newark-Stamford,Inter-DC,outbound,1363.68,949.07,1143.11,786.17,426.68,186434,0.427,5,4,0,27.5,30.8,17.0,2.7,1.7,20.3,13.6,Business-Critical
2025-01-02 04:00:00,WAN-NWK-01,WAN Primary - Facility A - AT&T MPLS,Newark,inbound,884.64,523.64,733.15,454.71,259.93,96058,0.236,0,2,1,31.6,28.3,15.7,1.8,2.4,20.2,8.8,Real-Time
2025-01-02 04:00:00,WAN-NWK-02,WAN Secondary - Facility A - Lumen MPLS,Newark,inbound,731.57,407.91,636.42,355.57,158.09,107581,0.184,2,1,0,37.1,27.3,15.6,1.4,2.5,16.1,7.3,Standard
2025-01-02 04:00:00,WAN-STM-01,WAN Primary - Facility B - AT&T MPLS,Stamford,outbound,1231.11,777.15,1124.97,709.9,294.11,117283,0.35,2,2,1,33.6,29.5,23.9,3.5,2.2,7.3,12.3,Standard
2025-01-02 05:00:00,WAN-NWK-02,WAN Secondary - Facility A - Lumen MPLS,Newark,inbound,885.24,481.11,833.87,415.5,229.54,119970,0.216,4,3,1,27.3,25.6,22.2,1.6,2.7,20.6,8.9,Business-Critical
2025-01-02 08:00:00,IX-NWK-STM-01,Inter-Facility Dark Fiber Newark-Stamford,Inter-DC,outbound,7486.5,4381.43,6771.19,4146.69,1343.29,792097,1.972,7,15,0,30.4,32.1,21.3,3.9,2.7,9.6,74.9,Real-Time
2025-01-02 09:00:00,WAN-NWK-01,WAN Primary - Facility A - AT&T MPLS,Newark,outbound,7995.44,5310.36,7007.31,5274.39,2311.12,1020038,2.39,32,15,4,27.2,24.3,17.7,1.7,2.9,26.2,80.0,Standard
2025-01-02 09:00:00,WAN-NWK-02,WAN Secondary - Facility A - Lumen MPLS,Newark,outbound,8271.81,4616.69,6973.08,4585.14,2689.0,1203257,2.078,39,20,3,37.7,30.5,16.6,1.7,2.5,11.0,82.7,Real-Time
2025-01-02 10:00:00,WAN-NWK-02,WAN Secondary - Facility A - Lumen MPLS,Newark,outbound,9429.29,5920.16,7835.75,5437.9,2804.35,1180672,2.664,55,28,5,27.4,34.2,20.8,3.3,1.2,13.1,94.3,Standard
2025-01-02 10:00:00,IX-NWK-STM-01,Inter-Facility Dark Fiber Newark-Stamford,Inter-DC,outbound,8210.9,5700.84,6937.2,5232.68,2005.69,973226,2.565,13,15,0,28.7,27.3,23.6,2.9,1.3,16.2,82.1,Business-Critical
2025-01-02 13:00:00,WAN-NWK-01,WAN Primary - Facility A - AT&T MPLS,Newark,inbound,8119.27,5412.43,7065.5,4336.94,2466.89,1118345,2.436,44,33,1,27.3,34.7,23.0,4.2,1.2,9.6,81.2,Standard
2025-01-02 14:00:00,WAN-NWK-02,WAN Secondary - Facility A - Lumen MPLS,Newark,outbound,7886.37,4488.06,6895.05,4192.53,1406.05,895580,2.02,12,26,2,38.7,31.8,22.6,4.4,2.8,0,78.9,Standard
2025-01-02 14:00:00,WAN-STM-01,WAN Primary - Facility B - AT&T MPLS,Stamford,inbound,7561.82,5078.39,6515.25,4934.76,2818.99,830155,2.285,12,0,6,28.2,21.2,17.3,4.8,2.2,26.3,75.6,Business-Critical
2025-01-02 16:00:00,WAN-STM-02,WAN Secondary - Facility B - Lumen MPLS,Stamford,outbound,5309.86,2775.23,4598.12,2296.58,1196.86,688024,1.249,15,2,1,34.7,25.0,22.4,3.8,2.9,11.2,53.1,Real-Time
2025-01-02 18:00:00,WAN-STM-02,WAN Secondary - Facility B - Lumen MPLS,Stamford,outbound,3045.53,1909.43,2545.66,1573.82,824.29,278475,0.859,11,0,1,32.0,27.5,23.9,1.4,2.0,13.2,30.5,Bulk-Transfer
2025-01-02 20:00:00,WAN-STM-01,WAN Primary - Facility B - AT&T MPLS,Stamford,outbound,1651.32,1084.59,1414.22,881.27,334.84,195260,0.488,5,0,1,30.5,26.0,23.7,4.2,1.0,14.6,16.5,Real-Time
2025-01-02 20:00:00,WAN-STM-02,WAN Secondary - Facility B - Lumen MPLS,Stamford,inbound,1061.45,699.39,975.96,573.63,341.22,153972,0.315,2,2,1,26.2,24.7,18.4,4.7,1.7,24.3,10.6,Real-Time
2025-01-02 20:00:00,WAN-STM-02,WAN Secondary - Facility B - Lumen MPLS,Stamford,outbound,1708.7,1061.4,1485.5,953.29,347.52,186497,0.478,6,5,1,30.8,32.6,19.1,4.7,2.6,10.2,17.1,Real-Time
2025-01-02 21:00:00,WAN-NWK-02,WAN Secondary - Facility A - Lumen MPLS,Newark,inbound,1437.22,806.41,1190.03,702.21,251.21,175210,0.363,2,3,1,36.3,31.1,20.4,1.4,1.8,9.0,14.4,Business-Critical
2025-01-02 23:00:00,IX-NWK-STM-01,Inter-Facility Dark Fiber Newark-Stamford,Inter-DC,outbound,1765.63,1125.09,1615.34,1054.68,656.65,162118,0.506,6,3,0,38.9,30.4,24.6,2.0,1.6,2.5,17.7,Business-Critical
2025-01-03 00:00:00,WAN-STM-02,WAN Secondary - Facility B - Lumen MPLS,Stamford,outbound,1195.02,698.74,1000.22,694.95,390.89,116419,0.314,4,2,0,32.6,31.5,22.7,3.4,2.5,7.3,12.0,Bulk-Transfer
2025-01-03 00:00:00,IX-NWK-STM-01,Inter-Facility Dark Fiber Newark-Stamford,Inter-DC,inbound,948.67,623.1,855.95,552.08,333.81,93022,0.28,1,2,1,35.8,24.1,17.5,4.3,1.2,17.1,9.5,Standard
2025-01-03 04:00:00,IX-NWK-STM-01,Inter-Facility Dark Fiber Newark-Stamford,Inter-DC,inbound,724.2,478.4,670.89,406.73,274.16,94155,0.215,1,0,1,26.7,24.2,18.2,2.0,1.9,27.0,7.2,Business-Critical
2025-01-03 06:00:00,WAN-NWK-01,WAN Primary - Facility A - AT&T MPLS,Newark,inbound,2644.55,1492.6,2294.88,1462.73,608.77,247656,0.672,6,5,1,32.5,31.6,20.8,4.6,3.0,7.5,26.4,Bulk-Transfer
2025-01-03 06:00:00,WAN-NWK-02,WAN Secondary - Facility A - Lumen MPLS,Newark,inbound,2295.37,1262.69,1920.47,1126.46,718.96,219039,0.568,4,0,0,34.0,26.0,17.7,1.6,1.9,18.8,23.0,Real-Time
2025-01-03 06:00:00,WAN-NWK-02,WAN Secondary - Facility A - Lumen MPLS,Newark,outbound,3250.1,2114.79,2865.08,1933.01,1241.43,460516,0.952,23,5,3,30.6,28.3,19.7,1.0,2.2,18.2,32.5,Bulk-Transfer
2025-01-03 07:00:00,WAN-NWK-01,WAN Primary - Facility A - AT&T MPLS,Newark,outbound,5425.27,3317.65,5054.49,3227.78,1014.93,695668,1.493,20,8,1,30.2,32.9,19.9,4.7,2.8,9.5,54.3,Bulk-Transfer
2025-01-03 07:00:00,WAN-STM-01,WAN Primary - Facility B - AT&T MPLS,Stamford,outbound,4691.2,2481.5,4452.82,2042.29,1019.84,639954,1.117,9,16,2,33.0,26.8,15.0,1.1,2.9,21.2,46.9,Bulk-Transfer
2025-01-03 08:00:00,IX-NWK-STM-01,Inter-Facility Dark Fiber Newark-Stamford,Inter-DC,inbound,4754.39,3072.65,3984.22,2620.49,1333.22,542716,1.383,12,10,2,35.1,22.8,20.6,4.7,2.9,13.9,47.5,Business-Critical
2025-01-03 09:00:00,WAN-STM-02,WAN Secondary - Facility B - Lumen MPLS,Stamford,outbound,9500.0,5415.39,8491.3,5066.19,1955.74,1128260,2.437,19,3,3,35.5,34.4,24.4,3.7,1.4,0.6,95.0,Bulk-Transfer
2025-01-03 10:00:00,WAN-NWK-01,WAN Primary - Facility A - AT&T MPLS,Newark,inbound,6877.02,4656.87,6250.1,4105.23,2248.85,761382,2.096,25,17,2,30.9,28.1,22.2,2.4,2.8,13.6,68.8,Standard
2025-01-03 12:00:00,IX-NWK-STM-01,Inter-Facility Dark Fiber Newark-Stamford,Inter-DC,inbound,6768.99,3982.15,6067.8,3475.71,1377.42,663113,1.792,22,13,1,32.6,27.2,20.2,2.5,1.5,16.0,67.7,Standard
2025-01-03 13:00:00,WAN-NWK-02,WAN Secondary - Facility A - Lumen MPLS,Newark,inbound,6073.89,4051.5,5703.77,3414.86,1633.01,678977,1.823,1,7,4,28.3,31.0,17.6,2.6,2.7,17.8,60.7,Standard
2025-01-03 13:00:00,IX-NWK-STM-01,Inter-Facility Dark Fiber Newark-Stamford,Inter-DC,outbound,9285.81,4867.27,8627.02,4654.83,2582.77,1129572,2.19,52,18,2,39.1,20.2,21.5,4.1,1.2,13.9,92.9,Bulk-Transfer
2025-01-03 14:00:00,WAN-NWK-01,WAN Primary - Facility A - AT&T MPLS,Newark,outbound,9500.0,5024.33,8070.57,4931.33,2038.37,765643,2.261,32,6,4,26.4,23.1,18.3,3.0,2.7,26.5,95.0,Business-Critical
2025-01-03 14:00:00,WAN-STM-01,WAN Primary - Facility B - AT&T MPLS,Stamford,inbound,8640.41,4843.95,7143.92,4463.98,2018.49,867505,2.18,27,2,1,38.1,30.3,15.9,3.6,3.0,9.1,86.4,Standard
2025-01-03 14:00:00,WAN-STM-02,WAN Secondary - Facility B - Lumen MPLS,Stamford,inbound,5685.19,3233.99,5205.63,3230.79,1032.56,763696,1.455,19,21,5,36.7,34.9,15.1,1.8,2.0,9.5,56.9,Business-Critical
2025-01-03 15:00:00,WAN-NWK-02,WAN Secondary - Facility A - Lumen MPLS,Newark,inbound,6579.0,4066.94,5937.17,3303.56,2178.13,922414,1.83,10,4,0,34.3,25.8,17.0,1.9,1.9,19.1,65.8,Standard
2025-01-03 16:00:00,WAN-STM-01,WAN Primary - Facility B - AT&T MPLS,Stamford,inbound,2930.52,1854.34,2759.1,1636.91,926.67,405387,0.834,16,10,1,29.8,24.3,18.5,2.4,1.8,23.2,29.3,Real-Time
2025-01-03 17:00:00,WAN-NWK-02,WAN Secondary - Facility A - Lumen MPLS,Newark,inbound,2410.89,1311.68,2237.44,1079.15,671.6,220660,0.59,7,5,2,27.2,22.7,15.8,2.4,2.0,29.9,24.1,Business-Critical
2025-01-03 19:00:00,WAN-NWK-01,WAN Primary - Facility A - AT&T MPLS,Newark,inbound,1865.64,1214.69,1671.14,1031.92,637.16,277372,0.547,1,5,1,31.9,23.3,22.6,2.8,2.0,17.4,18.7,Bulk-Transfer
2025-01-03 19:00:00,WAN-NWK-02,WAN Secondary - Facility A - Lumen MPLS,Newark,outbound,2813.34,2010.33,2549.06,1619.38,748.22,384650,0.905,1,11,1,25.7,26.9,23.2,4.0,1.7,18.5,28.1,Standard
2025-01-03 19:00:00,WAN-STM-01,WAN Primary - Facility B - AT&T MPLS,Stamford,outbound,2234.7,1560.55,1950.28,1506.85,468.55,189205,0.702,4,3,1,28.1,32.4,23.4,1.4,2.3,12.4,22.3,Standard
2025-01-03 19:00:00,WAN-STM-02,WAN Secondary - Facility B - Lumen MPLS,Stamford,outbound,2273.11,1612.42,1947.76,1592.53,803.01,224352,0.726,2,1,0,27.4,25.1,17.1,3.0,3.0,24.4,22.7,Real-Time
2025-01-03 20:00:00,IX-NWK-STM-01,Inter-Facility Dark Fiber Newark-Stamford,Inter-DC,outbound,1685.7,1160.2,1388.62,988.12,614.11,248542,0.522,7,6,0,35.7,21.2,15.4,3.6,1.3,22.8,16.9,Business-Critical
2025-01-03 22:00:00,WAN-STM-01,WAN Primary - Facility B - AT&T MPLS,Stamford,outbound,1490.61,917.93,1397.5,887.64,548.37,212067,0.413,3,0,0,28.3,32.4,18.7,3.4,2.9,14.3,14.9,Real-Time
2025-01-03 22:00:00,IX-NWK-STM-01,Inter-Facility Dark Fiber Newark-Stamford,Inter-DC,inbound,1432.49,933.86,1223.18,875.38,351.3,161234,0.42,6,4,0,36.5,21.4,18.7,2.1,1.9,19.4,14.3,Bulk-Transfer
2025-01-04 01:00:00,WAN-STM-01,WAN Primary - Facility B - AT&T MPLS,Stamford,inbound,1839.25,1193.54,1567.6,968.3,704.69,203791,0.537,8,2,2,35.8,22.9,21.7,1.3,1.3,17.0,18.4,Standard
2025-01-04 02:00:00,WAN-NWK-01,WAN Primary - Facility A - AT&T MPLS,Newark,outbound,2803.51,1517.1,2561.64,1319.35,887.89,244357,0.683,8,7,1,27.2,20.4,18.8,2.3,2.5,28.8,28.0,Bulk-Transfer
2025-01-04 03:00:00,WAN-NWK-02,WAN Secondary - Facility A - Lumen MPLS,Newark,inbound,1569.48,901.7,1442.32,849.65,388.42,212936,0.406,9,4,0,28.8,30.6,15.1,2.6,1.9,21.0,15.7,Real-Time
2025-01-04 03:00:00,WAN-STM-02,WAN Secondary - Facility B - Lumen MPLS,Stamford,outbound,2314.57,1339.29,2103.08,1127.05,427.7,344322,0.603,12,9,2,34.3,21.3,22.3,4.9,2.7,14.5,23.1,Business-Critical
2025-01-04 04:00:00,WAN-STM-01,WAN Primary - Facility B - AT&T MPLS,Stamford,inbound,1541.32,1076.13,1365.26,1047.19,590.07,172525,0.484,3,4,1,32.6,23.9,18.6,4.4,2.1,18.4,15.4,Bulk-Transfer
2025-01-04 05:00:00,WAN-STM-01,WAN Primary - Facility B - AT&T MPLS,Stamford,inbound,1682.6,956.57,1529.13,917.93,440.67,157678,0.43,6,0,1,36.2,28.9,24.6,3.2,2.9,4.2,16.8,Real-Time
2025-01-04 15:00:00,IX-NWK-STM-01,Inter-Facility Dark Fiber Newark-Stamford,Inter-DC,inbound,1506.97,1065.09,1312.85,901.62,472.04,176806,0.479,8,2,0,31.5,30.1,15.2,4.3,2.0,16.9,15.1,Standard
2025-01-04 15:00:00,IX-NWK-STM-01,Inter-Facility Dark Fiber Newark-Stamford,Inter-DC,outbound,2697.24,1597.69,2279.39,1504.93,643.8,282987,0.719,12,8,0,38.0,20.2,24.2,4.3,2.8,10.5,27.0,Bulk-Transfer
2025-01-04 16:00:00,WAN-NWK-02,WAN Secondary - Facility A - Lumen MPLS,Newark,outbound,2579.39,1365.62,2442.89,1218.8,598.98,344739,0.615,16,0,3,25.9,21.8,15.0,3.7,1.7,31.9,25.8,Standard
2025-01-04 16:00:00,WAN-STM-01,WAN Primary - Facility B - AT&T MPLS,Stamford,outbound,2856.15,1894.15,2500.95,1878.56,1009.87,333404,0.852,15,10,2,32.8,33.8,23.9,2.0,1.0,6.5,28.6,Bulk-Transfer
2025-01-04 16:00:00,WAN-STM-02,WAN Secondary - Facility B - Lumen MPLS,Stamford,inbound,2040.34,1365.82,1873.6,1319.37,473.71,286087,0.615,7,0,2,29.2,31.7,18.2,1.6,1.0,18.3,20.4,Business-Critical
2025-01-04 16:00:00,IX-NWK-STM-01,Inter-Facility Dark Fiber Newark-Stamford,Inter-DC,inbound,1761.08,1190.8,1464.3,1147.6,512.22,253605,0.536,5,0,2,35.6,27.1,23.0,3.7,2.1,8.5,17.6,Standard
2025-01-04 17:00:00,WAN-NWK-02,WAN Secondary - Facility A - Lumen MPLS,Newark,inbound,2058.69,1281.49,1750.74,1102.14,580.26,221308,0.577,2,6,1,28.0,24.5,21.0,4.3,2.4,19.8,20.6,Real-Time
2025-01-04 17:00:00,WAN-STM-02,WAN Secondary - Facility B - Lumen MPLS,Stamford,outbound,2384.61,1388.57,1997.69,1307.68,651.9,342530,0.625,10,9,2,34.1,33.7,21.0,1.0,1.3,8.9,23.8,Real-Time
2025-01-04 18:00:00,WAN-NWK-01,WAN Primary - Facility A - AT&T MPLS,Newark,outbound,2902.77,1779.61,2451.83,1438.1,1044.22,414786,0.801,0,5,1,38.6,21.6,17.9,2.6,1.7,17.6,29.0,Business-Critical
2025-01-04 18:00:00,WAN-STM-02,WAN Secondary - Facility B - Lumen MPLS,Stamford,inbound,1621.7,957.66,1535.61,956.3,565.24,186846,0.431,7,5,1,37.4,21.3,16.6,3.3,2.2,19.2,16.2,Standard
2025-01-04 18:00:00,WAN-STM-02,WAN Secondary - Facility B - Lumen MPLS,Stamford,outbound,2236.36,1586.84,1940.09,1441.62,620.61,180598,0.714,9,1,1,25.9,30.8,23.4,2.2,2.0,15.7,22.4,Bulk-Transfer
2025-01-04 18:00:00,IX-NWK-STM-01,Inter-Facility Dark Fiber Newark-Stamford,Inter-DC,outbound,2657.82,1838.94,2210.41,1592.88,920.33,272040,0.828,1,4,2,31.0,22.4,16.0,4.5,1.4,24.7,26.6,Bulk-Transfer
2025-01-04 20:00:00,WAN-STM-01,WAN Primary - Facility B - AT&T MPLS,Stamford,outbound,2269.0,1213.13,2091.94,1021.8,386.57,238504,0.546,5,1,2,30.9,24.0,24.2,2.8,1.4,16.7,22.7,Business-Critical
2025-01-04 20:00:00,IX-NWK-STM-01,Inter-Facility Dark Fiber Newark-Stamford,Inter-DC,inbound,1765.64,1019.98,1591.33,848.96,438.6,148475,0.459,5,2,0,34.0,32.7,21.8,4.7,1.1,5.7,17.7,Bulk-Transfer
2025-01-04 21:00:00,WAN-NWK-02,WAN Secondary - Facility A - Lumen MPLS,Newark,inbound,1729.79,1111.2,1512.0,1061.47,580.44,152179,0.5,7,3,0,28.5,24.5,22.6,3.2,1.4,19.8,17.3,Real-Time
2025-01-04 23:00:00,IX-NWK-STM-01,Inter-Facility Dark Fiber Newark-Stamford,Inter-DC,outbound,2302.38,1315.98,1938.15,1204.87,458.13,253747,0.592,12,0,2,29.3,24.9,22.3,4.8,2.8,15.9,23.0,Business-Critical
2025-01-05 01:00:00,WAN-STM-02,WAN Secondary - Facility B - Lumen MPLS,Stamford,inbound,1969.13,1200.67,1748.47,1053.06,508.8,236688,0.54,0,2,1,30.4,28.0,18.4,3.0,1.9,18.3,19.7,Business-Critical
2025-01-05 02:00:00,WAN-NWK-02,WAN Secondary - Facility A - Lumen MPLS,Newark,inbound,1867.69,1273.96,1743.02,1150.21,592.15,191613,0.573,2,4,0,32.5,23.7,24.7,4.0,1.6,13.5,18.7,Bulk-Transfer
2025-01-05 03:00:00,WAN-NWK-01,WAN Primary - Facility A - AT&T MPLS,Newark,outbound,2618.46,1773.29,2252.14,1636.44,644.32,296615,0.798,0,8,0,39.4,22.1,19.3,1.9,2.2,15.1,26.2,Bulk-Transfer
2025-01-05 03:00:00,WAN-STM-01,WAN Primary - Facility B - AT&T MPLS,Stamford,inbound,1754.97,962.5,1510.61,819.59,485.53,203772,0.433,1,1,2,36.6,30.7,22.0,4.8,2.5,3.4,17.5,Standard
2025-01-05 05:00:00,WAN-STM-01,WAN Primary - Facility B - AT&T MPLS,Stamford,inbound,1496.5,939.53,1312.43,805.77,466.43,201396,0.423,4,6,0,28.7,28.6,23.7,4.6,1.4,13.0,15.0,Standard
2025-01-05 07:00:00,WAN-NWK-01,WAN Primary - Facility A - AT&T MPLS,Newark,outbound,2399.51,1645.51,2242.66,1483.0,535.69,224771,0.74,10,3,2,28.3,34.8,18.4,2.6,2.2,13.7,24.0,Standard
2025-01-05 08:00:00,WAN-STM-02,WAN Secondary - Facility B - Lumen MPLS,Stamford,inbound,1768.57,1091.65,1512.82,1055.7,343.64,219272,0.491,1,0,0,37.2,28.9,18.4,4.4,2.3,8.8,17.7,Business-Critical
2025-01-05 09:00:00,WAN-NWK-02,WAN Secondary - Facility A - Lumen MPLS,Newark,inbound,1884.23,1279.13,1580.88,1176.92,428.44,235016,0.576,11,3,2,26.5,25.0,20.8,4.2,1.6,21.9,18.8,Bulk-Transfer
2025-01-05 09:00:00,WAN-STM-01,WAN Primary - Facility B - AT&T MPLS,Stamford,inbound,1446.55,955.44,1370.53,951.48,307.0,210619,0.43,7,5,1,26.5,28.3,15.6,2.7,1.6,25.3,14.5,Real-Time
2025-01-05 09:00:00,WAN-STM-02,WAN Secondary - Facility B - Lumen MPLS,Stamford,outbound,2060.35,1082.56,1799.24,1066.29,418.96,265334,0.487,5,7,0,35.1,24.7,18.9,2.7,2.4,16.2,20.6,Bulk-Transfer
2025-01-05 10:00:00,WAN-STM-02,WAN Secondary - Facility B - Lumen MPLS,Stamford,outbound,2557.33,1743.7,2227.94,1400.9,1018.12,329568,0.785,10,2,1,35.1,24.3,19.7,4.2,2.4,14.3,25.6,Business-Critical
2025-01-05 11:00:00,IX-NWK-STM-01,Inter-Facility Dark Fiber Newark-Stamford,Inter-DC,outbound,2921.48,2012.43,2539.72,1891.98,659.16,393492,0.906,0,5,3,32.6,27.4,19.5,2.6,2.5,15.4,29.2,Standard
2025-01-05 13:00:00,WAN-STM-01,WAN Primary - Facility B - AT&T MPLS,Stamford,inbound,1901.54,1339.68,1776.92,1091.29,415.94,185209,0.603,8,0,1,33.4,26.3,24.5,3.3,2.6,9.9,19.0,Real-Time
2025-01-05 15:00:00,IX-NWK-STM-01,Inter-Facility Dark Fiber Newark-Stamford,Inter-DC,inbound,2057.21,1250.84,1827.61,1117.8,419.61,281766,0.563,7,5,2,26.1,33.6,21.7,4.1,2.5,12.0,20.6,Bulk-Transfer
2025-01-05 17:00:00,WAN-STM-01,WAN Primary - Facility B - AT&T MPLS,Stamford,outbound,2657.62,1426.72,2381.49,1229.5,807.51,226767,0.642,8,4,1,31.3,26.7,20.0,3.8,2.4,15.8,26.6,Real-Time
2025-01-05 18:00:00,IX-NWK-STM-01,Inter-Facility Dark Fiber Newark-Stamford,Inter-DC,outbound,2195.09,1301.62,2048.85,1123.0,500.63,254946,0.586,3,7,2,29.6,23.1,18.4,1.0,2.0,25.9,22.0,Standard
2025-01-06 01:00:00,WAN-STM-01,WAN Primary - Facility B - AT&T MPLS,Stamford,outbound,1336.82,856.42,1254.01,713.08,397.92,163811,0.385,8,4,0,30.6,21.9,20.6,2.4,2.1,22.4,13.4,Real-Time
2025-01-06 02:00:00,IX-NWK-STM-01,Inter-Facility Dark Fiber Newark-Stamford,Inter-DC,inbound,846.65,443.78,770.64,356.91,247.43,72932,0.2,2,2,0,36.6,25.9,23.2,2.5,1.0,10.8,8.5,Standard
2025-01-06 03:00:00,WAN-STM-02,WAN Secondary - Facility B - Lumen MPLS,Stamford,outbound,1255.64,793.77,1101.02,781.99,405.47,134352,0.357,1,2,0,33.5,24.8,22.6,3.6,1.5,14.0,12.6,Real-Time
2025-01-06 06:00:00,WAN-NWK-01,WAN Primary - Facility A - AT&T MPLS,Newark,outbound,3837.75,2137.29,3389.29,1870.76,988.79,470491,0.962,8,5,2,32.7,26.8,20.5,2.7,1.4,15.9,38.4,Bulk-Transfer
2025-01-06 07:00:00,WAN-NWK-02,WAN Secondary - Facility A - Lumen MPLS,Newark,outbound,5574.37,3441.37,4689.7,2803.16,1070.14,814062,1.549,14,20,5,28.2,27.5,22.1,3.8,2.4,16.0,55.7,Bulk-Transfer
2025-01-06 08:00:00,WAN-NWK-01,WAN Primary - Facility A - AT&T MPLS,Newark,outbound,7707.9,4202.83,6505.83,3501.7,1301.43,625617,1.891,23,4,3,31.4,20.9,19.4,2.6,1.4,24.3,77.1,Real-Time
2025-01-06 08:00:00,WAN-NWK-02,WAN Secondary - Facility A - Lumen MPLS,Newark,outbound,7556.85,4676.24,6526.77,4405.36,2053.84,829933,2.104,16,20,2,36.1,31.3,16.7,3.9,2.6,9.4,75.6,Real-Time
2025-01-06 08:00:00,IX-NWK-STM-01,Inter-Facility Dark Fiber Newark-Stamford,Inter-DC,outbound,6987.66,4768.31,6286.16,4438.52,1646.83,697337,2.146,29,16,0,27.2,32.2,21.6,4.2,1.6,13.2,69.9,Real-Time
2025-01-06 11:00:00,WAN-NWK-02,WAN Secondary - Facility A - Lumen MPLS,Newark,inbound,5863.34,4111.08,5177.95,3354.85,1843.77,714053,1.85,32,20,0,25.9,22.1,24.2,4.1,2.8,20.9,58.6,Bulk-Transfer
2025-01-06 11:00:00,WAN-STM-02,WAN Secondary - Facility B - Lumen MPLS,Stamford,inbound,6905.27,3724.28,5769.48,3302.64,1677.41,863172,1.676,34,17,3,39.2,26.7,17.2,2.6,1.9,12.4,69.1,Business-Critical
2025-01-06 12:00:00,WAN-NWK-01,WAN Primary - Facility A - AT&T MPLS,Newark,inbound,8642.29,5249.7,7986.1,4439.86,2078.1,948287,2.362,32,4,1,31.5,27.8,23.0,1.4,2.3,14.0,86.4,Bulk-Transfer
2025-01-06 15:00:00,IX-NWK-STM-01,Inter-Facility Dark Fiber Newark-Stamford,Inter-DC,outbound,9136.64,5235.49,8121.34,4266.53,2315.63,1165742,2.356,58,13,8,37.6,20.8,19.2,1.4,2.2,18.8,91.4,Business-Critical
2025-01-06 16:00:00,IX-NWK-STM-01,Inter-Facility Dark Fiber Newark-Stamford,Inter-DC,inbound,3867.53,2273.16,3513.79,1874.35,1082.83,571408,1.023,12,0,4,26.0,32.5,23.0,1.6,1.3,15.6,38.7,Business-Critical
2025-01-06 16:00:00,IX-NWK-STM-01,Inter-Facility Dark Fiber Newark-Stamford,Inter-DC,outbound,5026.46,2633.96,4383.25,2458.03,1389.66,489768,1.185,21,2,1,37.1,31.1,17.1,2.5,1.6,10.6,50.3,Standard
2025-01-06 18:00:00,WAN-STM-01,WAN Primary - Facility B - AT&T MPLS,Stamford,inbound,2571.25,1824.96,2142.65,1743.4,1081.12,342738,0.821,2,7,3,35.0,30.9,19.1,2.0,2.8,10.2,25.7,Business-Critical
2025-01-06 19:00:00,WAN-NWK-01,WAN Primary - Facility A - AT&T MPLS,Newark,outbound,2631.08,1677.5,2292.74,1404.62,773.6,350161,0.755,16,5,0,34.7,28.3,15.3,2.6,2.3,16.8,26.3,Business-Critical
2025-01-06 19:00:00,WAN-STM-01,WAN Primary - Facility B - AT&T MPLS,Stamford,outbound,2774.04,1779.88,2495.54,1502.87,939.64,267098,0.801,3,7,1,33.8,30.1,17.2,4.5,2.4,12.0,27.7,Bulk-Transfer
2025-01-06 19:00:00,IX-NWK-STM-01,Inter-Facility Dark Fiber Newark-Stamford,Inter-DC,inbound,2178.84,1276.52,1890.31,1051.56,434.09,215874,0.574,10,5,0,25.1,29.6,20.6,4.5,1.4,18.8,21.8,Bulk-Transfer
2025-01-06 20:00:00,WAN-STM-02,WAN Secondary - Facility B - Lumen MPLS,Stamford,inbound,1345.36,945.92,1259.35,945.72,332.32,178619,0.426,8,4,0,36.6,34.1,20.5,4.0,1.3,3.5,13.5,Business-Critical
2025-01-06 20:00:00,WAN-STM-02,WAN Secondary - Facility B - Lumen MPLS,Stamford,outbound,1973.36,1228.71,1690.6,1186.37,441.58,162240,0.553,0,1,1,34.1,26.1,18.6,3.6,1.6,16.0,19.7,Standard
2025-01-06 21:00:00,WAN-NWK-02,WAN Secondary - Facility A - Lumen MPLS,Newark,inbound,1325.63,884.87,1140.99,853.74,484.61,154295,0.398,4,2,1,27.2,27.2,18.1,3.0,1.0,23.5,13.3,Bulk-Transfer
2025-01-06 22:00:00,WAN-NWK-01,WAN Primary - Facility A - AT&T MPLS,Newark,inbound,1454.05,954.43,1261.03,769.92,417.8,168833,0.429,1,3,0,28.6,22.9,18.1,2.3,1.7,26.4,14.5,Bulk-Transfer
2025-01-06 22:00:00,WAN-STM-01,WAN Primary - Facility B - AT&T MPLS,Stamford,inbound,1083.48,591.24,896.28,590.97,194.43,132663,0.266,2,0,1,35.6,20.3,19.1,3.8,2.2,19.0,10.8,Business-Critical
2025-01-06 22:00:00,WAN-STM-01,WAN Primary - Facility B - AT&T MPLS,Stamford,outbound,2073.51,1287.95,1721.35,1120.61,546.58,288222,0.58,3,8,1,30.8,32.2,24.4,2.8,2.7,7.1,20.7,Real-Time
2025-01-06 22:00:00,IX-NWK-STM-01,Inter-Facility Dark Fiber Newark-Stamford,Inter-DC,outbound,1809.22,1280.3,1553.56,1050.49,411.22,172681,0.576,5,1,1,31.0,20.0,15.4,3.9,1.7,28.0,18.1,Bulk-Transfer
2025-01-07 03:00:00,WAN-STM-02,WAN Secondary - Facility B - Lumen MPLS,Stamford,inbound,905.62,530.8,785.43,516.74,281.35,114651,0.239,2,3,1,38.9,24.0,23.8,3.0,1.1,9.2,9.1,Real-Time
2025-01-07 04:00:00,WAN-NWK-01,WAN Primary - Facility A - AT&T MPLS,Newark,inbound,943.29,509.84,830.16,414.58,202.09,112976,0.229,0,2,0,33.4,21.3,24.3,2.8,2.7,15.5,9.4,Standard
2025-01-07 04:00:00,WAN-NWK-02,WAN Secondary - Facility A - Lumen MPLS,Newark,inbound,802.71,471.73,659.28,400.53,225.38,102540,0.212,0,1,0,28.6,22.1,17.1,3.3,2.8,26.1,8.0,Standard
2025-01-07 04:00:00,WAN-NWK-02,WAN Secondary - Facility A - Lumen MPLS,Newark,outbound,1173.43,649.28,1056.9,643.45,204.72,132951,0.292,4,3,1,28.7,23.4,19.3,3.2,2.1,23.3,11.7,Business-Critical
2025-01-07 04:00:00,WAN-STM-01,WAN Primary - Facility B - AT&T MPLS,Stamford,outbound,1010.89,646.17,937.12,555.67,256.1,114334,0.291,2,2,0,36.5,33.9,17.8,2.6,2.8,6.4,10.1,Real-Time
2025-01-07 05:00:00,WAN-NWK-02,WAN Secondary - Facility A - Lumen MPLS,Newark,inbound,969.72,607.67,827.09,490.74,343.21,101775,0.273,3,3,1,34.6,28.7,21.0,1.5,2.0,12.2,9.7,Business-Critical
2025-01-07 05:00:00,WAN-STM-01,WAN Primary - Facility B - AT&T MPLS,Stamford,outbound,1152.69,798.97,974.3,648.35,447.57,129799,0.36,6,0,0,32.4,30.9,23.4,3.9,2.8,6.6,11.5,Bulk-Transfer
2025-01-07 06:00:00,WAN-STM-01,WAN Primary - Facility B - AT&T MPLS,Stamford,outbound,3840.44,2653.84,3335.58,2323.06,1409.41,566206,1.194,5,4,3,28.7,21.6,17.6,4.6,1.9,25.6,38.4,Business-Critical
2025-01-07 07:00:00,WAN-STM-02,WAN Secondary - Facility B - Lumen MPLS,Stamford,outbound,5494.36,3638.87,4730.57,2931.08,1788.6,608324,1.637,19,4,4,25.4,28.8,19.4,1.7,1.1,23.6,54.9,Real-Time
2025-01-07 08:00:00,WAN-STM-02,WAN Secondary - Facility B - Lumen MPLS,Stamford,outbound,5828.83,3695.54,5068.5,3425.8,1959.27,789294,1.663,23,19,2,29.6,27.5,21.0,3.7,1.5,16.7,58.3,Real-Time
2025-01-07 09:00:00,WAN-NWK-01,WAN Primary - Facility A - AT&T MPLS,Newark,inbound,6414.96,3673.24,5727.73,3531.32,1516.42,537434,1.653,10,4,5,32.9,24.7,24.7,2.6,2.9,12.2,64.1,Business-Critical
2025-01-07 09:00:00,WAN-NWK-02,WAN Secondary - Facility A - Lumen MPLS,Newark,outbound,9110.38,5391.45,8528.82,5102.7,2954.26,1360012,2.426,42,26,8,32.4,23.5,23.9,3.3,1.5,15.4,91.1,Bulk-Transfer
2025-01-07 10:00:00,WAN-NWK-02,WAN Secondary - Facility A - Lumen MPLS,Newark,inbound,5293.29,2857.46,4976.68,2705.93,1336.04,574667,1.286,5,1,2,31.3,31.2,23.8,1.0,2.9,9.8,52.9,Business-Critical
2025-01-07 12:00:00,WAN-STM-01,WAN Primary - Facility B - AT&T MPLS,Stamford,outbound,9500.0,5141.28,8793.48,4632.24,1814.19,1419330,2.314,51,29,3,25.0,27.8,15.3,3.5,3.0,25.4,95.0,Business-Critical
2025-01-07 14:00:00,WAN-NWK-02,WAN Secondary - Facility A - Lumen MPLS,Newark,outbound,7732.54,4389.34,7075.02,3747.14,1706.1,770026,1.975,37,13,2,37.4,20.3,19.7,2.9,1.1,18.6,77.3,Business-Critical
2025-01-07 14:00:00,IX-NWK-STM-01,Inter-Facility Dark Fiber Newark-Stamford,Inter-DC,outbound,9500.0,6728.73,7878.72,6706.82,3266.25,1371450,3.028,33,25,1,29.1,27.6,21.4,2.7,2.0,17.2,95.0,Business-Critical
2025-01-07 15:00:00,WAN-NWK-01,WAN Primary - Facility A - AT&T MPLS,Newark,inbound,7131.59,3777.66,6546.19,3756.7,1262.14,938650,1.7,18,15,0,38.2,23.4,17.8,2.0,2.0,16.6,71.3,Bulk-Transfer
2025-01-07 15:00:00,WAN-STM-01,WAN Primary - Facility B - AT&T MPLS,Stamford,outbound,9203.02,5739.91,7964.18,5233.78,3082.72,1274521,2.583,8,38,2,25.2,23.3,22.3,1.6,1.9,25.7,92.0,Bulk-Transfer
2025-01-07 17:00:00,WAN-STM-02,WAN Secondary - Facility B - Lumen MPLS,Stamford,outbound,4172.99,2215.76,3767.64,1882.06,1029.92,580916,0.997,13,11,5,32.2,29.9,16.7,2.1,2.1,17.0,41.7,Bulk-Transfer
2025-01-07 18:00:00,WAN-STM-02,WAN Secondary - Facility B - Lumen MPLS,Stamford,inbound,2635.75,1552.12,2343.69,1346.45,472.63,335305,0.698,2,6,3,34.4,25.2,15.8,3.4,2.6,18.6,26.4,Standard
2025-01-07 19:00:00,WAN-STM-02,WAN Secondary - Facility B - Lumen MPLS,Stamford,outbound,2580.27,1407.25,2315.31,1231.48,765.89,277846,0.633,4,6,0,28.8,22.8,15.5,1.6,1.5,29.8,25.8,Standard
2025-01-07 22:00:00,WAN-STM-02,WAN Secondary - Facility B - Lumen MPLS,Stamford,outbound,2052.71,1477.03,1797.58,1196.77,509.79,224355,0.665,10,6,0,33.2,27.4,18.8,3.4,2.9,14.3,20.5,Business-Critical
2025-01-07 23:00:00,WAN-NWK-01,WAN Primary - Facility A - AT&T MPLS,Newark,outbound,1965.07,1403.23,1848.07,1144.42,656.36,161684,0.631,6,2,0,38.9,21.9,21.4,4.5,2.1,11.2,19.7,Bulk-Transfer
2025-01-08 00:00:00,WAN-STM-01,WAN Primary - Facility B - AT&T MPLS,Stamford,inbound,787.28,499.71,730.28,461.36,224.53,90401,0.225,4,0,0,26.2,31.1,19.8,1.1,2.9,18.9,7.9,Real-Time
2025-01-08 02:00:00,WAN-STM-01,WAN Primary - Facility B - AT&T MPLS,Stamford,inbound,956.33,533.37,876.91,521.64,257.69,76514,0.24,0,2,1,29.0,26.6,18.2,3.8,1.9,20.5,9.6,Real-Time
2025-01-08 02:00:00,WAN-STM-02,WAN Secondary - Facility B - Lumen MPLS,Stamford,inbound,831.52,492.15,696.15,458.07,262.17,123404,0.221,4,0,0,28.6,34.5,21.4,3.4,1.8,10.3,8.3,Business-Critical
2025-01-08 03:00:00,WAN-NWK-01,WAN Primary - Facility A - AT&T MPLS,Newark,outbound,1128.22,639.26,1071.03,625.96,194.57,136944,0.288,3,4,1,31.2,27.5,20.2,3.3,1.9,15.9,11.3,Business-Critical
2025-01-08 03:00:00,IX-NWK-STM-01,Inter-Facility Dark Fiber Newark-Stamford,Inter-DC,outbound,1058.47,586.4,885.92,523.91,244.78,94788,0.264,2,2,1,36.4,29.6,23.6,1.6,1.2,7.6,10.6,Standard
2025-01-08 04:00:00,WAN-NWK-01,WAN Primary - Facility A - AT&T MPLS,Newark,inbound,787.26,437.93,681.22,360.26,257.75,99547,0.197,0,2,1,36.4,34.7,21.0,4.7,1.4,1.8,7.9,Bulk-Transfer
2025-01-08 05:00:00,WAN-STM-01,WAN Primary - Facility B - AT&T MPLS,Stamford,inbound,895.11,509.34,768.72,455.36,156.72,79071,0.229,1,2,0,38.4,31.3,17.3,1.6,2.1,9.3,9.0,Business-Critical
2025-01-08 06:00:00,WAN-STM-02,WAN Secondary - Facility B - Lumen MPLS,Stamford,inbound,2698.25,1419.06,2449.54,1417.46,660.01,249810,0.639,6,1,2,37.8,30.8,22.3,1.7,2.2,5.2,27.0,Business-Critical
2025-01-08 07:00:00,IX-NWK-STM-01,Inter-Facility Dark Fiber Newark-Stamford,Inter-DC,inbound,3954.89,2460.34,3492.82,2144.53,1330.59,481104,1.107,2,1,0,36.6,30.1,16.8,1.1,2.5,12.9,39.5,Business-Critical
2025-01-08 08:00:00,WAN-STM-01,WAN Primary - Facility B - AT&T MPLS,Stamford,outbound,6216.25,4181.91,5561.79,4025.44,2197.33,706080,1.882,13,8,5,34.4,22.9,20.5,3.2,1.4,17.6,62.2,Bulk-Transfer
2025-01-08 08:00:00,WAN-STM-02,WAN Secondary - Facility B - Lumen MPLS,Stamford,inbound,5596.14,3251.82,5295.94,3089.69,1787.13,585511,1.463,4,14,0,28.4,24.3,19.9,1.1,1.1,25.2,56.0,Real-Time
2025-01-08 08:00:00,IX-NWK-STM-01,Inter-Facility Dark Fiber Newark-Stamford,Inter-DC,inbound,5500.1,3890.37,4787.58,3522.18,1315.39,690472,1.751,13,20,3,34.6,23.1,16.2,1.1,1.7,23.3,55.0,Bulk-Transfer
2025-01-08 10:00:00,WAN-STM-01,WAN Primary - Facility B - AT&T MPLS,Stamford,outbound,9500.0,6565.65,8210.42,5318.44,2257.59,1306749,2.955,6,17,5,36.6,33.9,16.8,4.6,2.2,5.9,95.0,Business-Critical
2025-01-08 15:00:00,WAN-STM-01,WAN Primary - Facility B - AT&T MPLS,Stamford,outbound,8542.18,4917.3,7930.9,4592.69,1681.56,1090764,2.213,19,9,9,29.7,30.6,24.0,3.8,3.0,8.9,85.4,Standard
2025-01-08 15:00:00,IX-NWK-STM-01,Inter-Facility Dark Fiber Newark-Stamford,Inter-DC,outbound,9234.82,5856.13,7937.45,5682.21,3144.6,1008669,2.635,49,10,2,39.8,22.2,20.6,1.3,1.6,14.5,92.3,Business-Critical
2025-01-08 16:00:00,IX-NWK-STM-01,Inter-Facility Dark Fiber Newark-Stamford,Inter-DC,outbound,5623.57,3782.37,5175.8,3173.46,2070.14,591530,1.702,0,0,3,34.9,32.9,17.5,3.8,1.7,9.2,56.2,Standard
2025-01-08 17:00:00,WAN-NWK-02,WAN Secondary - Facility A - Lumen MPLS,Newark,outbound,4027.89,2147.64,3660.49,2116.3,1104.2,556428,0.966,1,16,1,34.0,21.3,18.7,2.8,1.4,21.8,40.3,Standard
2025-01-08 19:00:00,WAN-NWK-01,WAN Primary - Facility A - AT&T MPLS,Newark,inbound,1979.56,1101.63,1844.48,968.63,405.41,263883,0.496,6,2,2,34.8,25.7,19.4,2.2,1.9,16.0,19.8,Standard
2025-01-08 21:00:00,WAN-STM-01,WAN Primary - Facility B - AT&T MPLS,Stamford,inbound,1255.17,772.65,1054.3,713.13,308.37,164676,0.348,5,3,1,29.0,30.1,18.9,4.8,1.0,16.2,12.6,Standard
2025-01-08 21:00:00,IX-NWK-STM-01,Inter-Facility Dark Fiber Newark-Stamford,Inter-DC,outbound,1495.28,796.57,1312.91,739.66,411.1,121486,0.358,0,1,0,29.7,24.2,15.9,2.7,1.1,26.4,15.0,Standard
2025-01-09 00:00:00,WAN-NWK-02,WAN Secondary - Facility A - Lumen MPLS,Newark,inbound,871.03,616.69,804.77,531.09,303.5,92660,0.278,1,2,1,29.1,29.4,16.8,3.4,2.8,18.5,8.7,Business-Critical
2025-01-09 00:00:00,WAN-STM-02,WAN Secondary - Facility B - Lumen MPLS,Stamford,outbound,1202.45,675.83,1073.49,542.29,211.37,110231,0.304,2,2,1,30.1,22.7,21.4,3.9,2.9,19.0,12.0,Business-Critical
2025-01-09 00:00:00,IX-NWK-STM-01,Inter-Facility Dark Fiber Newark-Stamford,Inter-DC,inbound,704.84,483.03,636.43,408.46,147.91,87258,0.217,4,1,1,30.8,31.5,24.1,3.1,1.4,9.1,7.0,Bulk-Transfer
2025-01-09 01:00:00,WAN-NWK-02,WAN Secondary - Facility A - Lumen MPLS,Newark,outbound,1235.83,832.34,1066.48,700.45,475.77,159737,0.375,4,2,0,29.0,26.4,17.5,3.8,2.8,20.5,12.4,Bulk-Transfer
2025-01-09 01:00:00,WAN-STM-02,WAN Secondary - Facility B - Lumen MPLS,Stamford,outbound,1359.97,723.1,1220.74,650.49,339.44,111480,0.325,1,2,1,30.8,32.1,21.0,1.2,2.5,12.4,13.6,Real-Time
2025-01-09 03:00:00,WAN-NWK-02,WAN Secondary - Facility A - Lumen MPLS,Newark,outbound,994.64,622.08,939.65,500.27,219.93,113742,0.28,2,2,0,28.9,20.3,18.4,1.4,2.8,28.2,9.9,Bulk-Transfer
2025-01-09 05:00:00,WAN-STM-01,WAN Primary - Facility B - AT&T MPLS,Stamford,outbound,1303.28,755.49,1186.21,618.48,434.32,183002,0.34,5,0,1,26.6,35.0,24.5,2.9,1.3,9.7,13.0,Bulk-Transfer
2025-01-09 08:00:00,WAN-STM-02,WAN Secondary - Facility B - Lumen MPLS,Stamford,outbound,6285.19,3755.99,5233.65,3162.25,2096.3,714427,1.69,20,11,2,33.9,31.1,24.1,1.4,1.5,8.0,62.9,Business-Critical
2025-01-09 11:00:00,WAN-NWK-01,WAN Primary - Facility A - AT&T MPLS,Newark,outbound,9500.0,6439.16,8311.86,6087.32,3668.4,888988,2.898,28,7,1,29.6,20.4,15.3,1.0,2.0,31.7,95.0,Standard
2025-01-09 11:00:00,WAN-STM-02,WAN Secondary - Facility B - Lumen MPLS,Stamford,outbound,9500.0,5533.11,8799.57,4912.68,2621.62,939808,2.49,26,23,2,39.6,28.5,24.4,2.7,1.4,3.4,95.0,Business-Critical
2025-01-09 15:00:00,WAN-NWK-01,WAN Primary - Facility A - AT&T MPLS,Newark,outbound,7957.45,4802.29,7033.44,4008.95,2273.68,707804,2.161,25,20,0,36.4,23.4,15.0,4.7,1.4,19.1,79.6,Standard
2025-01-09 17:00:00,WAN-NWK-01,WAN Primary - Facility A - AT&T MPLS,Newark,inbound,3361.82,2033.15,3131.84,1969.88,705.71,285933,0.915,2,4,1,33.0,27.3,20.9,1.8,1.9,15.1,33.6,Bulk-Transfer
2025-01-09 17:00:00,WAN-NWK-02,WAN Secondary - Facility A - Lumen MPLS,Newark,inbound,2566.26,1645.89,2182.35,1375.73,940.93,212599,0.741,9,6,0,32.2,20.0,18.4,4.9,1.9,22.6,25.7,Standard
2025-01-09 18:00:00,IX-NWK-STM-01,Inter-Facility Dark Fiber Newark-Stamford,Inter-DC,outbound,2925.76,1861.61,2605.38,1493.71,737.14,404781,0.838,7,8,0,39.4,23.3,21.9,4.0,1.8,9.6,29.3,Standard
2025-01-09 19:00:00,WAN-NWK-02,WAN Secondary - Facility A - Lumen MPLS,Newark,outbound,2644.58,1630.13,2435.62,1554.49,895.76,275226,0.734,0,6,0,28.4,24.5,15.1,5.0,2.8,24.2,26.4,Bulk-Transfer
2025-01-09 20:00:00,WAN-NWK-02,WAN Secondary - Facility A - Lumen MPLS,Newark,outbound,1771.7,1236.75,1553.23,1034.17,670.03,148113,0.557,7,2,1,29.5,26.4,22.8,1.6,2.9,16.8,17.7,Bulk-Transfer
2025-01-09 22:00:00,IX-NWK-STM-01,Inter-Facility Dark Fiber Newark-Stamford,Inter-DC,inbound,1290.81,807.2,1167.46,696.87,361.1,136765,0.363,1,2,1,35.0,30.3,23.4,3.8,3.0,4.5,12.9,Real-Time
2025-01-09 23:00:00,WAN-STM-02,WAN Secondary - Facility B - Lumen MPLS,Stamford,inbound,1103.89,593.45,995.05,575.87,276.99,153624,0.267,3,1,0,28.7,28.3,17.8,4.9,2.2,18.1,11.0,Real-Time
2025-01-09 23:00:00,IX-NWK-STM-01,Inter-Facility Dark Fiber Newark-Stamford,Inter-DC,inbound,1081.71,665.37,1000.93,653.36,360.57,128037,0.299,5,3,0,25.6,30.5,18.4,4.2,1.6,19.7,10.8,Business-Critical
2025-01-10 02:00:00,WAN-STM-01,WAN Primary - Facility B - AT&T MPLS,Stamford,inbound,986.53,522.58,824.93,472.99,240.51,113526,0.235,1,0,1,26.5,31.4,15.4,2.3,2.4,22.0,9.9,Business-Critical
2025-01-10 03:00:00,WAN-NWK-02,WAN Secondary - Facility A - Lumen MPLS,Newark,inbound,948.01,665.43,854.23,579.28,288.83,122673,0.299,0,3,0,38.8,27.2,21.1,3.1,2.4,7.4,9.5,Standard
2025-01-10 05:00:00,WAN-NWK-02,WAN Secondary - Facility A - Lumen MPLS,Newark,outbound,1050.1,609.34,942.79,500.46,195.15,150223,0.274,6,0,0,38.1,28.6,16.5,2.1,2.6,12.1,10.5,Standard
2025-01-10 05:00:00,WAN-STM-01,WAN Primary - Facility B - AT&T MPLS,Stamford,outbound,1405.9,899.52,1320.22,849.53,408.82,146999,0.405,6,3,1,29.1,23.2,21.7,2.7,2.0,21.3,14.1,Business-Critical
2025-01-10 07:00:00,WAN-NWK-01,WAN Primary - Facility A - AT&T MPLS,Newark,outbound,4700.5,2663.75,4238.83,2380.46,1191.28,545934,1.199,23,10,2,36.3,32.9,21.3,2.8,2.2,4.5,47.0,Bulk-Transfer
2025-01-10 07:00:00,WAN-NWK-02,WAN Secondary - Facility A - Lumen MPLS,Newark,inbound,3405.55,2001.36,2833.56,1815.86,981.4,280986,0.901,4,2,2,33.3,26.5,16.0,1.0,1.5,21.7,34.1,Real-Time
2025-01-10 08:00:00,WAN-NWK-02,WAN Secondary - Facility A - Lumen MPLS,Newark,inbound,5738.35,2992.54,5056.6,2483.45,1281.24,674726,1.347,0,17,5,39.7,24.1,18.0,2.4,1.7,14.1,57.4,Bulk-Transfer
2025-01-10 09:00:00,WAN-STM-01,WAN Primary - Facility B - AT&T MPLS,Stamford,outbound,9500.0,5759.77,8871.21,5680.53,2583.49,900045,2.592,33,14,6,27.7,34.6,15.4,1.1,1.2,20.0,95.0,Business-Critical
2025-01-10 10:00:00,WAN-NWK-01,WAN Primary - Facility A - AT&T MPLS,Newark,inbound,9449.41,6760.58,8581.96,6594.27,2879.35,1235930,3.042,9,7,7,37.5,33.6,15.5,4.3,1.1,8.0,94.5,Real-Time
2025-01-10 11:00:00,WAN-NWK-02,WAN Secondary - Facility A - Lumen MPLS,Newark,outbound,7828.21,4318.31,6477.38,3767.62,1306.04,1167742,1.943,57,26,5,29.1,24.8,16.0,4.4,1.1,24.6,78.3,Standard
2025-01-10 11:00:00,WAN-STM-02,WAN Secondary - Facility B - Lumen MPLS,Stamford,inbound,7274.72,5063.88,6559.74,4547.85,1547.88,682128,2.279,32,10,2,38.0,31.7,22.5,1.6,2.8,3.4,72.7,Business-Critical
2025-01-10 14:00:00,WAN-NWK-01,WAN Primary - Facility A - AT&T MPLS,Newark,outbound,9500.0,5986.89,8357.12,5423.33,2174.47,1216198,2.694,15,19,11,31.9,23.7,21.1,1.3,1.4,20.6,95.0,Real-Time
2025-01-10 15:00:00,WAN-STM-02,WAN Secondary - Facility B - Lumen MPLS,Stamford,inbound,6593.37,4608.0,5622.5,4506.15,2216.08,564592,2.074,9,13,5,37.4,33.0,16.8,2.5,1.3,9.0,65.9,Bulk-Transfer
2025-01-10 16:00:00,WAN-STM-01,WAN Primary - Facility B - AT&T MPLS,Stamford,outbound,5660.41,3383.88,5330.51,2968.16,1760.71,710525,1.523,27,13,2,27.4,28.4,22.6,1.1,1.6,18.9,56.6,Real-Time
2025-01-10 19:00:00,WAN-NWK-01,WAN Primary - Facility A - AT&T MPLS,Newark,inbound,1626.42,910.3,1400.98,814.94,511.38,231109,0.41,3,3,1,38.9,23.3,24.0,3.9,1.9,8.0,16.3,Real-Time
2025-01-10 20:00:00,WAN-STM-02,WAN Secondary - Facility B - Lumen MPLS,Stamford,inbound,1372.99,754.06,1254.88,630.45,394.15,173165,0.339,4,1,1,26.6,33.2,16.0,3.6,2.7,17.9,13.7,Real-Time
2025-01-10 22:00:00,WAN-STM-01,WAN Primary - Facility B - AT&T MPLS,Stamford,outbound,2080.48,1403.55,1832.8,1273.09,737.17,253900,0.632,6,7,1,29.9,27.5,24.6,2.1,1.7,14.2,20.8,Real-Time
2025-01-10 22:00:00,WAN-STM-02,WAN Secondary - Facility B - Lumen MPLS,Stamford,inbound,1391.98,726.5,1189.92,586.24,275.92,186863,0.327,9,0,1,37.4,31.8,19.1,2.8,2.0,6.9,13.9,Standard
2025-01-10 23:00:00,WAN-NWK-01,WAN Primary - Facility A - AT&T MPLS,Newark,outbound,1787.77,1281.93,1601.31,1129.78,430.54,263171,0.577,1,6,0,25.9,23.8,15.5,4.3,2.4,28.1,17.9,Bulk-Transfer
2025-01-11 00:00:00,WAN-NWK-02,WAN Secondary - Facility A - Lumen MPLS,Newark,inbound,2060.77,1108.37,1764.31,1020.99,439.64,248434,0.499,5,0,1,31.3,30.4,18.1,2.2,1.7,16.3,20.6,Standard
2025-01-11 00:00:00,WAN-STM-02,WAN Secondary - Facility B - Lumen MPLS,Stamford,inbound,2014.71,1245.95,1862.06,1111.54,452.0,275674,0.561,0,3,2,38.3,29.3,24.3,4.5,1.9,1.7,20.1,Business-Critical
2025-01-11 02:00:00,WAN-STM-01,WAN Primary - Facility B - AT&T MPLS,Stamford,inbound,1796.4,1045.71,1576.26,902.08,519.16,214725,0.471,9,0,2,33.2,29.2,17.2,4.7,2.4,13.3,18.0,Standard
2025-01-11 03:00:00,WAN-STM-02,WAN Secondary - Facility B - Lumen MPLS,Stamford,inbound,2054.4,1104.07,1766.54,951.01,496.84,225751,0.497,8,5,2,28.1,29.5,20.7,4.2,2.8,14.7,20.5,Standard
2025-01-11 03:00:00,IX-NWK-STM-01,Inter-Facility Dark Fiber Newark-Stamford,Inter-DC,outbound,2170.54,1245.74,1918.52,1169.78,526.76,277652,0.561,10,0,2,38.2,34.1,21.2,2.6,2.3,1.6,21.7,Bulk-Transfer
2025-01-11 04:00:00,WAN-NWK-02,WAN Secondary - Facility A - Lumen MPLS,Newark,inbound,1736.9,1160.21,1604.86,1076.25,496.44,186682,0.522,1,4,1,25.4,27.9,16.1,2.2,1.3,27.1,17.4,Standard
2025-01-11 06:00:00,WAN-NWK-02,WAN Secondary - Facility A - Lumen MPLS,Newark,outbound,2854.09,1867.67,2450.0,1865.13,1005.33,334342,0.84,3,8,3,32.1,21.5,20.5,1.9,1.7,22.3,28.5,Bulk-Transfer
2025-01-11 07:00:00,WAN-NWK-02,WAN Secondary - Facility A - Lumen MPLS,Newark,outbound,2594.75,1743.06,2444.69,1705.45,998.74,216488,0.784,0,6,2,31.7,21.1,20.1,2.6,2.9,21.6,25.9,Real-Time
2025-01-11 09:00:00,IX-NWK-STM-01,Inter-Facility Dark Fiber Newark-Stamford,Inter-DC,inbound,1502.02,1054.33,1279.26,951.6,523.58,170356,0.474,3,0,1,32.7,20.6,24.3,4.9,1.6,15.9,15.0,Real-Time
2025-01-11 09:00:00,IX-NWK-STM-01,Inter-Facility Dark Fiber Newark-Stamford,Inter-DC,outbound,2228.71,1468.4,2080.92,1306.04,476.66,226794,0.661,5,0,0,36.7,24.6,19.0,2.3,2.0,15.4,22.3,Real-Time
2025-01-11 12:00:00,IX-NWK-STM-01,Inter-Facility Dark Fiber Newark-Stamford,Inter-DC,inbound,1987.6,1419.31,1639.54,1183.02,818.71,189471,0.639,8,1,1,38.8,25.8,15.2,1.6,3.0,15.6,19.9,Real-Time
2025-01-11 13:00:00,WAN-STM-02,WAN Secondary - Facility B - Lumen MPLS,Stamford,inbound,1679.96,1088.6,1404.59,1028.91,447.55,192779,0.49,6,1,1,36.5,23.6,24.1,3.7,2.4,9.7,16.8,Bulk-Transfer
2025-01-11 15:00:00,WAN-NWK-02,WAN Secondary - Facility A - Lumen MPLS,Newark,inbound,1873.91,1130.21,1577.63,950.33,409.6,171699,0.509,4,2,0,35.3,25.7,17.1,4.3,1.4,16.2,18.7,Real-Time
2025-01-11 16:00:00,WAN-STM-02,WAN Secondary - Facility B - Lumen MPLS,Stamford,outbound,2709.07,1717.74,2443.66,1506.06,542.85,361713,0.773,12,2,1,29.5,23.7,20.6,1.6,2.7,21.9,27.1,Real-Time
2025-01-11 21:00:00,WAN-STM-02,WAN Secondary - Facility B - Lumen MPLS,Stamford,outbound,2887.28,2004.81,2389.47,2001.78,1146.69,285604,0.902,10,7,1,39.5,34.1,16.4,4.8,1.3,3.9,28.9,Business-Critical
2025-01-11 22:00:00,WAN-NWK-01,WAN Primary - Facility A - AT&T MPLS,Newark,outbound,2535.08,1656.1,2323.72,1377.46,585.72,268383,0.745,11,4,1,28.4,23.4,16.5,2.9,2.5,26.3,25.4,Bulk-Transfer
2025-01-11 22:00:00,WAN-STM-02,WAN Secondary - Facility B - Lumen MPLS,Stamford,inbound,1529.91,1000.07,1383.21,920.53,397.42,215042,0.45,6,3,1,35.1,29.2,19.1,4.5,2.4,9.7,15.3,Standard
2025-01-11 22:00:00,IX-NWK-STM-01,Inter-Facility Dark Fiber Newark-Stamford,Inter-DC,outbound,2611.06,1530.93,2342.41,1288.37,499.07,290317,0.689,5,7,1,34.1,23.8,18.7,1.3,2.9,19.2,26.1,Real-Time
2025-01-12 01:00:00,WAN-NWK-02,WAN Secondary - Facility A - Lumen MPLS,Newark,outbound,2159.64,1346.52,1902.55,1214.41,430.53,198674,0.606,7,1,0,31.6,33.6,15.6,3.1,1.4,14.7,21.6,Standard
2025-01-12 03:00:00,WAN-NWK-01,WAN Primary - Facility A - AT&T MPLS,Newark,outbound,2812.78,1945.24,2546.13,1587.14,605.19,307870,0.875,9,4,1,39.2,34.8,17.8,4.1,2.7,1.4,28.1,Standard
2025-01-12 03:00:00,WAN-NWK-02,WAN Secondary - Facility A - Lumen MPLS,Newark,inbound,1588.53,1142.61,1501.11,1061.56,413.55,137264,0.514,5,1,1,33.6,20.5,16.1,4.8,2.9,22.1,15.9,Standard
2025-01-12 04:00:00,WAN-STM-01,WAN Primary - Facility B - AT&T MPLS,Stamford,outbound,2228.7,1177.41,1922.45,980.82,660.31,312866,0.53,0,6,3,33.5,23.9,22.1,3.9,2.8,13.8,22.3,Business-Critical
2025-01-12 05:00:00,WAN-STM-02,WAN Secondary - Facility B - Lumen MPLS,Stamford,outbound,2772.07,1643.47,2593.78,1317.4,783.69,260040,0.74,2,4,0,31.1,30.8,16.1,3.0,2.8,16.2,27.7,Business-Critical
2025-01-12 06:00:00,WAN-NWK-02,WAN Secondary - Facility A - Lumen MPLS,Newark,inbound,1593.41,844.37,1500.07,817.41,463.95,195412,0.38,7,5,0,36.7,30.8,24.0,4.7,1.2,2.6,15.9,Bulk-Transfer
2025-01-12 08:00:00,WAN-STM-01,WAN Primary - Facility B - AT&T MPLS,Stamford,outbound,2816.04,1521.2,2394.24,1297.69,735.47,246315,0.685,3,7,0,36.6,33.9,17.6,4.9,1.2,5.8,28.2,Real-Time
2025-01-12 09:00:00,WAN-NWK-02,WAN Secondary - Facility A - Lumen MPLS,Newark,inbound,1812.29,1165.93,1511.7,1146.52,675.9,221093,0.525,0,5,0,30.5,32.4,20.0,1.8,1.2,14.1,18.1,Bulk-Transfer
2025-01-12 10:00:00,WAN-STM-01,WAN Primary - Facility B - AT&T MPLS,Stamford,outbound,2789.96,1589.43,2552.72,1412.16,623.61,365266,0.715,12,5,2,32.4,21.8,18.0,1.6,1.4,24.8,27.9,Standard
2025-01-12 11:00:00,IX-NWK-STM-01,Inter-Facility Dark Fiber Newark-Stamford,Inter-DC,inbound,1962.85,1132.61,1774.7,973.82,386.99,259310,0.51,11,6,2,35.9,33.1,22.7,2.3,2.8,3.2,19.6,Real-Time
2025-01-12 13:00:00,WAN-NWK-01,WAN Primary - Facility A - AT&T MPLS,Newark,outbound,2259.12,1199.44,2140.65,1178.12,700.7,258271,0.54,2,2,1,39.3,30.5,20.3,1.9,1.8,6.2,22.6,Business-Critical
2025-01-12 14:00:00,WAN-NWK-01,WAN Primary - Facility A - AT&T MPLS,Newark,outbound,2516.15,1751.81,2104.53,1727.61,934.36,242403,0.788,12,1,1,33.5,30.5,24.3,2.6,1.4,7.7,25.2,Standard
2025-01-12 15:00:00,WAN-NWK-01,WAN Primary - Facility A - AT&T MPLS,Newark,outbound,2504.26,1606.46,2320.2,1568.14,493.82,257620,0.723,7,4,1,27.4,28.8,20.5,3.9,2.5,16.9,25.0,Business-Critical
2025-01-12 15:00:00,WAN-STM-02,WAN Secondary - Facility B - Lumen MPLS,Stamford,outbound,2671.51,1652.14,2423.2,1442.6,988.14,294364,0.743,4,2,0,38.1,32.5,19.7,1.6,2.4,5.7,26.7,Business-Critical
2025-01-12 16:00:00,WAN-STM-01,WAN Primary - Facility B - AT&T MPLS,Stamford,outbound,2623.24,1503.41,2348.24,1212.37,637.97,273195,0.677,13,7,1,37.8,21.3,22.0,4.1,2.5,12.3,26.2,Business-Critical
2025-01-12 17:00:00,WAN-NWK-02,WAN Secondary - Facility A - Lumen MPLS,Newark,inbound,1496.09,970.02,1352.08,921.85,364.28,199130,0.437,3,4,1,31.5,34.2,23.3,1.3,1.6,8.1,15.0,Bulk-Transfer
2025-01-12 19:00:00,WAN-NWK-01,WAN Primary - Facility A - AT&T MPLS,Newark,inbound,1539.97,963.27,1347.06,774.96,307.6,217813,0.433,4,1,1,30.0,22.7,19.9,1.5,1.2,24.7,15.4,Business-Critical
2025-01-12 19:00:00,IX-NWK-STM-01,Inter-Facility Dark Fiber Newark-Stamford,Inter-DC,inbound,1783.11,1149.95,1609.78,1091.52,370.25,213583,0.517,1,4,1,30.9,27.0,18.2,4.4,1.2,18.3,17.8,Standard
2025-01-12 20:00:00,WAN-NWK-01,WAN Primary - Facility A - AT&T MPLS,Newark,outbound,2838.64,1812.7,2664.11,1515.97,941.64,349875,0.816,8,4,0,27.5,23.6,24.0,3.3,2.3,19.3,28.4,Bulk-Transfer
2025-01-12 21:00:00,WAN-STM-02,WAN Secondary - Facility B - Lumen MPLS,Stamford,outbound,2238.45,1339.09,2088.24,1256.67,506.05,270077,0.603,0,4,2,31.8,23.4,23.1,3.4,1.4,16.9,22.4,Business-Critical
2025-01-12 22:00:00,IX-NWK-STM-01,Inter-Facility Dark Fiber Newark-Stamford,Inter-DC,outbound,2874.97,1930.24,2520.1,1571.84,826.12,338707,0.869,3,1,1,27.3,32.5,17.2,5.0,1.3,16.7,28.7,Real-Time
2025-01-12 23:00:00,WAN-STM-02,WAN Secondary - Facility B - Lumen MPLS,Stamford,outbound,2402.84,1487.9,2255.99,1366.11,829.39,214652,0.67,1,0,0,36.0,22.0,22.3,1.0,2.5,16.2,24.0,Standard
2025-01-13 00:00:00,WAN-STM-02,WAN Secondary - Facility B - Lumen MPLS,Stamford,inbound,877.73,465.42,779.62,405.4,164.92,114678,0.209,0,3,0,38.6,28.6,21.6,3.2,2.3,5.7,8.8,Bulk-Transfer
2025-01-13 01:00:00,WAN-NWK-02,WAN Secondary - Facility A - Lumen MPLS,Newark,inbound,914.65,539.03,867.28,467.94,259.12,121696,0.243,6,2,1,28.1,29.8,24.3,3.7,2.5,11.6,9.1,Standard
2025-01-13 02:00:00,WAN-NWK-01,WAN Primary - Facility A - AT&T MPLS,Newark,inbound,958.49,513.47,889.79,457.51,204.47,91975,0.231,4,2,0,30.3,22.6,19.1,4.7,1.9,21.4,9.6,Business-Critical
2025-01-13 04:00:00,WAN-NWK-02,WAN Secondary - Facility A - Lumen MPLS,Newark,inbound,907.21,553.22,837.86,467.59,321.81,125907,0.249,5,0,0,34.4,24.9,24.1,2.8,1.6,12.2,9.1,Standard
2025-01-13 04:00:00,WAN-STM-02,WAN Secondary - Facility B - Lumen MPLS,Stamford,inbound,859.06,495.05,788.83,452.95,291.6,83673,0.223,2,0,0,36.8,34.8,23.4,4.0,2.3,0,8.6,Standard
2025-01-13 05:00:00,WAN-NWK-02,WAN Secondary - Facility A - Lumen MPLS,Newark,inbound,800.65,545.3,749.74,471.34,314.34,110178,0.245,5,0,0,29.7,30.6,22.6,3.0,2.4,11.7,8.0,Business-Critical
2025-01-13 06:00:00,IX-NWK-STM-01,Inter-Facility Dark Fiber Newark-Stamford,Inter-DC,inbound,2663.42,1481.89,2422.25,1326.06,833.61,245880,0.667,7,1,1,38.9,31.8,20.3,4.4,1.2,3.4,26.6,Bulk-Transfer
2025-01-13 07:00:00,WAN-STM-01,WAN Primary - Facility B - AT&T MPLS,Stamford,inbound,4312.4,2669.71,3914.63,2601.96,1512.49,406981,1.201,10,3,0,28.5,20.2,23.6,1.1,2.5,24.1,43.1,Business-Critical
2025-01-13 08:00:00,WAN-STM-02,WAN Secondary - Facility B - Lumen MPLS,Stamford,outbound,5948.19,4151.6,4949.28,4004.58,2098.54,603624,1.868,8,4,0,37.3,34.7,24.9,5.0,2.3,0,59.5,Business-Critical
2025-01-13 11:00:00,WAN-NWK-01,WAN Primary - Facility A - AT&T MPLS,Newark,outbound,9500.0,5682.95,8096.15,5059.86,1745.1,1296630,2.557,1,2,4,28.2,20.8,16.3,3.2,1.9,29.6,95.0,Real-Time
2025-01-13 12:00:00,WAN-NWK-02,WAN Secondary - Facility A - Lumen MPLS,Newark,inbound,6842.44,4719.51,6109.94,3881.64,2793.21,910704,2.124,29,12,7,25.4,21.0,22.5,1.7,1.3,28.1,68.4,Bulk-Transfer
2025-01-13 13:00:00,WAN-STM-01,WAN Primary - Facility B - AT&T MPLS,Stamford,outbound,9500.0,5635.62,8277.18,5584.57,2849.48,869797,2.536,42,0,3,30.6,21.2,18.9,3.8,1.4,24.1,95.0,Standard
2025-01-13 15:00:00,WAN-STM-01,WAN Primary - Facility B - AT&T MPLS,Stamford,inbound,6021.9,3521.97,5374.41,2975.63,1292.32,795859,1.585,38,4,1,33.0,21.8,19.4,2.2,1.8,21.8,60.2,Business-Critical
2025-01-13 16:00:00,WAN-NWK-02,WAN Secondary - Facility A - Lumen MPLS,Newark,outbound,4989.2,3445.46,4341.93,3001.09,1608.41,654009,1.55,22,6,1,26.2,28.1,23.0,4.5,3.0,15.2,49.9,Real-Time
2025-01-13 16:00:00,WAN-STM-01,WAN Primary - Facility B - AT&T MPLS,Stamford,inbound,3281.48,2257.47,2703.4,2173.02,875.77,313061,1.016,1,8,0,39.5,33.0,21.3,2.2,1.1,2.9,32.8,Standard
2025-01-13 16:00:00,WAN-STM-02,WAN Secondary - Facility B - Lumen MPLS,Stamford,inbound,2766.25,1623.95,2352.42,1440.54,764.51,384657,0.731,11,11,1,30.7,23.2,21.1,3.8,1.2,20.0,27.7,Real-Time
2025-01-13 17:00:00,WAN-STM-02,WAN Secondary - Facility B - Lumen MPLS,Stamford,inbound,2590.9,1546.19,2392.03,1467.75,677.08,356099,0.696,6,9,1,28.2,26.8,15.5,3.9,1.6,24.0,25.9,Real-Time
2025-01-13 19:00:00,WAN-STM-01,WAN Primary - Facility B - AT&T MPLS,Stamford,inbound,2190.7,1181.39,2045.35,1121.35,630.6,210684,0.532,3,6,0,28.6,26.1,18.4,4.3,2.2,20.4,21.9,Standard
2025-01-13 20:00:00,WAN-NWK-02,WAN Secondary - Facility A - Lumen MPLS,Newark,outbound,1582.92,1108.57,1314.98,1006.48,557.89,223142,0.499,2,2,2,35.1,29.5,19.4,1.4,1.6,13.0,15.8,Real-Time
2025-01-13 22:00:00,WAN-NWK-02,WAN Secondary - Facility A - Lumen MPLS,Newark,inbound,1123.5,792.31,1033.08,782.24,270.06,112836,0.357,3,0,0,30.7,28.3,18.8,2.4,1.9,17.9,11.2,Standard
2025-01-13 23:00:00,WAN-STM-02,WAN Secondary - Facility B - Lumen MPLS,Stamford,inbound,1130.56,738.6,928.77,601.73,413.42,136290,0.332,4,4,1,31.5,28.5,22.7,4.3,2.9,10.1,11.3,Bulk-Transfer
2025-01-14 00:00:00,WAN-STM-02,WAN Secondary - Facility B - Lumen MPLS,Stamford,outbound,1415.75,997.55,1289.58,924.06,525.31,161773,0.449,6,2,1,30.1,24.4,20.0,4.3,2.2,19.0,14.2,Business-Critical
2025-01-14 01:00:00,WAN-NWK-01,WAN Primary - Facility A - AT&T MPLS,Newark,outbound,1186.41,790.49,1089.33,691.14,460.9,170892,0.356,4,3,1,31.5,22.6,17.2,2.6,2.8,23.3,11.9,Standard
2025-01-14 01:00:00,IX-NWK-STM-01,Inter-Facility Dark Fiber Newark-Stamford,Inter-DC,inbound,945.36,628.74,818.0,579.46,286.14,138816,0.283,4,1,0,37.4,27.7,23.0,1.4,1.2,9.3,9.5,Bulk-Transfer
2025-01-14 03:00:00,WAN-NWK-02,WAN Secondary - Facility A - Lumen MPLS,Newark,inbound,886.45,625.01,816.28,569.46,323.4,76604,0.281,0,2,1,34.9,30.3,17.3,2.9,2.3,12.3,8.9,Business-Critical
2025-01-14 04:00:00,WAN-STM-02,WAN Secondary - Facility B - Lumen MPLS,Stamford,outbound,1124.72,589.85,1021.47,533.83,280.52,134543,0.265,3,1,0,26.8,22.7,16.7,2.3,1.1,30.4,11.2,Standard
2025-01-14 06:00:00,WAN-STM-02,WAN Secondary - Facility B - Lumen MPLS,Stamford,inbound,2257.97,1352.49,2111.65,1163.74,518.19,243023,0.609,8,3,1,32.9,27.1,20.3,1.6,2.0,16.1,22.6,Bulk-Transfer
2025-01-14 07:00:00,WAN-NWK-02,WAN Secondary - Facility A - Lumen MPLS,Newark,outbound,5088.66,2957.2,4183.84,2867.03,1302.29,598901,1.331,28,5,0,34.1,26.0,24.1,4.0,1.8,10.0,50.9,Bulk-Transfer
2025-01-14 12:00:00,WAN-NWK-01,WAN Primary - Facility A - AT&T MPLS,Newark,inbound,7085.38,4490.56,6247.32,4374.35,1880.59,869336,2.021,2,8,2,37.5,28.5,16.9,3.5,2.5,11.1,70.9,Standard
2025-01-14 12:00:00,WAN-STM-02,WAN Secondary - Facility B - Lumen MPLS,Stamford,inbound,7376.03,4792.6,6744.45,4145.5,2083.27,645873,2.157,27,7,0,29.4,25.1,22.2,3.4,2.0,17.9,73.8,Bulk-Transfer
2025-01-14 12:00:00,IX-NWK-STM-01,Inter-Facility Dark Fiber Newark-Stamford,Inter-DC,inbound,6655.9,4296.76,6002.08,3993.85,1526.96,932067,1.934,8,11,8,26.1,25.3,17.4,3.6,2.1,25.5,66.6,Real-Time
2025-01-14 13:00:00,WAN-NWK-01,WAN Primary - Facility A - AT&T MPLS,Newark,inbound,6590.68,3695.57,5660.82,3344.84,1679.92,540109,1.663,8,2,3,31.1,27.9,21.5,1.7,2.0,15.8,65.9,Real-Time
2025-01-14 13:00:00,IX-NWK-STM-01,Inter-Facility Dark Fiber Newark-Stamford,Inter-DC,inbound,5041.4,2629.66,4235.87,2441.64,1285.27,755208,1.183,26,17,0,28.6,32.9,22.4,4.6,2.6,8.9,50.4,Standard
2025-01-14 13:00:00,IX-NWK-STM-01,Inter-Facility Dark Fiber Newark-Stamford,Inter-DC,outbound,7577.41,4336.25,6302.29,4221.29,1309.8,695469,1.951,25,7,1,38.1,32.1,15.5,3.6,2.4,8.3,75.8,Real-Time
2025-01-14 15:00:00,WAN-STM-01,WAN Primary - Facility B - AT&T MPLS,Stamford,outbound,9500.0,5785.8,8527.85,5311.25,1941.92,1196665,2.604,21,26,7,36.8,22.3,22.2,2.0,1.6,15.1,95.0,Bulk-Transfer
2025-01-14 17:00:00,WAN-STM-02,WAN Secondary - Facility B - Lumen MPLS,Stamford,inbound,3322.63,2090.94,2983.71,1824.99,946.34,296691,0.941,12,8,1,31.9,24.3,22.3,3.2,2.0,16.3,33.2,Business-Critical
2025-01-14 19:00:00,WAN-STM-02,WAN Secondary - Facility B - Lumen MPLS,Stamford,inbound,2117.36,1449.29,1804.66,1388.14,482.2,210776,0.652,5,6,0,30.4,29.6,22.1,1.3,1.8,14.8,21.2,Standard
2025-01-14 20:00:00,WAN-STM-02,WAN Secondary - Facility B - Lumen MPLS,Stamford,outbound,1949.45,1135.36,1707.49,1001.24,592.05,270406,0.511,10,8,2,38.1,34.3,20.3,3.7,2.7,0.9,19.5,Business-Critical
2025-01-14 22:00:00,WAN-STM-02,WAN Secondary - Facility B - Lumen MPLS,Stamford,outbound,1578.34,1058.0,1451.92,980.75,406.73,133012,0.476,0,1,0,39.0,27.9,21.1,1.0,2.7,8.3,15.8,Standard
2025-01-14 22:00:00,IX-NWK-STM-01,Inter-Facility Dark Fiber Newark-Stamford,Inter-DC,outbound,1841.62,1097.91,1657.52,991.65,648.71,211385,0.494,2,4,1,33.3,22.8,18.9,2.6,1.8,20.6,18.4,Bulk-Transfer
2025-01-14 23:00:00,IX-NWK-STM-01,Inter-Facility Dark Fiber Newark-Stamford,Inter-DC,inbound,1259.72,844.77,1160.75,763.75,429.81,165201,0.38,1,3,1,28.8,20.6,22.6,4.5,1.4,22.1,12.6,Bulk-Transfer
2025-01-15 00:00:00,WAN-STM-01,WAN Primary - Facility B - AT&T MPLS,Stamford,outbound,1155.66,742.09,1073.71,723.15,309.68,172621,0.334,4,1,1,36.1,34.6,23.7,1.3,2.3,2.0,11.6,Standard
2025-01-15 00:00:00,WAN-STM-02,WAN Secondary - Facility B - Lumen MPLS,Stamford,inbound,957.91,673.94,833.4,542.55,213.51,104134,0.303,1,0,1,25.3,27.6,16.8,1.7,1.0,27.6,9.6,Standard
2025-01-15 00:00:00,WAN-STM-02,WAN Secondary - Facility B - Lumen MPLS,Stamford,outbound,1388.14,750.21,1261.41,746.79,380.41,142656,0.338,7,3,0,27.2,28.9,20.3,1.9,2.9,18.8,13.9,Standard
2025-01-15 01:00:00,IX-NWK-STM-01,Inter-Facility Dark Fiber Newark-Stamford,Inter-DC,outbound,1087.69,571.33,1021.42,511.58,202.45,87602,0.257,3,0,0,39.5,30.7,19.5,3.3,1.7,5.3,10.9,Bulk-Transfer
2025-01-15 02:00:00,WAN-STM-02,WAN Secondary - Facility B - Lumen MPLS,Stamford,inbound,820.83,472.95,740.78,428.99,171.53,76157,0.213,0,2,1,39.0,25.0,21.7,4.1,2.2,8.0,8.2,Real-Time
2025-01-15 02:00:00,IX-NWK-STM-01,Inter-Facility Dark Fiber Newark-Stamford,Inter-DC,inbound,840.02,569.7,692.63,486.33,276.39,118158,0.256,2,1,0,26.9,24.7,23.2,3.3,1.4,20.5,8.4,Bulk-Transfer
2025-01-15 03:00:00,WAN-NWK-01,WAN Primary - Facility A - AT&T MPLS,Newark,inbound,794.93,484.46,668.58,452.84,268.76,100802,0.218,2,3,0,38.6,24.7,18.2,1.1,2.2,15.2,7.9,Bulk-Transfer
2025-01-15 04:00:00,WAN-NWK-01,WAN Primary - Facility A - AT&T MPLS,Newark,inbound,695.76,417.51,598.96,336.92,145.06,57717,0.188,2,0,1,33.6,20.1,24.5,2.6,1.3,17.9,7.0,Standard
2025-01-15 04:00:00,WAN-NWK-02,WAN Secondary - Facility A - Lumen MPLS,Newark,inbound,951.59,601.38,868.55,555.64,183.36,96997,0.271,4,0,0,37.3,21.1,19.7,2.9,2.1,16.9,9.5,Bulk-Transfer
2025-01-15 04:00:00,WAN-STM-01,WAN Primary - Facility B - AT&T MPLS,Stamford,outbound,1127.77,688.78,1032.95,620.63,397.22,101567,0.31,2,3,1,30.6,31.2,20.3,3.6,1.1,13.2,11.3,Standard
2025-01-15 05:00:00,WAN-NWK-02,WAN Secondary - Facility A - Lumen MPLS,Newark,inbound,719.22,424.49,606.35,385.46,175.06,101430,0.191,3,2,1,31.3,20.8,18.0,1.8,1.0,27.1,7.2,Standard
2025-01-15 05:00:00,WAN-NWK-02,WAN Secondary - Facility A - Lumen MPLS,Newark,outbound,1188.61,830.76,1108.38,793.81,432.68,117174,0.374,2,3,1,36.9,26.7,22.2,4.3,2.3,7.6,11.9,Real-Time
2025-01-15 05:00:00,WAN-STM-02,WAN Secondary - Facility B - Lumen MPLS,Stamford,outbound,1287.44,685.99,1183.87,678.19,407.43,106301,0.309,2,3,0,38.6,24.6,23.4,3.4,1.4,8.6,12.9,Bulk-Transfer
2025-01-15 06:00:00,WAN-NWK-02,WAN Secondary - Facility A - Lumen MPLS,Newark,inbound,2281.14,1373.81,1897.97,1312.41,760.65,192139,0.618,7,5,0,31.1,31.6,16.3,4.6,1.9,14.5,22.8,Standard
2025-01-15 06:00:00,WAN-NWK-02,WAN Secondary - Facility A - Lumen MPLS,Newark,outbound,2898.87,1790.3,2448.86,1489.21,833.54,285802,0.806,0,3,1,35.7,34.7,16.9,4.9,2.4,5.4,29.0,Bulk-Transfer
2025-01-15 07:00:00,WAN-NWK-01,WAN Primary - Facility A - AT&T MPLS,Newark,outbound,4849.29,3233.88,4225.75,2693.29,1794.77,703585,1.455,35,11,1,38.1,25.3,16.6,3.4,1.2,15.4,48.5,Business-Critical
2025-01-15 07:00:00,WAN-STM-01,WAN Primary - Facility B - AT&T MPLS,Stamford,outbound,5927.84,3295.78,4966.66,2717.04,1765.97,881145,1.483,10,6,1,28.9,24.4,23.2,4.3,1.0,18.2,59.3,Business-Critical
2025-01-15 08:00:00,WAN-NWK-01,WAN Primary - Facility A - AT&T MPLS,Newark,outbound,8009.38,4690.97,6625.92,4247.41,2604.83,1159046,2.111,50,6,7,26.7,21.1,15.9,1.2,2.4,32.7,80.1,Standard
2025-01-15 08:00:00,WAN-STM-02,WAN Secondary - Facility B - Lumen MPLS,Stamford,outbound,6577.03,3660.4,5952.33,3015.7,1254.77,553702,1.647,3,7,0,31.9,33.3,20.4,1.9,1.8,10.7,65.8,Business-Critical
2025-01-15 09:00:00,WAN-STM-01,WAN Primary - Facility B - AT&T MPLS,Stamford,inbound,5256.2,3329.02,4403.4,3175.0,1607.07,507420,1.498,18,5,5,36.5,29.0,19.1,1.2,2.5,11.7,52.6,Bulk-Transfer
2025-01-15 10:00:00,WAN-NWK-02,WAN Secondary - Facility A - Lumen MPLS,Newark,inbound,8070.67,4978.34,6763.35,4899.17,1659.72,1063728,2.24,43,15,5,29.2,27.5,23.3,3.3,3.0,13.7,80.7,Standard
2025-01-15 11:00:00,WAN-STM-02,WAN Secondary - Facility B - Lumen MPLS,Stamford,inbound,6546.85,3781.37,5779.61,3049.74,1734.27,567311,1.702,3,14,5,36.3,31.7,23.4,3.5,1.0,4.1,65.5,Standard
2025-01-15 11:00:00,WAN-STM-02,WAN Secondary - Facility B - Lumen MPLS,Stamford,outbound,9213.71,4808.59,7959.08,4341.72,1742.36,1012401,2.164,24,30,3,33.5,29.0,20.0,2.2,1.8,13.5,92.1,Bulk-Transfer
2025-01-15 13:00:00,WAN-STM-02,WAN Secondary - Facility B - Lumen MPLS,Stamford,outbound,8972.14,5814.18,7533.29,4936.71,2019.33,1332276,2.616,28,10,0,30.2,21.6,21.6,2.0,2.3,22.3,89.7,Standard
2025-01-15 15:00:00,WAN-NWK-02,WAN Secondary - Facility A - Lumen MPLS,Newark,outbound,7637.44,4740.11,6819.24,3851.38,2040.62,1042697,2.133,35,15,5,35.6,20.8,18.8,2.4,1.2,21.2,76.4,Real-Time
2025-01-15 15:00:00,WAN-STM-01,WAN Primary - Facility B - AT&T MPLS,Stamford,inbound,6078.14,4274.6,5449.0,3932.29,2076.67,732318,1.924,10,19,0,37.1,26.6,21.1,2.2,2.2,10.8,60.8,Standard
2025-01-15 15:00:00,IX-NWK-STM-01,Inter-Facility Dark Fiber Newark-Stamford,Inter-DC,inbound,5015.28,2985.2,4744.07,2662.03,1402.91,625094,1.343,1,12,6,27.8,23.7,20.8,1.6,2.8,23.3,50.2,Standard
2025-01-15 16:00:00,WAN-NWK-01,WAN Primary - Facility A - AT&T MPLS,Newark,outbound,4762.96,3080.12,4323.38,2541.52,1500.28,630067,1.386,26,2,5,36.3,22.2,21.5,3.3,2.3,14.4,47.6,Standard
2025-01-15 17:00:00,WAN-STM-01,WAN Primary - Facility B - AT&T MPLS,Stamford,outbound,3373.19,2425.2,3072.72,2162.5,1179.13,494785,1.091,15,13,4,37.0,21.1,22.9,1.2,1.7,16.1,33.7,Standard
2025-01-15 19:00:00,IX-NWK-STM-01,Inter-Facility Dark Fiber Newark-Stamford,Inter-DC,inbound,1637.63,896.89,1487.67,846.74,321.81,202842,0.404,6,1,1,31.9,29.7,15.5,4.1,2.6,16.2,16.4,Business-Critical
2025-01-15 20:00:00,WAN-STM-01,WAN Primary - Facility B - AT&T MPLS,Stamford,inbound,1083.94,631.61,1028.27,547.67,223.17,136997,0.284,1,0,0,32.9,32.0,24.9,3.7,2.6,3.9,10.8,Standard
2025-01-15 20:00:00,WAN-STM-01,WAN Primary - Facility B - AT&T MPLS,Stamford,outbound,1685.39,958.6,1479.78,958.14,414.53,142371,0.431,2,0,0,38.5,24.0,19.5,1.4,2.4,14.2,16.9,Standard
2025-01-15 21:00:00,WAN-NWK-01,WAN Primary - Facility A - AT&T MPLS,Newark,inbound,1355.96,876.55,1148.05,819.15,350.58,192689,0.394,2,3,1,31.1,34.9,20.9,3.1,1.6,8.4,13.6,Business-Critical
2025-01-15 23:00:00,WAN-STM-01,WAN Primary - Facility B - AT&T MPLS,Stamford,outbound,2020.41,1114.41,1905.97,1025.75,527.05,239987,0.501,1,7,0,34.3,27.6,16.3,4.3,1.4,16.1,20.2,Real-Time
2025-01-16 00:00:00,WAN-STM-01,WAN Primary - Facility B - AT&T MPLS,Stamford,inbound,949.3,563.83,833.11,479.56,237.87,124623,0.254,2,3,0,27.9,33.0,18.8,4.2,2.7,13.4,9.5,Business-Critical
2025-01-16 02:00:00,WAN-STM-01,WAN Primary - Facility B - AT&T MPLS,Stamford,inbound,989.41,548.6,824.24,533.47,224.96,100377,0.247,0,0,1,36.2,24.5,17.2,3.7,1.1,17.3,9.9,Standard
2025-01-16 05:00:00,WAN-STM-01,WAN Primary - Facility B - AT&T MPLS,Stamford,outbound,1216.0,739.96,1010.65,667.43,229.24,156529,0.333,4,4,1,26.5,26.3,15.7,3.2,1.4,26.9,12.2,Real-Time
2025-01-16 06:00:00,WAN-NWK-02,WAN Secondary - Facility A - Lumen MPLS,Newark,outbound,3140.62,2044.37,2897.05,1957.99,702.26,276109,0.92,0,3,2,34.6,22.8,16.4,1.5,1.6,23.1,31.4,Business-Critical
2025-01-16 06:00:00,WAN-STM-01,WAN Primary - Facility B - AT&T MPLS,Stamford,inbound,2442.19,1459.54,2109.98,1258.71,561.31,198724,0.657,1,2,0,36.9,34.0,20.9,3.6,1.2,3.4,24.4,Real-Time
2025-01-16 06:00:00,WAN-STM-02,WAN Secondary - Facility B - Lumen MPLS,Stamford,outbound,3235.5,2083.07,2757.99,1758.73,711.36,368721,0.937,0,8,2,25.9,25.8,18.2,1.1,1.5,27.5,32.4,Bulk-Transfer
2025-01-16 12:00:00,WAN-STM-01,WAN Primary - Facility B - AT&T MPLS,Stamford,outbound,9500.0,5106.56,8668.19,4563.01,2081.58,1400447,2.298,4,5,1,30.7,23.4,16.8,1.8,2.7,24.6,95.0,Real-Time
2025-01-16 13:00:00,WAN-STM-01,WAN Primary - Facility B - AT&T MPLS,Stamford,inbound,8207.8,4325.77,6919.48,4212.24,1906.5,669144,1.947,8,3,2,33.4,25.5,17.4,3.8,1.6,18.3,82.1,Standard
2025-01-16 15:00:00,WAN-NWK-02,WAN Secondary - Facility A - Lumen MPLS,Newark,outbound,9401.68,5794.83,8273.53,4998.0,1845.51,896021,2.608,17,5,1,28.8,23.1,21.9,2.7,2.2,21.3,94.0,Business-Critical
2025-01-16 15:00:00,IX-NWK-STM-01,Inter-Facility Dark Fiber Newark-Stamford,Inter-DC,inbound,6826.36,4461.1,5801.53,4236.38,1779.84,891265,2.007,29,4,1,31.3,24.5,24.2,3.7,2.7,13.6,68.3,Real-Time
2025-01-16 18:00:00,IX-NWK-STM-01,Inter-Facility Dark Fiber Newark-Stamford,Inter-DC,inbound,2516.42,1377.9,2382.79,1221.1,503.78,362038,0.62,15,1,1,35.5,24.4,23.3,1.7,1.4,13.7,25.2,Real-Time
2025-01-16 19:00:00,WAN-NWK-01,WAN Primary - Facility A - AT&T MPLS,Newark,inbound,2060.66,1193.15,1921.92,1133.0,670.16,295914,0.537,10,6,2,30.3,24.7,20.6,3.7,2.4,18.3,20.6,Standard
2025-01-16 19:00:00,IX-NWK-STM-01,Inter-Facility Dark Fiber Newark-Stamford,Inter-DC,outbound,2394.61,1414.39,1998.95,1220.72,600.5,313381,0.636,1,0,0,32.2,33.4,23.2,1.8,1.9,7.5,23.9,Business-Critical
2025-01-16 20:00:00,WAN-STM-02,WAN Secondary - Facility B - Lumen MPLS,Stamford,inbound,1427.04,947.9,1262.58,778.15,355.35,133767,0.427,3,1,0,30.5,29.6,21.0,4.9,1.6,12.4,14.3,Standard
2025-01-16 21:00:00,WAN-STM-01,WAN Primary - Facility B - AT&T MPLS,Stamford,outbound,1673.82,903.38,1522.54,754.17,373.88,194810,0.407,6,4,0,35.5,33.2,17.9,2.7,2.4,8.3,16.7,Business-Critical
2025-01-16 22:00:00,WAN-NWK-01,WAN Primary - Facility A - AT&T MPLS,Newark,inbound,1198.03,683.68,1050.58,657.09,308.07,136469,0.308,5,0,1,39.8,32.6,22.3,1.0,2.1,2.2,12.0,Real-Time
2025-01-16 22:00:00,WAN-STM-01,WAN Primary - Facility B - AT&T MPLS,Stamford,outbound,1898.98,1156.33,1723.46,1125.5,510.77,207247,0.52,1,2,1,37.0,24.4,24.9,2.2,2.8,8.7,19.0,Standard
2025-01-16 23:00:00,IX-NWK-STM-01,Inter-Facility Dark Fiber Newark-Stamford,Inter-DC,inbound,1105.0,746.98,944.12,637.71,338.08,88772,0.336,0,1,0,35.0,31.2,21.7,4.5,1.1,6.5,11.1,Standard
2025-01-17 00:00:00,IX-NWK-STM-01,Inter-Facility Dark Fiber Newark-Stamford,Inter-DC,outbound,1041.82,739.7,960.91,647.98,303.57,149398,0.333,1,4,1,28.8,33.5,17.8,3.4,1.6,14.9,10.4,Standard
2025-01-17 04:00:00,WAN-NWK-02,WAN Secondary - Facility A - Lumen MPLS,Newark,outbound,1026.0,667.72,941.96,539.97,317.33,101747,0.3,1,1,0,38.5,25.9,21.7,4.7,1.3,7.9,10.3,Real-Time
2025-01-17 04:00:00,WAN-STM-01,WAN Primary - Facility B - AT&T MPLS,Stamford,outbound,1138.87,732.69,968.45,644.07,289.62,138743,0.33,6,1,1,30.6,22.0,20.9,2.6,1.0,22.9,11.4,Standard
2025-01-17 05:00:00,WAN-NWK-01,WAN Primary - Facility A - AT&T MPLS,Newark,inbound,761.56,454.99,704.78,367.88,262.24,109701,0.205,0,2,0,35.8,27.4,22.5,4.1,2.8,7.4,7.6,Standard
2025-01-17 05:00:00,WAN-NWK-02,WAN Secondary - Facility A - Lumen MPLS,Newark,outbound,1152.42,724.73,1083.19,639.53,325.51,103311,0.326,0,3,1,37.6,20.9,19.6,3.1,2.6,16.2,11.5,Bulk-Transfer
2025-01-17 05:00:00,WAN-STM-02,WAN Secondary - Facility B - Lumen MPLS,Stamford,outbound,1354.1,944.65,1219.65,825.0,528.22,148301,0.425,7,0,0,28.8,24.2,24.8,2.7,2.5,17.0,13.5,Standard
2025-01-17 09:00:00,IX-NWK-STM-01,Inter-Facility Dark Fiber Newark-Stamford,Inter-DC,inbound,6170.69,3746.33,5151.98,3600.87,2198.98,720483,1.686,5,14,0,35.1,27.6,22.5,1.1,1.3,12.4,61.7,Real-Time
2025-01-17 10:00:00,WAN-STM-01,WAN Primary - Facility B - AT&T MPLS,Stamford,inbound,7541.87,5126.93,6552.3,4281.93,2174.12,1047760,2.307,42,21,2,34.5,20.4,24.2,2.3,2.7,15.9,75.4,Business-Critical
2025-01-17 11:00:00,WAN-STM-01,WAN Primary - Facility B - AT&T MPLS,Stamford,inbound,7905.55,5448.76,7486.38,4364.58,1648.64,767714,2.452,16,11,6,25.7,25.7,20.5,4.8,1.5,21.8,79.1,Bulk-Transfer
2025-01-17 12:00:00,WAN-NWK-02,WAN Secondary - Facility A - Lumen MPLS,Newark,inbound,7143.12,5067.86,6693.82,4465.99,1769.41,709001,2.281,33,14,0,38.2,30.8,20.2,2.9,2.0,5.9,71.4,Business-Critical
2025-01-17 13:00:00,WAN-NWK-01,WAN Primary - Facility A - AT&T MPLS,Newark,outbound,9500.0,5179.96,7987.28,4288.62,1848.1,850104,2.331,26,11,4,30.4,29.8,18.1,3.4,1.9,16.4,95.0,Standard
2025-01-17 13:00:00,WAN-NWK-02,WAN Secondary - Facility A - Lumen MPLS,Newark,outbound,8752.36,5412.12,8243.26,4459.94,2882.75,1312444,2.435,30,31,8,36.7,27.9,24.5,4.0,2.4,4.5,87.5,Business-Critical
2025-01-17 14:00:00,WAN-NWK-02,WAN Secondary - Facility A - Lumen MPLS,Newark,inbound,5409.2,3312.98,5056.07,3296.08,1718.91,637934,1.491,14,6,1,38.3,26.8,21.2,2.8,2.4,8.5,54.1,Standard
2025-01-17 14:00:00,IX-NWK-STM-01,Inter-Facility Dark Fiber Newark-Stamford,Inter-DC,inbound,6769.77,4568.93,5779.74,4008.02,2472.87,620185,2.056,22,4,5,39.0,20.3,24.8,3.8,1.1,11.0,67.7,Business-Critical
2025-01-17 14:00:00,IX-NWK-STM-01,Inter-Facility Dark Fiber Newark-Stamford,Inter-DC,outbound,7906.53,5529.58,6873.43,4607.73,2540.29,764998,2.488,22,0,1,32.3,28.6,18.0,2.3,2.2,16.6,79.1,Real-Time
2025-01-17 15:00:00,WAN-NWK-02,WAN Secondary - Facility A - Lumen MPLS,Newark,inbound,8122.27,4935.8,7039.28,4462.43,2957.34,1149297,2.221,55,29,11,33.4,33.0,24.4,2.4,2.2,4.6,81.2,Bulk-Transfer
2025-01-17 15:00:00,WAN-NWK-02,WAN Secondary - Facility A - Lumen MPLS,Newark,outbound,9500.0,5280.72,8279.4,4969.75,2330.44,1268973,2.376,3,28,12,35.9,23.8,21.5,2.1,2.8,13.9,95.0,Standard
2025-01-17 15:00:00,WAN-STM-01,WAN Primary - Facility B - AT&T MPLS,Stamford,inbound,7968.86,4346.38,7005.83,3721.55,2095.22,1084440,1.956,28,23,8,33.7,32.6,17.5,2.4,1.6,12.2,79.7,Standard
2025-01-17 16:00:00,WAN-STM-01,WAN Primary - Facility B - AT&T MPLS,Stamford,inbound,3360.79,2298.22,3161.11,2105.4,975.87,281149,1.034,0,4,1,32.2,26.3,16.6,4.3,2.8,17.8,33.6,Business-Critical
2025-01-17 19:00:00,WAN-STM-02,WAN Secondary - Facility B - Lumen MPLS,Stamford,outbound,2317.74,1312.53,2004.29,1287.08,527.72,310149,0.591,12,3,2,30.3,23.6,15.3,2.4,1.6,26.8,23.2,Bulk-Transfer
2025-01-17 20:00:00,WAN-STM-02,WAN Secondary - Facility B - Lumen MPLS,Stamford,outbound,1611.17,1157.42,1385.43,945.57,493.54,215978,0.521,4,0,1,28.0,28.0,23.3,2.9,2.1,15.7,16.1,Bulk-Transfer
2025-01-17 20:00:00,IX-NWK-STM-01,Inter-Facility Dark Fiber Newark-Stamford,Inter-DC,outbound,1907.66,1277.17,1801.92,1052.43,486.47,243490,0.575,1,6,1,36.3,32.7,23.5,4.5,1.0,2.0,19.1,Bulk-Transfer
2025-01-17 22:00:00,WAN-NWK-02,WAN Secondary - Facility A - Lumen MPLS,Newark,inbound,1413.08,925.74,1188.03,816.98,461.61,139060,0.417,2,0,1,38.4,32.8,20.7,3.2,1.4,3.5,14.1,Standard
2025-01-17 22:00:00,WAN-STM-01,WAN Primary - Facility B - AT&T MPLS,Stamford,outbound,1813.26,1187.66,1651.06,1057.2,601.05,245913,0.534,1,4,1,25.4,32.4,16.6,2.5,2.7,20.4,18.1,Real-Time
2025-01-17 23:00:00,WAN-NWK-01,WAN Primary - Facility A - AT&T MPLS,Newark,outbound,1872.88,1180.22,1721.84,1162.67,587.5,227584,0.531,7,5,2,31.1,26.4,19.4,4.2,1.2,17.7,18.7,Real-Time
2025-01-17 23:00:00,WAN-NWK-02,WAN Secondary - Facility A - Lumen MPLS,Newark,outbound,1709.54,1151.83,1507.63,1039.5,450.1,175433,0.518,0,4,0,36.0,27.5,22.5,3.3,2.1,8.6,17.1,Business-Critical
2025-01-18 01:00:00,WAN-STM-01,WAN Primary - Facility B - AT&T MPLS,Stamford,outbound,2871.99,1565.83,2578.82,1308.03,696.58,323950,0.705,3,5,3,27.7,28.8,16.5,4.8,3.0,19.2,28.7,Real-Time
2025-01-18 04:00:00,WAN-NWK-01,WAN Primary - Facility A - AT&T MPLS,Newark,inbound,1863.96,1018.99,1731.85,904.45,528.8,236118,0.459,1,4,1,39.0,26.6,22.3,2.3,3.0,6.8,18.6,Real-Time
2025-01-18 05:00:00,WAN-NWK-02,WAN Secondary - Facility A - Lumen MPLS,Newark,outbound,2108.73,1458.74,1792.15,1439.63,820.89,182442,0.656,3,1,0,26.6,20.1,16.3,3.6,1.4,32.0,21.1,Standard
2025-01-18 07:00:00,WAN-STM-01,WAN Primary - Facility B - AT&T MPLS,Stamford,outbound,2881.14,1864.63,2488.63,1825.5,886.17,280652,0.839,5,7,2,38.8,31.7,23.5,3.0,1.2,1.8,28.8,Business-Critical
2025-01-18 07:00:00,IX-NWK-STM-01,Inter-Facility Dark Fiber Newark-Stamford,Inter-DC,inbound,1560.62,933.85,1321.02,883.72,352.64,211140,0.42,5,6,2,27.0,25.2,15.6,1.2,1.9,29.1,15.6,Standard
2025-01-18 07:00:00,IX-NWK-STM-01,Inter-Facility Dark Fiber Newark-Stamford,Inter-DC,outbound,2830.77,1838.98,2479.04,1718.75,648.27,422267,0.828,15,5,0,25.3,31.5,17.6,4.1,1.8,19.7,28.3,Bulk-Transfer
2025-01-18 08:00:00,WAN-NWK-01,WAN Primary - Facility A - AT&T MPLS,Newark,outbound,2510.15,1718.25,2358.26,1565.93,719.62,230706,0.773,8,2,1,32.4,31.2,23.4,3.6,2.9,6.5,25.1,Standard
2025-01-18 08:00:00,WAN-STM-02,WAN Secondary - Facility B - Lumen MPLS,Stamford,outbound,2815.23,1650.51,2672.35,1610.49,512.67,371065,0.743,1,7,1,27.4,29.2,23.6,1.9,2.4,15.5,28.2,Standard
2025-01-18 09:00:00,WAN-STM-02,WAN Secondary - Facility B - Lumen MPLS,Stamford,outbound,2547.99,1422.72,2391.28,1421.19,790.64,211429,0.64,10,4,0,27.6,28.0,23.2,3.9,1.6,15.7,25.5,Business-Critical
2025-01-18 11:00:00,WAN-STM-01,WAN Primary - Facility B - AT&T MPLS,Stamford,outbound,2940.16,1949.36,2489.61,1874.44,1131.46,393796,0.877,7,10,3,39.6,29.6,24.5,3.3,1.8,1.2,29.4,Business-Critical
2025-01-18 11:00:00,IX-NWK-STM-01,Inter-Facility Dark Fiber Newark-Stamford,Inter-DC,inbound,1994.37,1203.64,1866.22,1203.12,391.27,167376,0.542,2,3,1,31.6,23.1,23.3,3.0,1.1,17.9,19.9,Business-Critical
2025-01-18 12:00:00,WAN-NWK-01,WAN Primary - Facility A - AT&T MPLS,Newark,outbound,2302.06,1520.44,1989.35,1385.55,464.59,310966,0.684,15,1,2,31.5,28.4,23.1,3.9,1.9,11.2,23.0,Business-Critical
2025-01-18 12:00:00,IX-NWK-STM-01,Inter-Facility Dark Fiber Newark-Stamford,Inter-DC,outbound,2361.29,1361.03,2080.76,1352.37,564.4,249205,0.612,6,4,1,37.2,26.6,24.5,5.0,1.6,5.1,23.6,Business-Critical
2025-01-18 14:00:00,WAN-STM-01,WAN Primary - Facility B - AT&T MPLS,Stamford,outbound,2818.12,1947.19,2646.27,1867.27,608.38,352731,0.876,4,10,2,39.5,34.2,23.1,3.1,2.3,0,28.2,Business-Critical
2025-01-18 15:00:00,WAN-STM-01,WAN Primary - Facility B - AT&T MPLS,Stamford,inbound,2060.16,1378.61,1783.95,1290.79,573.75,176835,0.62,4,5,0,35.2,34.4,21.9,4.6,2.0,1.9,20.6,Standard
2025-01-18 15:00:00,IX-NWK-STM-01,Inter-Facility Dark Fiber Newark-Stamford,Inter-DC,outbound,2106.73,1275.47,1756.68,1144.38,408.59,257801,0.574,8,5,1,39.9,23.1,18.2,1.7,1.4,15.7,21.1,Bulk-Transfer
2025-01-18 16:00:00,WAN-STM-02,WAN Secondary - Facility B - Lumen MPLS,Stamford,inbound,1875.55,1340.85,1607.65,1329.85,580.19,276748,0.603,5,8,0,28.5,26.6,23.3,1.7,2.8,17.1,18.8,Standard
2025-01-18 16:00:00,IX-NWK-STM-01,Inter-Facility Dark Fiber Newark-Stamford,Inter-DC,inbound,2017.35,1234.62,1757.61,1009.52,665.36,213585,0.556,1,1,1,34.9,23.0,20.0,4.7,1.2,16.2,20.2,Bulk-Transfer
2025-01-18 17:00:00,WAN-NWK-02,WAN Secondary - Facility A - Lumen MPLS,Newark,inbound,1705.2,1226.45,1486.5,1147.95,642.55,152617,0.552,6,2,0,39.5,33.6,18.3,3.0,1.4,4.2,17.1,Business-Critical
2025-01-18 20:00:00,WAN-NWK-01,WAN Primary - Facility A - AT&T MPLS,Newark,inbound,1443.29,935.23,1324.74,901.42,504.35,199706,0.421,6,3,1,28.0,31.4,15.2,2.3,1.8,21.3,14.4,Standard
2025-01-18 21:00:00,WAN-STM-01,WAN Primary - Facility B - AT&T MPLS,Stamford,inbound,1705.25,1082.5,1588.42,993.64,425.2,179614,0.487,8,3,0,29.2,29.1,23.6,2.1,1.1,14.9,17.1,Standard
2025-01-18 21:00:00,WAN-STM-02,WAN Secondary - Facility B - Lumen MPLS,Stamford,outbound,2826.91,1891.18,2538.26,1808.7,919.29,399037,0.851,8,11,0,28.0,31.5,21.8,2.5,2.9,13.3,28.3,Standard
2025-01-18 23:00:00,WAN-NWK-01,WAN Primary - Facility A - AT&T MPLS,Newark,outbound,2758.69,1761.21,2590.53,1547.41,548.56,400759,0.793,16,10,2,25.6,23.5,17.0,1.2,2.3,30.4,27.6,Business-Critical
2025-01-18 23:00:00,WAN-STM-02,WAN Secondary - Facility B - Lumen MPLS,Stamford,outbound,2455.52,1423.36,2170.38,1151.87,608.67,219081,0.641,5,4,0,28.7,24.1,24.4,3.0,2.8,17.0,24.6,Business-Critical
2025-01-19 01:00:00,WAN-NWK-01,WAN Primary - Facility A - AT&T MPLS,Newark,inbound,1487.92,1017.39,1406.79,852.16,363.19,178679,0.458,2,5,1,37.9,25.6,17.6,1.6,2.5,14.8,14.9,Standard
2025-01-19 02:00:00,WAN-STM-01,WAN Primary - Facility B - AT&T MPLS,Stamford,inbound,1626.59,1007.92,1416.83,924.07,399.82,224039,0.454,8,2,2,37.1,24.6,18.6,4.7,2.0,13.0,16.3,Standard
2025-01-19 02:00:00,IX-NWK-STM-01,Inter-Facility Dark Fiber Newark-Stamford,Inter-DC,inbound,2051.53,1089.04,1726.63,924.26,528.51,186289,0.49,1,3,0,30.7,21.3,24.9,5.0,2.0,16.1,20.5,Business-Critical
2025-01-19 02:00:00,IX-NWK-STM-01,Inter-Facility Dark Fiber Newark-Stamford,Inter-DC,outbound,2620.95,1847.32,2280.34,1529.32,761.01,350318,0.831,6,7,3,38.2,20.8,16.7,3.3,2.1,18.9,26.2,Business-Critical
2025-01-19 03:00:00,WAN-STM-02,WAN Secondary - Facility B - Lumen MPLS,Stamford,inbound,1757.72,1123.76,1664.52,959.22,389.36,255039,0.506,6,7,1,37.4,32.0,19.1,1.0,1.4,9.1,17.6,Real-Time
2025-01-19 03:00:00,WAN-STM-02,WAN Secondary - Facility B - Lumen MPLS,Stamford,outbound,2104.13,1144.18,1980.45,977.16,454.59,247319,0.515,1,5,0,34.9,29.7,21.2,4.7,1.1,8.4,21.0,Business-Critical
2025-01-19 04:00:00,IX-NWK-STM-01,Inter-Facility Dark Fiber Newark-Stamford,Inter-DC,outbound,2896.48,1664.06,2582.66,1528.97,673.89,298188,0.749,0,3,2,32.3,31.3,20.0,3.5,1.4,11.5,29.0,Bulk-Transfer
2025-01-19 06:00:00,WAN-STM-02,WAN Secondary - Facility B - Lumen MPLS,Stamford,outbound,2183.06,1521.02,1957.9,1417.91,822.93,275115,0.684,10,8,2,26.6,34.4,17.7,3.2,2.3,15.8,21.8,Business-Critical
2025-01-19 08:00:00,WAN-NWK-02,WAN Secondary - Facility A - Lumen MPLS,Newark,outbound,2364.3,1500.46,2088.89,1487.88,782.06,298359,0.675,3,8,2,39.1,30.8,23.7,3.2,3.0,0.2,23.6,Bulk-Transfer
2025-01-19 09:00:00,WAN-NWK-01,WAN Primary - Facility A - AT&T MPLS,Newark,outbound,2430.04,1747.28,2016.96,1518.14,540.85,281060,0.786,7,6,0,29.1,29.9,24.7,2.9,1.6,11.8,24.3,Bulk-Transfer
2025-01-19 10:00:00,WAN-STM-02,WAN Secondary - Facility B - Lumen MPLS,Stamford,inbound,1805.11,1245.14,1663.84,1202.31,407.83,202171,0.56,5,3,1,30.2,22.5,20.3,1.9,2.3,22.8,18.1,Bulk-Transfer
2025-01-19 10:00:00,IX-NWK-STM-01,Inter-Facility Dark Fiber Newark-Stamford,Inter-DC,inbound,1961.43,1408.25,1685.79,1203.72,622.54,258005,0.634,12,3,1,25.5,31.4,24.6,2.8,2.3,13.4,19.6,Bulk-Transfer
2025-01-19 13:00:00,IX-NWK-STM-01,Inter-Facility Dark Fiber Newark-Stamford,Inter-DC,inbound,1640.24,1138.35,1452.97,961.56,423.97,211083,0.512,5,3,0,33.2,24.5,24.4,1.4,2.5,14.0,16.4,Real-Time
2025-01-19 13:00:00,IX-NWK-STM-01,Inter-Facility Dark Fiber Newark-Stamford,Inter-DC,outbound,2372.42,1643.65,2198.9,1325.6,806.89,283308,0.74,2,6,0,25.6,26.9,19.5,4.6,1.6,21.8,23.7,Real-Time
2025-01-19 14:00:00,WAN-NWK-01,WAN Primary - Facility A - AT&T MPLS,Newark,inbound,1741.0,1056.24,1548.42,931.83,537.52,188274,0.475,9,2,1,30.5,27.5,22.6,2.4,1.5,15.5,17.4,Real-Time
2025-01-19 15:00:00,WAN-NWK-01,WAN Primary - Facility A - AT&T MPLS,Newark,inbound,1502.4,785.06,1413.91,663.74,427.29,194918,0.353,5,3,0,30.4,26.8,17.0,4.8,1.9,19.1,15.0,Real-Time
2025-01-19 15:00:00,WAN-NWK-01,WAN Primary - Facility A - AT&T MPLS,Newark,outbound,2622.63,1597.26,2216.46,1338.35,545.41,240007,0.719,0,5,1,34.7,31.9,19.5,2.7,1.8,9.4,26.2,Real-Time
2025-01-19 16:00:00,WAN-STM-01,WAN Primary - Facility B - AT&T MPLS,Stamford,inbound,1458.48,863.48,1266.01,705.76,463.1,199408,0.389,1,0,0,34.8,21.8,22.9,1.4,2.9,16.2,14.6,Bulk-Transfer
2025-01-19 17:00:00,WAN-NWK-02,WAN Secondary - Facility A - Lumen MPLS,Newark,outbound,2660.49,1586.66,2328.42,1342.75,825.95,303498,0.714,1,9,2,35.0,27.7,19.2,2.4,1.8,13.9,26.6,Business-Critical
2025-01-19 17:00:00,IX-NWK-STM-01,Inter-Facility Dark Fiber Newark-Stamford,Inter-DC,inbound,1520.76,822.82,1309.59,785.55,411.79,133861,0.37,3,0,1,39.1,29.4,21.7,3.9,1.6,4.3,15.2,Bulk-Transfer
2025-01-19 19:00:00,WAN-STM-01,WAN Primary - Facility B - AT&T MPLS,Stamford,inbound,1707.38,1096.24,1401.51,892.18,497.85,214061,0.493,1,2,0,25.7,30.3,20.1,4.7,1.2,18.0,17.1,Standard
2025-01-19 20:00:00,WAN-STM-01,WAN Primary - Facility B - AT&T MPLS,Stamford,outbound,2272.53,1597.1,2035.01,1417.48,893.04,326586,0.719,3,0,0,32.7,33.1,20.9,1.8,1.4,10.1,22.7,Business-Critical
2025-01-20 02:00:00,WAN-STM-02,WAN Secondary - Facility B - Lumen MPLS,Stamford,outbound,1263.71,781.56,1160.34,708.78,292.72,134619,0.352,1,3,1,29.1,23.8,16.5,1.3,3.0,26.3,12.6,Business-Critical
2025-01-20 03:00:00,WAN-NWK-02,WAN Secondary - Facility A - Lumen MPLS,Newark,inbound,892.49,637.09,792.65,582.57,276.65,108015,0.287,5,0,1,32.9,20.2,20.7,4.2,1.2,20.8,8.9,Bulk-Transfer
2025-01-20 05:00:00,WAN-STM-01,WAN Primary - Facility B - AT&T MPLS,Stamford,inbound,824.55,473.9,781.83,459.11,144.11,117102,0.213,5,1,1,25.1,34.3,23.7,4.9,2.9,9.1,8.2,Real-Time
2025-01-20 08:00:00,WAN-STM-01,WAN Primary - Facility B - AT&T MPLS,Stamford,inbound,5056.63,2687.6,4547.57,2218.34,1581.67,633182,1.209,6,16,0,25.9,27.8,15.7,4.8,2.3,23.5,50.6,Real-Time
2025-01-20 10:00:00,WAN-STM-02,WAN Secondary - Facility B - Lumen MPLS,Stamford,inbound,6997.94,3827.75,6025.5,3098.23,1992.89,650295,1.722,0,7,5,32.6,20.1,15.8,3.5,1.9,26.1,70.0,Bulk-Transfer
2025-01-20 12:00:00,WAN-NWK-01,WAN Primary - Facility A - AT&T MPLS,Newark,inbound,8262.32,5036.57,7794.62,4073.9,2355.93,915825,2.266,4,6,3,26.9,25.3,19.3,1.5,1.3,25.7,82.6,Standard
2025-01-20 13:00:00,WAN-NWK-01,WAN Primary - Facility A - AT&T MPLS,Newark,outbound,9500.0,5604.78,8300.35,5099.86,1837.92,1013534,2.522,28,13,7,29.8,30.5,16.4,1.5,2.0,19.8,95.0,Real-Time
2025-01-20 13:00:00,WAN-STM-02,WAN Secondary - Facility B - Lumen MPLS,Stamford,outbound,7678.91,4764.81,6836.51,4341.38,2446.99,742659,2.144,4,14,7,33.6,24.6,23.5,2.0,1.6,14.7,76.8,Standard
2025-01-20 14:00:00,WAN-NWK-02,WAN Secondary - Facility A - Lumen MPLS,Newark,outbound,9500.0,5156.14,8374.39,5052.82,1941.69,1009753,2.32,31,3,7,25.7,22.1,20.2,3.0,1.3,27.7,95.0,Business-Critical
2025-01-20 14:00:00,WAN-STM-01,WAN Primary - Facility B - AT&T MPLS,Stamford,outbound,9500.0,5657.85,8516.3,5635.02,1745.13,1352371,2.546,15,27,10,25.5,27.9,23.7,2.0,2.5,18.4,95.0,Business-Critical
2025-01-20 16:00:00,WAN-NWK-01,WAN Primary - Facility A - AT&T MPLS,Newark,outbound,4168.42,2569.7,3559.36,2351.19,1087.47,396999,1.156,0,1,0,32.6,25.3,16.8,2.1,2.3,20.9,41.7,Business-Critical
2025-01-20 18:00:00,WAN-NWK-02,WAN Secondary - Facility A - Lumen MPLS,Newark,inbound,2384.25,1523.47,1968.29,1447.84,872.61,302177,0.686,1,9,0,34.8,29.2,20.2,3.5,2.9,9.4,23.8,Bulk-Transfer
2025-01-20 18:00:00,IX-NWK-STM-01,Inter-Facility Dark Fiber Newark-Stamford,Inter-DC,outbound,2828.01,1858.81,2402.05,1649.03,902.13,296926,0.836,6,3,1,30.0,21.7,17.9,3.2,1.3,25.9,28.3,Standard
2025-01-20 19:00:00,IX-NWK-STM-01,Inter-Facility Dark Fiber Newark-Stamford,Inter-DC,inbound,2016.87,1156.26,1696.62,1150.72,437.53,220420,0.52,10,1,0,30.0,23.6,15.6,1.5,2.2,27.1,20.2,Real-Time
2025-01-20 20:00:00,WAN-NWK-01,WAN Primary - Facility A - AT&T MPLS,Newark,inbound,1204.45,698.27,1117.43,675.86,214.68,172609,0.314,7,0,0,31.2,26.8,17.0,4.6,2.1,18.3,12.0,Bulk-Transfer
2025-01-20 20:00:00,WAN-NWK-02,WAN Secondary - Facility A - Lumen MPLS,Newark,inbound,1242.64,684.03,1173.47,555.55,392.16,158177,0.308,0,1,1,26.7,28.8,21.9,2.9,1.1,18.6,12.4,Business-Critical
2025-01-20 20:00:00,WAN-NWK-02,WAN Secondary - Facility A - Lumen MPLS,Newark,outbound,1585.22,1037.38,1409.38,1036.4,360.28,159153,0.467,5,2,0,33.8,29.7,19.4,1.3,1.3,14.5,15.9,Real-Time
2025-01-20 20:00:00,IX-NWK-STM-01,Inter-Facility Dark Fiber Newark-Stamford,Inter-DC,outbound,1971.44,1295.6,1832.82,1158.32,595.32,233053,0.583,9,3,1,28.6,29.8,17.2,3.6,2.7,18.1,19.7,Bulk-Transfer
2025-01-20 22:00:00,WAN-NWK-02,WAN Secondary - Facility A - Lumen MPLS,Newark,outbound,1913.54,1077.35,1771.09,1066.51,367.85,206029,0.485,5,4,2,29.2,24.9,19.6,4.0,1.0,21.3,19.1,Standard
2025-01-20 22:00:00,WAN-STM-02,WAN Secondary - Facility B - Lumen MPLS,Stamford,outbound,1646.4,957.63,1350.09,901.09,488.89,227176,0.431,7,6,1,37.2,29.6,22.9,1.3,2.6,6.4,16.5,Business-Critical
2025-01-21 02:00:00,WAN-STM-01,WAN Primary - Facility B - AT&T MPLS,Stamford,inbound,761.68,450.2,720.62,437.35,182.14,64937,0.203,2,0,0,36.6,34.3,22.8,4.9,1.2,0.2,7.6,Bulk-Transfer
2025-01-21 03:00:00,WAN-STM-02,WAN Secondary - Facility B - Lumen MPLS,Stamford,inbound,728.71,409.73,640.87,396.47,142.46,85727,0.184,3,1,1,29.5,22.9,15.4,2.2,2.1,27.9,7.3,Bulk-Transfer
2025-01-21 04:00:00,IX-NWK-STM-01,Inter-Facility Dark Fiber Newark-Stamford,Inter-DC,outbound,1109.98,794.76,985.88,750.07,448.99,124022,0.358,5,1,1,28.2,24.7,22.1,4.9,2.7,17.4,11.1,Business-Critical
2025-01-21 06:00:00,WAN-NWK-02,WAN Secondary - Facility A - Lumen MPLS,Newark,inbound,2617.69,1612.87,2390.06,1569.58,764.56,263509,0.726,10,3,2,35.6,32.1,15.9,4.2,3.0,9.2,26.2,Standard
2025-01-21 06:00:00,IX-NWK-STM-01,Inter-Facility Dark Fiber Newark-Stamford,Inter-DC,outbound,3176.9,2168.44,2986.26,1813.47,666.33,357650,0.976,4,8,1,38.5,31.2,15.9,2.5,2.8,9.1,31.8,Real-Time
2025-01-21 07:00:00,WAN-STM-01,WAN Primary - Facility B - AT&T MPLS,Stamford,inbound,3090.88,1729.19,2624.45,1512.32,533.38,308005,0.778,11,1,2,26.6,25.6,18.8,4.4,2.0,22.6,30.9,Standard
2025-01-21 08:00:00,WAN-STM-02,WAN Secondary - Facility B - Lumen MPLS,Stamford,inbound,5112.64,3189.83,4490.27,2968.23,1006.96,581993,1.435,27,3,2,26.6,30.8,22.3,1.8,1.8,16.7,51.1,Bulk-Transfer
2025-01-21 10:00:00,WAN-NWK-01,WAN Primary - Facility A - AT&T MPLS,Newark,inbound,6524.15,4004.71,5900.05,3268.47,1819.79,958594,1.802,44,25,2,37.2,32.3,20.6,3.6,1.8,4.5,65.2,Real-Time
2025-01-21 10:00:00,WAN-NWK-02,WAN Secondary - Facility A - Lumen MPLS,Newark,outbound,8594.57,4993.47,7193.83,4241.48,2407.43,1180070,2.247,28,14,8,26.3,33.5,23.8,4.3,2.0,10.1,85.9,Business-Critical
2025-01-21 10:00:00,IX-NWK-STM-01,Inter-Facility Dark Fiber Newark-Stamford,Inter-DC,inbound,5196.81,3515.63,4649.47,2910.88,2063.97,769794,1.582,18,15,6,27.1,31.7,15.7,1.6,1.4,22.5,52.0,Business-Critical
2025-01-21 14:00:00,WAN-STM-01,WAN Primary - Facility B - AT&T MPLS,Stamford,outbound,9500.0,5694.09,8390.52,5535.71,2772.44,1174018,2.562,48,25,4,25.6,35.0,23.3,2.0,2.4,11.7,95.0,Business-Critical
2025-01-21 14:00:00,WAN-STM-02,WAN Secondary - Facility B - Lumen MPLS,Stamford,outbound,9500.0,5112.77,8566.83,4245.09,1619.59,1336752,2.301,44,8,3,26.7,28.7,23.0,4.9,2.5,14.2,95.0,Real-Time
2025-01-21 15:00:00,WAN-STM-01,WAN Primary - Facility B - AT&T MPLS,Stamford,outbound,9471.87,5767.32,8632.46,5018.77,2826.86,866823,2.595,32,6,8,27.1,24.6,17.9,1.6,2.8,26.0,94.7,Business-Critical
2025-01-21 15:00:00,IX-NWK-STM-01,Inter-Facility Dark Fiber Newark-Stamford,Inter-DC,inbound,5774.28,3815.09,4928.32,3166.77,1385.61,668069,1.717,33,6,1,26.3,23.7,19.5,3.6,1.9,25.0,57.7,Standard
2025-01-21 20:00:00,WAN-NWK-02,WAN Secondary - Facility A - Lumen MPLS,Newark,inbound,1471.55,915.3,1363.28,781.63,502.13,184401,0.412,1,0,0,31.1,33.4,16.0,3.5,1.6,14.4,14.7,Real-Time
2025-01-21 21:00:00,WAN-STM-01,WAN Primary - Facility B - AT&T MPLS,Stamford,outbound,1552.42,887.61,1301.54,735.12,469.59,139439,0.399,4,4,0,39.1,24.3,21.1,1.8,2.1,11.6,15.5,Standard
2025-01-21 21:00:00,WAN-STM-02,WAN Secondary - Facility B - Lumen MPLS,Stamford,outbound,1882.78,999.55,1674.81,996.35,430.95,242246,0.45,1,2,2,33.9,24.9,20.2,4.4,2.7,13.9,18.8,Bulk-Transfer
2025-01-21 23:00:00,WAN-NWK-02,WAN Secondary - Facility A - Lumen MPLS,Newark,inbound,1209.79,716.91,1050.35,630.82,328.3,122161,0.323,4,1,1,35.9,22.5,18.5,3.4,2.3,17.4,12.1,Standard
2025-01-21 23:00:00,WAN-STM-01,WAN Primary - Facility B - AT&T MPLS,Stamford,inbound,1425.04,1025.3,1170.34,976.67,324.45,120731,0.461,1,3,0,36.9,22.2,16.8,2.2,2.5,19.4,14.3,Standard
2025-01-22 01:00:00,WAN-NWK-02,WAN Secondary - Facility A - Lumen MPLS,Newark,inbound,822.47,498.86,742.74,434.99,263.84,95599,0.224,1,2,1,39.0,26.8,20.4,3.7,1.7,8.4,8.2,Real-Time
2025-01-22 03:00:00,IX-NWK-STM-01,Inter-Facility Dark Fiber Newark-Stamford,Inter-DC,inbound,838.04,565.4,762.19,536.83,222.72,83914,0.254,1,1,0,35.7,22.0,24.6,3.4,2.8,11.5,8.4,Standard
2025-01-22 04:00:00,WAN-NWK-02,WAN Secondary - Facility A - Lumen MPLS,Newark,outbound,1203.6,706.21,1124.15,683.78,230.31,104878,0.318,3,0,1,36.2,25.6,15.0,1.4,1.5,20.3,12.0,Real-Time
2025-01-22 04:00:00,WAN-STM-02,WAN Secondary - Facility B - Lumen MPLS,Stamford,inbound,707.69,457.69,581.44,443.87,175.94,61625,0.206,3,0,0,36.5,33.4,23.5,3.6,1.5,1.5,7.1,Business-Critical
2025-01-22 04:00:00,IX-NWK-STM-01,Inter-Facility Dark Fiber Newark-Stamford,Inter-DC,outbound,1346.3,950.76,1106.55,834.62,563.09,150385,0.428,0,4,0,36.1,33.6,20.8,1.1,1.2,7.2,13.5,Real-Time
2025-01-22 05:00:00,WAN-NWK-01,WAN Primary - Facility A - AT&T MPLS,Newark,inbound,860.46,449.78,770.93,419.2,198.97,70830,0.202,1,2,1,36.4,27.5,23.6,4.2,1.9,6.4,8.6,Standard
2025-01-22 09:00:00,WAN-NWK-02,WAN Secondary - Facility A - Lumen MPLS,Newark,inbound,5172.83,3508.23,4433.64,3287.68,1112.5,477694,1.579,14,10,4,38.3,31.6,18.7,1.1,2.5,7.8,51.7,Standard
2025-01-22 09:00:00,IX-NWK-STM-01,Inter-Facility Dark Fiber Newark-Stamford,Inter-DC,outbound,8495.7,4878.32,7103.94,4752.18,2523.0,869000,2.195,19,15,1,26.3,25.6,22.8,1.4,2.5,21.4,85.0,Real-Time
2025-01-22 10:00:00,WAN-STM-01,WAN Primary - Facility B - AT&T MPLS,Stamford,inbound,7223.09,4684.0,6592.23,3921.11,2760.14,938776,2.108,2,18,7,37.0,23.0,23.2,2.6,1.3,12.9,72.2,Business-Critical
2025-01-22 12:00:00,WAN-STM-02,WAN Secondary - Facility B - Lumen MPLS,Stamford,inbound,5271.32,3789.18,4713.88,3159.73,1719.73,593628,1.705,6,12,0,35.1,33.3,16.0,3.6,1.8,10.2,52.7,Business-Critical
2025-01-22 12:00:00,WAN-STM-02,WAN Secondary - Facility B - Lumen MPLS,Stamford,outbound,8158.58,5621.93,6921.42,4508.16,1957.91,1058415,2.53,42,14,8,35.5,23.9,15.2,3.8,1.3,20.3,81.6,Real-Time
2025-01-22 12:00:00,IX-NWK-STM-01,Inter-Facility Dark Fiber Newark-Stamford,Inter-DC,outbound,9500.0,5177.47,7819.4,4295.25,3086.79,1175603,2.33,17,24,1,27.8,28.3,20.1,4.2,1.7,17.9,95.0,Bulk-Transfer
2025-01-22 13:00:00,WAN-STM-02,WAN Secondary - Facility B - Lumen MPLS,Stamford,outbound,9189.13,5174.04,7680.08,4975.26,2443.89,875562,2.328,36,17,3,32.9,24.2,24.8,2.4,1.3,14.4,91.9,Business-Critical
2025-01-22 14:00:00,WAN-NWK-01,WAN Primary - Facility A - AT&T MPLS,Newark,outbound,9500.0,5284.64,7878.39,5240.45,1865.28,1031976,2.378,37,27,6,36.1,22.6,24.2,4.9,2.3,9.9,95.0,Real-Time
2025-01-22 15:00:00,WAN-NWK-01,WAN Primary - Facility A - AT&T MPLS,Newark,inbound,8199.08,4617.54,6849.99,3729.84,2737.22,1010714,2.078,16,6,2,35.5,21.9,16.1,3.3,1.9,21.3,82.0,Business-Critical
2025-01-22 15:00:00,WAN-NWK-02,WAN Secondary - Facility A - Lumen MPLS,Newark,outbound,9500.0,6468.2,7865.08,6288.19,2737.27,887396,2.911,18,6,1,26.9,28.2,22.3,1.9,2.1,18.6,95.0,Business-Critical
2025-01-22 16:00:00,WAN-NWK-01,WAN Primary - Facility A - AT&T MPLS,Newark,inbound,3304.56,1866.65,2973.04,1645.91,1056.98,275437,0.84,3,8,0,35.1,23.6,16.6,2.0,2.2,20.5,33.0,Standard
2025-01-22 16:00:00,IX-NWK-STM-01,Inter-Facility Dark Fiber Newark-Stamford,Inter-DC,inbound,3114.66,2043.01,2920.82,1685.03,1003.78,308719,0.919,2,4,3,25.0,27.3,15.1,3.6,2.3,26.7,31.1,Real-Time
2025-01-22 17:00:00,WAN-NWK-02,WAN Secondary - Facility A - Lumen MPLS,Newark,inbound,3104.43,2016.33,2926.24,1831.05,867.69,400181,0.907,16,9,2,39.2,33.0,24.8,3.5,2.6,0,31.0,Standard
2025-01-22 17:00:00,WAN-STM-02,WAN Secondary - Facility B - Lumen MPLS,Stamford,inbound,2579.92,1483.07,2184.74,1466.12,797.46,380658,0.667,6,6,2,26.6,20.5,16.0,3.6,2.9,30.4,25.8,Bulk-Transfer
2025-01-22 20:00:00,WAN-NWK-02,WAN Secondary - Facility A - Lumen MPLS,Newark,outbound,1608.49,889.19,1388.62,777.65,295.89,150406,0.4,4,2,1,29.9,31.5,22.9,2.8,2.8,10.1,16.1,Bulk-Transfer
2025-01-22 20:00:00,WAN-STM-02,WAN Secondary - Facility B - Lumen MPLS,Stamford,outbound,1735.9,1202.11,1444.05,1106.83,641.55,208868,0.541,7,6,2,37.2,30.8,20.3,3.9,1.5,6.3,17.4,Bulk-Transfer
2025-01-22 20:00:00,IX-NWK-STM-01,Inter-Facility Dark Fiber Newark-Stamford,Inter-DC,inbound,1036.56,656.09,894.89,569.58,282.08,88803,0.295,4,0,1,33.5,27.5,16.0,3.5,1.1,18.4,10.4,Standard
2025-01-22 21:00:00,WAN-NWK-02,WAN Secondary - Facility A - Lumen MPLS,Newark,outbound,1603.69,1025.99,1440.69,997.81,567.44,139047,0.462,6,4,0,36.3,34.6,18.9,1.6,2.8,5.8,16.0,Real-Time
2025-01-22 21:00:00,WAN-STM-02,WAN Secondary - Facility B - Lumen MPLS,Stamford,outbound,1996.02,1206.71,1778.06,1157.79,667.49,201641,0.543,1,1,0,35.1,21.7,18.2,3.3,1.1,20.6,20.0,Standard
2025-01-22 22:00:00,WAN-STM-02,WAN Secondary - Facility B - Lumen MPLS,Stamford,outbound,2026.92,1252.25,1801.73,1064.95,482.8,237076,0.564,6,1,1,26.4,27.1,21.5,4.1,2.8,18.1,20.3,Bulk-Transfer
2025-01-22 22:00:00,IX-NWK-STM-01,Inter-Facility Dark Fiber Newark-Stamford,Inter-DC,inbound,1064.54,582.11,1003.38,571.29,320.56,119778,0.262,2,0,0,35.1,21.5,19.8,1.3,1.5,20.8,10.6,Bulk-Transfer
2025-01-22 23:00:00,WAN-STM-02,WAN Secondary - Facility B - Lumen MPLS,Stamford,outbound,1959.85,1128.61,1751.73,1050.17,455.05,220435,0.508,8,3,2,25.8,33.5,16.4,2.4,1.3,20.6,19.6,Standard
2025-01-23 00:00:00,WAN-NWK-02,WAN Secondary - Facility A - Lumen MPLS,Newark,outbound,1091.18,759.94,944.91,704.85,434.42,109169,0.342,2,0,1,34.7,30.4,23.3,4.9,2.1,4.6,10.9,Standard
2025-01-23 02:00:00,WAN-STM-01,WAN Primary - Facility B - AT&T MPLS,Stamford,inbound,703.84,390.09,616.7,324.77,221.97,103952,0.176,0,1,1,38.5,33.1,24.3,2.5,2.4,0,7.0,Real-Time
2025-01-23 04:00:00,IX-NWK-STM-01,Inter-Facility Dark Fiber Newark-Stamford,Inter-DC,outbound,1035.12,662.11,962.02,616.15,213.88,111198,0.298,5,0,1,26.4,28.8,20.0,1.6,2.8,20.4,10.4,Real-Time
2025-01-23 06:00:00,WAN-STM-02,WAN Secondary - Facility B - Lumen MPLS,Stamford,inbound,2620.42,1757.11,2287.57,1645.66,840.18,365752,0.791,10,7,1,25.9,22.2,17.7,5.0,1.5,27.7,26.2,Standard
2025-01-23 11:00:00,WAN-NWK-01,WAN Primary - Facility A - AT&T MPLS,Newark,outbound,9500.0,6753.33,8319.91,5978.26,3310.87,1167853,3.039,54,30,11,35.8,32.1,24.1,2.4,1.6,4.0,95.0,Business-Critical
2025-01-23 11:00:00,WAN-STM-02,WAN Secondary - Facility B - Lumen MPLS,Stamford,inbound,6515.36,3947.06,5975.52,3386.74,1313.52,672687,1.776,10,2,4,33.8,31.6,20.2,4.2,2.4,7.8,65.2,Business-Critical
2025-01-23 12:00:00,WAN-STM-02,WAN Secondary - Facility B - Lumen MPLS,Stamford,outbound,8448.21,4910.8,7341.89,4327.89,2617.14,745668,2.21,35,20,6,34.9,21.3,18.4,3.2,1.2,21.0,84.5,Bulk-Transfer
2025-01-23 13:00:00,WAN-NWK-02,WAN Secondary - Facility A - Lumen MPLS,Newark,inbound,5973.32,3694.59,5639.59,3383.71,1852.79,726860,1.663,14,11,3,38.3,23.7,21.7,5.0,2.9,8.4,59.7,Real-Time
2025-01-23 14:00:00,WAN-NWK-02,WAN Secondary - Facility A - Lumen MPLS,Newark,inbound,5749.95,4031.85,5380.63,3298.59,1251.3,612163,1.814,15,4,6,28.1,25.9,22.5,3.4,2.5,17.6,57.5,Bulk-Transfer
2025-01-23 14:00:00,IX-NWK-STM-01,Inter-Facility Dark Fiber Newark-Stamford,Inter-DC,inbound,6121.01,3650.37,5120.32,3480.13,1523.98,537333,1.643,17,0,5,26.6,20.4,15.6,1.5,2.0,33.9,61.2,Bulk-Transfer
2025-01-23 15:00:00,IX-NWK-STM-01,Inter-Facility Dark Fiber Newark-Stamford,Inter-DC,outbound,7781.11,4072.66,7257.49,3351.25,1455.67,1091922,1.833,28,8,3,38.6,31.7,16.9,3.8,2.7,6.3,77.8,Bulk-Transfer
2025-01-23 17:00:00,WAN-NWK-01,WAN Primary - Facility A - AT&T MPLS,Newark,inbound,2849.01,1884.44,2409.38,1607.86,582.31,235066,0.848,7,6,0,36.4,21.6,15.5,1.4,1.8,23.3,28.5,Real-Time
2025-01-23 20:00:00,WAN-NWK-02,WAN Secondary - Facility A - Lumen MPLS,Newark,outbound,1665.42,1129.45,1514.58,1081.89,461.31,194925,0.508,0,2,1,30.9,34.5,18.0,2.4,1.0,13.2,16.7,Bulk-Transfer
2025-01-23 21:00:00,WAN-NWK-01,WAN Primary - Facility A - AT&T MPLS,Newark,outbound,1711.65,1219.92,1498.87,1169.64,552.22,145043,0.549,5,0,0,37.1,29.3,23.2,3.1,2.9,4.4,17.1,Real-Time
2025-01-23 23:00:00,WAN-NWK-02,WAN Secondary - Facility A - Lumen MPLS,Newark,inbound,1391.3,932.15,1259.17,751.34,537.18,169081,0.419,4,2,0,37.1,33.7,22.3,2.6,2.7,1.6,13.9,Standard
2025-01-23 23:00:00,WAN-STM-01,WAN Primary - Facility B - AT&T MPLS,Stamford,outbound,1852.51,1011.5,1698.7,867.62,379.65,245572,0.455,2,7,0,39.0,26.9,17.4,2.1,1.5,13.1,18.5,Bulk-Transfer
2025-01-24 00:00:00,WAN-STM-02,WAN Secondary - Facility B - Lumen MPLS,Stamford,inbound,878.38,625.52,803.94,538.21,289.22,117115,0.281,0,0,1,36.4,27.7,24.1,1.2,1.6,9.0,8.8,Business-Critical
2025-01-24 01:00:00,WAN-NWK-02,WAN Secondary - Facility A - Lumen MPLS,Newark,inbound,775.43,509.67,666.79,408.04,262.56,115446,0.229,4,1,1,37.4,23.0,19.1,1.8,1.2,17.5,7.8,Bulk-Transfer
2025-01-24 01:00:00,WAN-STM-02,WAN Secondary - Facility B - Lumen MPLS,Stamford,inbound,738.55,431.54,653.78,374.45,176.0,82152,0.194,4,0,1,36.2,25.8,23.3,1.5,1.7,11.5,7.4,Standard
2025-01-24 01:00:00,IX-NWK-STM-01,Inter-Facility Dark Fiber Newark-Stamford,Inter-DC,outbound,1043.83,746.39,920.52,726.57,322.24,102668,0.336,0,0,1,25.9,20.7,21.9,5.0,1.3,25.2,10.4,Business-Critical
2025-01-24 04:00:00,WAN-NWK-01,WAN Primary - Facility A - AT&T MPLS,Newark,outbound,1179.59,842.0,1008.68,755.48,349.42,132923,0.379,4,1,0,32.8,22.3,19.3,2.3,2.0,21.3,11.8,Standard
2025-01-24 05:00:00,WAN-STM-01,WAN Primary - Facility B - AT&T MPLS,Stamford,outbound,1290.86,910.58,1204.33,748.14,435.37,191763,0.41,1,0,1,25.1,24.7,24.7,3.7,1.9,19.9,12.9,Bulk-Transfer
2025-01-24 06:00:00,WAN-NWK-01,WAN Primary - Facility A - AT&T MPLS,Newark,outbound,2910.94,1632.36,2472.25,1509.99,545.58,260005,0.735,10,0,1,26.4,23.4,18.4,1.7,2.8,27.3,29.1,Standard
2025-01-24 09:00:00,WAN-NWK-02,WAN Secondary - Facility A - Lumen MPLS,Newark,inbound,7015.06,3683.39,6018.35,3057.04,1541.47,664275,1.658,9,10,5,38.0,27.2,22.1,3.7,1.6,7.4,70.2,Real-Time
2025-01-24 11:00:00,WAN-STM-02,WAN Secondary - Facility B - Lumen MPLS,Stamford,outbound,9500.0,5702.75,8991.65,5274.76,3293.13,783313,2.566,37,15,2,32.1,25.2,21.9,2.1,1.0,17.7,95.0,Real-Time
2025-01-24 12:00:00,WAN-NWK-02,WAN Secondary - Facility A - Lumen MPLS,Newark,outbound,9132.04,5727.49,8274.02,5008.03,2206.51,1339087,2.577,45,35,5,38.0,22.7,22.4,1.9,1.5,13.5,91.3,Bulk-Transfer
2025-01-24 12:00:00,IX-NWK-STM-01,Inter-Facility Dark Fiber Newark-Stamford,Inter-DC,inbound,6819.03,3766.0,6270.92,3658.71,1653.65,1005234,1.695,7,16,9,38.1,30.9,24.9,1.3,1.0,3.8,68.2,Bulk-Transfer
2025-01-24 12:00:00,IX-NWK-STM-01,Inter-Facility Dark Fiber Newark-Stamford,Inter-DC,outbound,9022.79,5669.62,8515.33,4742.75,2563.06,1254573,2.551,14,32,2,27.4,25.0,22.4,3.0,2.5,19.7,90.2,Bulk-Transfer
2025-01-24 13:00:00,WAN-STM-02,WAN Secondary - Facility B - Lumen MPLS,Stamford,inbound,6744.41,3948.91,5713.54,3497.1,1671.93,657886,1.777,24,19,2,30.5,21.0,15.2,1.2,1.6,30.5,67.4,Bulk-Transfer
2025-01-24 13:00:00,IX-NWK-STM-01,Inter-Facility Dark Fiber Newark-Stamford,Inter-DC,inbound,7338.02,5242.88,6078.95,4434.28,2543.9,857182,2.359,30,16,3,30.5,28.3,16.4,4.9,2.1,17.8,73.4,Bulk-Transfer
2025-01-24 14:00:00,IX-NWK-STM-01,Inter-Facility Dark Fiber Newark-Stamford,Inter-DC,inbound,7275.64,4061.71,6745.09,3332.24,1652.26,1071050,1.828,32,16,4,32.3,24.6,23.3,4.2,2.6,13.0,72.8,Real-Time
2025-01-24 17:00:00,WAN-NWK-01,WAN Primary - Facility A - AT&T MPLS,Newark,inbound,2566.32,1400.68,2169.41,1194.94,822.84,272695,0.63,5,4,1,30.1,23.1,22.9,5.0,2.3,16.6,25.7,Bulk-Transfer
2025-01-24 18:00:00,WAN-STM-01,WAN Primary - Facility B - AT&T MPLS,Stamford,outbound,3959.44,2310.93,3740.01,2249.79,1353.68,505351,1.04,18,3,5,37.2,22.2,16.7,4.9,2.4,16.6,39.6,Standard
2025-01-24 19:00:00,WAN-NWK-01,WAN Primary - Facility A - AT&T MPLS,Newark,outbound,3072.19,2150.17,2695.38,1801.69,844.48,295648,0.968,5,3,1,39.7,23.0,16.6,1.3,2.0,17.4,30.7,Business-Critical
2025-01-24 19:00:00,WAN-NWK-02,WAN Secondary - Facility A - Lumen MPLS,Newark,outbound,2353.86,1624.74,1992.08,1612.29,822.93,221805,0.731,2,0,2,35.0,22.8,25.0,3.8,1.8,11.6,23.5,Business-Critical
2025-01-24 20:00:00,WAN-NWK-01,WAN Primary - Facility A - AT&T MPLS,Newark,inbound,1398.46,916.89,1162.98,890.78,322.08,175538,0.413,4,5,0,33.4,25.0,24.6,2.3,2.7,12.0,14.0,Real-Time
2025-01-24 21:00:00,WAN-STM-01,WAN Primary - Facility B - AT&T MPLS,Stamford,inbound,1316.7,687.29,1239.04,656.21,327.35,170140,0.309,5,0,1,26.0,26.0,22.2,2.3,1.7,21.8,13.2,Standard
2025-01-24 23:00:00,IX-NWK-STM-01,Inter-Facility Dark Fiber Newark-Stamford,Inter-DC,inbound,1478.67,1042.35,1282.94,1027.11,526.92,126994,0.469,3,1,0,30.0,27.9,23.5,1.6,1.7,15.3,14.8,Bulk-Transfer
2025-01-25 00:00:00,WAN-STM-02,WAN Secondary - Facility B - Lumen MPLS,Stamford,inbound,1720.81,1116.08,1566.07,903.23,603.51,257545,0.502,10,1,0,37.1,30.4,23.2,4.2,1.2,3.9,17.2,Business-Critical
2025-01-25 01:00:00,WAN-STM-01,WAN Primary - Facility B - AT&T MPLS,Stamford,inbound,1893.57,1333.22,1696.34,1171.84,706.32,234427,0.6,9,7,1,26.9,30.8,18.2,1.8,2.3,20.0,18.9,Real-Time
2025-01-25 02:00:00,WAN-NWK-02,WAN Secondary - Facility A - Lumen MPLS,Newark,outbound,2515.58,1459.82,2275.9,1409.38,777.05,259185,0.657,10,5,0,29.6,33.5,17.0,2.7,2.3,14.9,25.2,Business-Critical
2025-01-25 04:00:00,WAN-NWK-02,WAN Secondary - Facility A - Lumen MPLS,Newark,outbound,2862.94,1953.2,2664.69,1682.22,963.98,250252,0.879,9,6,2,25.8,31.5,19.7,2.2,3.0,17.8,28.6,Real-Time
2025-01-25 04:00:00,WAN-STM-01,WAN Primary - Facility B - AT&T MPLS,Stamford,outbound,2074.2,1457.38,1717.77,1397.5,561.5,174611,0.656,4,0,0,33.0,29.8,19.5,1.6,1.7,14.4,20.7,Real-Time
2025-01-25 05:00:00,WAN-STM-01,WAN Primary - Facility B - AT&T MPLS,Stamford,inbound,1650.19,915.58,1506.92,781.73,357.0,185428,0.412,1,0,0,32.1,25.6,15.6,2.5,1.4,22.8,16.5,Standard
2025-01-25 05:00:00,WAN-STM-02,WAN Secondary - Facility B - Lumen MPLS,Stamford,outbound,2615.1,1824.85,2472.9,1762.69,995.3,294807,0.821,1,6,1,25.3,21.8,15.6,2.6,1.7,33.0,26.2,Bulk-Transfer
2025-01-25 06:00:00,WAN-NWK-02,WAN Secondary - Facility A - Lumen MPLS,Newark,outbound,2780.21,1990.32,2611.92,1659.77,693.74,380900,0.896,7,5,3,33.6,25.3,16.6,1.5,3.0,20.0,27.8,Real-Time
2025-01-25 07:00:00,WAN-NWK-02,WAN Secondary - Facility A - Lumen MPLS,Newark,inbound,1737.19,1178.48,1599.6,1091.82,633.25,189333,0.53,3,4,1,26.6,29.5,17.3,2.1,2.0,22.5,17.4,Business-Critical
2025-01-25 08:00:00,WAN-NWK-02,WAN Secondary - Facility A - Lumen MPLS,Newark,inbound,1523.61,906.66,1263.18,872.38,291.96,173485,0.408,4,5,1,30.6,25.0,24.8,4.8,2.1,12.7,15.2,Standard
2025-01-25 08:00:00,IX-NWK-STM-01,Inter-Facility Dark Fiber Newark-Stamford,Inter-DC,inbound,1913.73,1237.1,1627.69,1214.32,443.99,276072,0.557,5,0,1,25.4,32.3,23.8,4.0,2.2,12.3,19.1,Standard
2025-01-25 09:00:00,WAN-NWK-01,WAN Primary - Facility A - AT&T MPLS,Newark,outbound,2272.06,1222.9,1902.74,1048.1,626.59,295796,0.55,13,8,0,39.0,28.2,16.0,2.5,1.9,12.4,22.7,Bulk-Transfer
2025-01-25 09:00:00,WAN-STM-02,WAN Secondary - Facility B - Lumen MPLS,Stamford,inbound,1797.62,963.11,1595.49,862.83,329.32,197142,0.433,5,1,0,31.3,34.7,24.1,4.5,2.6,2.8,18.0,Real-Time
2025-01-25 11:00:00,WAN-NWK-02,WAN Secondary - Facility A - Lumen MPLS,Newark,inbound,1832.19,1085.46,1663.31,974.86,353.63,252775,0.488,12,4,2,31.9,30.0,17.6,3.4,2.9,14.2,18.3,Business-Critical
2025-01-25 12:00:00,WAN-NWK-01,WAN Primary - Facility A - AT&T MPLS,Newark,outbound,2659.47,1638.86,2408.26,1618.49,592.33,362451,0.737,3,7,2,39.2,27.6,16.8,5.0,1.6,9.8,26.6,Business-Critical
2025-01-25 14:00:00,WAN-NWK-01,WAN Primary - Facility A - AT&T MPLS,Newark,outbound,2710.92,1672.99,2411.58,1650.78,691.69,275835,0.753,12,6,0,26.3,26.6,24.2,2.4,1.8,18.7,27.1,Real-Time
2025-01-25 15:00:00,WAN-NWK-02,WAN Secondary - Facility A - Lumen MPLS,Newark,inbound,2041.92,1181.49,1716.17,1045.17,516.99,198299,0.532,9,3,1,25.5,26.0,22.8,3.7,1.2,20.8,20.4,Business-Critical
2025-01-25 15:00:00,IX-NWK-STM-01,Inter-Facility Dark Fiber Newark-Stamford,Inter-DC,inbound,2052.06,1141.32,1931.13,914.66,466.17,296150,0.514,5,7,0,38.2,29.7,22.0,3.3,2.8,4.0,20.5,Business-Critical
2025-01-25 16:00:00,WAN-NWK-01,WAN Primary - Facility A - AT&T MPLS,Newark,inbound,1800.98,1152.94,1540.53,1001.03,679.07,221430,0.519,2,2,1,39.4,22.7,22.1,3.6,1.2,11.0,18.0,Bulk-Transfer
2025-01-25 16:00:00,WAN-STM-01,WAN Primary - Facility B - AT&T MPLS,Stamford,outbound,2079.43,1152.37,1863.81,1142.24,380.76,204999,0.519,8,0,1,32.3,33.9,19.8,3.3,2.3,8.4,20.8,Standard
2025-01-25 17:00:00,WAN-NWK-01,WAN Primary - Facility A - AT&T MPLS,Newark,inbound,1597.4,891.96,1414.96,811.1,305.59,152437,0.401,4,2,0,30.0,21.2,16.7,3.1,2.6,26.4,16.0,Business-Critical
2025-01-25 17:00:00,WAN-NWK-02,WAN Secondary - Facility A - Lumen MPLS,Newark,inbound,1822.31,1306.2,1703.63,1181.41,506.99,184954,0.588,8,1,0,25.9,20.2,18.3,3.4,2.6,29.6,18.2,Real-Time
2025-01-25 18:00:00,WAN-STM-01,WAN Primary - Facility B - AT&T MPLS,Stamford,outbound,2618.06,1533.35,2253.71,1264.09,702.98,221515,0.69,5,4,0,31.4,24.5,15.0,4.4,2.7,22.0,26.2,Real-Time
2025-01-25 18:00:00,IX-NWK-STM-01,Inter-Facility Dark Fiber Newark-Stamford,Inter-DC,outbound,2340.86,1633.65,2098.78,1462.43,879.64,282830,0.735,0,2,0,29.8,20.5,22.6,1.4,1.5,24.2,23.4,Real-Time
2025-01-25 19:00:00,WAN-NWK-01,WAN Primary - Facility A - AT&T MPLS,Newark,outbound,2675.72,1546.95,2527.84,1281.0,602.51,217605,0.696,5,5,0,26.2,31.1,22.2,1.2,2.0,17.3,26.8,Standard
2025-01-25 20:00:00,WAN-NWK-02,WAN Secondary - Facility A - Lumen MPLS,Newark,inbound,1590.83,1084.31,1480.15,1075.36,561.67,232764,0.488,3,2,2,25.9,26.7,24.4,1.3,2.7,19.0,15.9,Real-Time
2025-01-25 20:00:00,WAN-STM-02,WAN Secondary - Facility B - Lumen MPLS,Stamford,inbound,1738.48,1242.23,1456.15,1203.85,374.33,257813,0.559,10,2,2,37.4,32.1,19.7,3.7,1.7,5.4,17.4,Standard
2025-01-25 23:00:00,WAN-NWK-01,WAN Primary - Facility A - AT&T MPLS,Newark,outbound,2463.59,1293.35,2054.26,1238.44,755.27,216352,0.582,7,5,2,30.6,24.7,23.7,4.0,2.2,14.8,24.6,Business-Critical
2025-01-25 23:00:00,WAN-STM-02,WAN Secondary - Facility B - Lumen MPLS,Stamford,outbound,2547.61,1622.57,2099.66,1503.09,715.14,307445,0.73,8,6,0,39.5,26.1,22.7,4.8,2.0,4.9,25.5,Standard
2025-01-26 00:00:00,WAN-STM-02,WAN Secondary - Facility B - Lumen MPLS,Stamford,outbound,2221.15,1158.24,1850.97,1040.23,552.62,198173,0.521,1,0,1,35.2,29.8,18.1,3.9,2.9,10.1,22.2,Business-Critical
2025-01-26 03:00:00,WAN-NWK-02,WAN Secondary - Facility A - Lumen MPLS,Newark,inbound,1902.97,1355.5,1755.52,1342.7,734.55,234359,0.61,5,3,2,35.8,26.8,19.6,3.1,2.1,12.6,19.0,Standard
2025-01-26 03:00:00,WAN-STM-01,WAN Primary - Facility B - AT&T MPLS,Stamford,outbound,2506.0,1403.17,2289.1,1283.54,568.72,292622,0.631,13,6,1,35.6,23.3,19.5,4.6,2.5,14.5,25.1,Business-Critical
2025-01-26 04:00:00,WAN-NWK-02,WAN Secondary - Facility A - Lumen MPLS,Newark,inbound,1571.31,1074.74,1455.96,900.42,523.47,133755,0.484,4,3,0,25.3,29.8,15.6,4.1,3.0,22.2,15.7,Bulk-Transfer
2025-01-26 07:00:00,IX-NWK-STM-01,Inter-Facility Dark Fiber Newark-Stamford,Inter-DC,inbound,1638.21,995.12,1449.55,927.1,346.56,172977,0.448,5,0,1,25.4,24.6,19.5,3.9,1.2,25.4,16.4,Bulk-Transfer
2025-01-26 08:00:00,IX-NWK-STM-01,Inter-Facility Dark Fiber Newark-Stamford,Inter-DC,inbound,1688.35,1028.34,1423.59,904.21,470.51,231671,0.463,4,1,0,33.7,23.9,23.6,1.9,2.8,14.1,16.9,Business-Critical
2025-01-26 09:00:00,WAN-NWK-01,WAN Primary - Facility A - AT&T MPLS,Newark,inbound,1984.76,1248.2,1676.37,1054.77,700.85,295722,0.562,13,0,1,28.3,34.9,17.2,3.7,2.3,13.6,19.8,Real-Time
2025-01-26 09:00:00,WAN-NWK-02,WAN Secondary - Facility A - Lumen MPLS,Newark,inbound,2011.41,1222.94,1722.26,1005.11,595.71,200770,0.55,0,6,0,39.8,22.6,21.3,2.3,1.4,12.6,20.1,Bulk-Transfer
2025-01-26 11:00:00,IX-NWK-STM-01,Inter-Facility Dark Fiber Newark-Stamford,Inter-DC,inbound,1680.82,1092.49,1581.48,1072.63,595.67,211379,0.492,10,5,1,30.5,28.0,24.1,3.8,2.5,11.1,16.8,Real-Time
2025-01-26 12:00:00,WAN-NWK-01,WAN Primary - Facility A - AT&T MPLS,Newark,outbound,2600.0,1409.68,2312.63,1305.06,806.99,236538,0.634,6,2,0,35.5,33.3,15.7,2.7,1.4,11.4,26.0,Real-Time
2025-01-26 13:00:00,WAN-STM-01,WAN Primary - Facility B - AT&T MPLS,Stamford,outbound,2275.88,1628.47,2035.64,1482.25,970.06,231010,0.733,4,6,1,27.0,31.7,18.9,2.4,1.8,18.2,22.8,Business-Critical
2025-01-26 15:00:00,WAN-STM-01,WAN Primary - Facility B - AT&T MPLS,Stamford,inbound,1633.1,869.77,1377.0,699.35,415.83,193301,0.391,5,1,0,37.3,31.3,16.5,4.9,2.8,7.2,16.3,Standard
2025-01-26 15:00:00,WAN-STM-01,WAN Primary - Facility B - AT&T MPLS,Stamford,outbound,2646.94,1580.95,2293.42,1329.32,561.68,223192,0.711,5,2,2,29.3,32.3,18.5,1.3,1.4,17.2,26.5,Bulk-Transfer
2025-01-26 17:00:00,IX-NWK-STM-01,Inter-Facility Dark Fiber Newark-Stamford,Inter-DC,inbound,1880.7,991.62,1615.98,842.75,540.25,228227,0.446,0,4,1,38.9,20.9,18.7,4.6,3.0,13.9,18.8,Standard
2025-01-26 18:00:00,WAN-NWK-01,WAN Primary - Facility A - AT&T MPLS,Newark,outbound,2454.94,1718.48,2115.35,1716.08,582.38,341753,0.773,12,7,0,36.1,28.0,23.6,3.6,2.0,6.7,24.5,Bulk-Transfer
2025-01-26 18:00:00,WAN-NWK-02,WAN Secondary - Facility A - Lumen MPLS,Newark,outbound,2830.64,1594.16,2512.32,1281.25,860.91,335036,0.717,9,5,3,31.1,22.2,17.7,1.4,2.8,24.8,28.3,Business-Critical
2025-01-26 20:00:00,WAN-NWK-01,WAN Primary - Facility A - AT&T MPLS,Newark,outbound,2576.59,1416.53,2146.94,1241.57,484.95,307053,0.637,8,9,2,29.4,22.0,20.9,3.5,2.3,21.9,25.8,Real-Time
2025-01-26 21:00:00,WAN-STM-01,WAN Primary - Facility B - AT&T MPLS,Stamford,inbound,1919.56,1367.83,1606.66,1256.25,481.39,236023,0.616,1,3,2,35.4,26.1,23.3,3.3,2.2,9.7,19.2,Business-Critical
2025-01-26 21:00:00,IX-NWK-STM-01,Inter-Facility Dark Fiber Newark-Stamford,Inter-DC,outbound,2646.41,1733.28,2191.51,1462.17,984.47,274730,0.78,9,1,1,29.0,31.3,19.2,1.4,1.0,18.1,26.5,Standard
2025-01-26 22:00:00,WAN-NWK-01,WAN Primary - Facility A - AT&T MPLS,Newark,outbound,2944.34,1879.19,2508.59,1555.91,568.79,288761,0.846,2,2,1,37.5,30.0,17.8,4.2,2.0,8.5,29.4,Bulk-Transfer
2025-01-26 23:00:00,WAN-STM-02,WAN Secondary - Facility B - Lumen MPLS,Stamford,inbound,1923.05,1310.14,1666.77,1178.38,549.61,249715,0.59,7,5,0,36.5,31.8,20.0,3.1,1.3,7.3,19.2,Real-Time
2025-01-27 00:00:00,WAN-NWK-02,WAN Secondary - Facility A - Lumen MPLS,Newark,inbound,988.74,612.67,819.06,494.06,310.28,126480,0.276,5,3,0,25.2,33.9,18.5,4.9,2.5,15.0,9.9,Real-Time
2025-01-27 08:00:00,IX-NWK-STM-01,Inter-Facility Dark Fiber Newark-Stamford,Inter-DC,inbound,4358.95,2304.56,3678.21,2281.65,1271.16,516825,1.037,2,4,4,29.0,26.3,18.1,1.0,2.4,23.2,43.6,Bulk-Transfer
2025-01-27 08:00:00,IX-NWK-STM-01,Inter-Facility Dark Fiber Newark-Stamford,Inter-DC,outbound,6725.53,3530.65,5972.61,2948.63,2102.27,644626,1.589,1,7,3,29.1,25.8,15.6,1.3,1.7,26.5,67.3,Real-Time
2025-01-27 11:00:00,WAN-NWK-02,WAN Secondary - Facility A - Lumen MPLS,Newark,outbound,9128.88,6545.48,7818.67,6309.64,2273.97,898145,2.945,23,16,3,30.0,27.6,17.8,1.8,1.2,21.6,91.3,Real-Time
2025-01-27 12:00:00,WAN-STM-01,WAN Primary - Facility B - AT&T MPLS,Stamford,inbound,7366.61,4495.71,6088.21,4467.21,1968.61,827749,2.023,1,22,8,25.1,33.2,16.4,3.5,1.0,20.8,73.7,Standard
2025-01-27 13:00:00,WAN-NWK-01,WAN Primary - Facility A - AT&T MPLS,Newark,inbound,7680.25,5008.93,6735.34,4044.0,1817.16,1076219,2.254,29,16,0,27.2,21.7,17.2,2.1,1.5,30.3,76.8,Real-Time
2025-01-27 14:00:00,WAN-STM-02,WAN Secondary - Facility B - Lumen MPLS,Stamford,inbound,6851.36,3892.44,6415.33,3495.81,1325.07,549145,1.752,9,7,4,36.8,29.3,22.6,3.5,2.8,5.0,68.5,Bulk-Transfer
2025-01-27 16:00:00,WAN-STM-01,WAN Primary - Facility B - AT&T MPLS,Stamford,inbound,3268.17,1866.51,2932.05,1556.69,1046.06,454408,0.84,19,8,2,29.3,28.8,15.6,2.8,2.1,21.4,32.7,Bulk-Transfer
2025-01-27 17:00:00,WAN-NWK-02,WAN Secondary - Facility A - Lumen MPLS,Newark,inbound,2482.31,1324.77,2255.89,1237.75,437.61,336566,0.596,6,6,1,31.6,33.1,17.5,3.8,2.0,12.0,24.8,Bulk-Transfer
2025-01-27 18:00:00,IX-NWK-STM-01,Inter-Facility Dark Fiber Newark-Stamford,Inter-DC,outbound,3261.63,2108.93,2912.74,2067.8,867.35,441488,0.949,6,8,1,37.0,23.8,18.0,3.8,2.0,15.4,32.6,Business-Critical
2025-01-27 19:00:00,IX-NWK-STM-01,Inter-Facility Dark Fiber Newark-Stamford,Inter-DC,inbound,1665.03,1191.38,1494.64,1166.12,618.93,146627,0.536,0,4,1,39.7,31.4,16.6,4.2,2.4,5.7,16.7,Business-Critical
2025-01-27 21:00:00,IX-NWK-STM-01,Inter-Facility Dark Fiber Newark-Stamford,Inter-DC,outbound,1850.68,1325.43,1593.6,1265.64,754.81,264167,0.596,5,2,2,33.1,29.0,20.2,3.8,1.1,12.8,18.5,Standard
2025-01-27 22:00:00,WAN-NWK-01,WAN Primary - Facility A - AT&T MPLS,Newark,outbound,1830.44,984.62,1716.74,795.24,310.55,162715,0.443,5,0,0,35.8,28.2,19.7,3.2,1.2,11.9,18.3,Bulk-Transfer
2025-01-27 23:00:00,WAN-STM-01,WAN Primary - Facility B - AT&T MPLS,Stamford,outbound,2001.15,1134.55,1717.87,913.66,638.88,295162,0.511,13,1,1,36.4,32.4,21.0,3.8,1.8,4.6,20.0,Business-Critical
2025-01-28 01:00:00,WAN-STM-02,WAN Secondary - Facility B - Lumen MPLS,Stamford,inbound,696.63,409.81,654.3,332.1,194.24,96044,0.184,3,1,1,30.2,26.0,21.7,4.2,1.1,16.8,7.0,Business-Critical
2025-01-28 02:00:00,WAN-NWK-02,WAN Secondary - Facility A - Lumen MPLS,Newark,outbound,1212.08,703.99,1094.69,674.33,399.44,131976,0.317,2,0,1,36.2,28.9,19.5,3.2,2.3,9.9,12.1,Bulk-Transfer
2025-01-28 03:00:00,WAN-NWK-01,WAN Primary - Facility A - AT&T MPLS,Newark,inbound,954.65,531.23,878.02,432.44,283.25,100510,0.239,5,3,1,34.2,32.9,18.8,4.9,1.2,8.0,9.5,Standard
2025-01-28 03:00:00,WAN-NWK-02,WAN Secondary - Facility A - Lumen MPLS,Newark,outbound,1237.75,656.27,1077.71,588.47,386.14,154238,0.295,6,0,0,29.0,31.1,19.5,3.9,2.6,13.9,12.4,Real-Time
2025-01-28 03:00:00,WAN-STM-01,WAN Primary - Facility B - AT&T MPLS,Stamford,inbound,970.48,681.71,833.0,607.28,385.73,137140,0.307,1,1,1,39.7,21.1,16.1,4.1,2.0,17.0,9.7,Real-Time
2025-01-28 07:00:00,WAN-STM-02,WAN Secondary - Facility B - Lumen MPLS,Stamford,outbound,4976.87,2654.51,4344.46,2204.79,1530.9,706303,1.195,12,19,3,32.7,29.5,20.0,3.0,1.7,13.1,49.8,Standard
2025-01-28 08:00:00,WAN-STM-01,WAN Primary - Facility B - AT&T MPLS,Stamford,inbound,5484.12,3302.3,4708.69,2796.86,1833.29,497766,1.486,6,12,0,32.7,20.6,15.9,4.8,2.7,23.3,54.8,Business-Critical
2025-01-28 08:00:00,WAN-STM-01,WAN Primary - Facility B - AT&T MPLS,Stamford,outbound,5963.79,3542.11,5612.52,3417.88,1563.68,882807,1.594,0,26,3,28.0,26.0,23.8,3.2,1.2,17.8,59.6,Standard
2025-01-28 09:00:00,WAN-STM-01,WAN Primary - Facility B - AT&T MPLS,Stamford,outbound,8152.11,5261.94,6733.95,5100.9,2308.39,848286,2.368,32,15,3,29.0,22.1,24.1,4.0,2.5,18.3,81.5,Real-Time
2025-01-28 09:00:00,IX-NWK-STM-01,Inter-Facility Dark Fiber Newark-Stamford,Inter-DC,outbound,8839.92,5005.32,8209.6,4729.54,2262.79,1111287,2.252,25,20,8,32.9,20.3,19.7,4.3,1.8,21.0,88.4,Standard
2025-01-28 11:00:00,WAN-NWK-02,WAN Secondary - Facility A - Lumen MPLS,Newark,outbound,7918.16,4220.2,7404.98,3900.88,1558.27,907505,1.899,23,16,0,37.8,20.5,22.9,3.5,2.5,12.8,79.2,Business-Critical
2025-01-28 12:00:00,WAN-NWK-01,WAN Primary - Facility A - AT&T MPLS,Newark,outbound,9187.54,5657.12,8043.74,5247.36,2012.04,777256,2.546,0,12,5,34.1,27.3,24.1,4.2,2.1,8.2,91.9,Bulk-Transfer
2025-01-28 12:00:00,WAN-STM-02,WAN Secondary - Facility B - Lumen MPLS,Stamford,inbound,7055.16,4416.48,5847.78,4010.65,2519.31,853152,1.987,4,10,7,27.5,27.7,18.3,2.5,1.3,22.7,70.6,Bulk-Transfer
2025-01-28 12:00:00,IX-NWK-STM-01,Inter-Facility Dark Fiber Newark-Stamford,Inter-DC,outbound,8337.52,5584.53,7161.49,5256.12,2897.51,768749,2.513,13,23,6,31.2,24.8,18.6,4.2,2.6,18.6,83.4,Standard
2025-01-28 14:00:00,WAN-NWK-02,WAN Secondary - Facility A - Lumen MPLS,Newark,outbound,8336.29,5285.54,6878.57,4313.22,2003.46,921609,2.378,16,0,9,27.5,32.3,16.6,1.4,1.3,20.9,83.4,Real-Time
2025-01-28 14:00:00,WAN-STM-02,WAN Secondary - Facility B - Lumen MPLS,Stamford,outbound,8194.85,5409.6,6906.98,4843.54,3244.86,810854,2.434,9,17,3,34.2,30.3,17.8,3.2,1.3,13.2,81.9,Standard
2025-01-28 15:00:00,WAN-STM-01,WAN Primary - Facility B - AT&T MPLS,Stamford,inbound,6534.38,3965.94,5903.46,3599.6,1951.58,768261,1.785,29,12,5,37.1,25.3,23.8,1.0,2.2,10.6,65.3,Standard
2025-01-28 16:00:00,IX-NWK-STM-01,Inter-Facility Dark Fiber Newark-Stamford,Inter-DC,inbound,3563.08,2367.62,2991.06,2056.02,1336.74,350680,1.065,2,0,3,26.4,29.1,20.4,2.9,2.7,18.5,35.6,Standard
2025-01-28 19:00:00,WAN-STM-02,WAN Secondary - Facility B - Lumen MPLS,Stamford,outbound,3166.23,1771.28,2960.56,1660.48,740.8,338372,0.797,10,9,3,31.9,27.4,21.3,2.7,2.8,13.9,31.7,Real-Time
2025-01-28 21:00:00,WAN-NWK-02,WAN Secondary - Facility A - Lumen MPLS,Newark,inbound,1208.46,663.28,1081.37,647.95,231.1,176895,0.298,2,1,1,25.1,25.2,15.6,2.4,2.3,29.4,12.1,Business-Critical
2025-01-28 22:00:00,WAN-NWK-02,WAN Secondary - Facility A - Lumen MPLS,Newark,outbound,1634.77,922.51,1342.62,798.7,317.97,139783,0.415,4,3,0,35.8,32.4,20.7,2.2,2.8,6.1,16.3,Real-Time
2025-01-28 22:00:00,WAN-STM-01,WAN Primary - Facility B - AT&T MPLS,Stamford,outbound,1952.99,1154.41,1690.97,1146.44,443.52,173904,0.519,7,2,0,32.7,34.2,24.9,3.4,2.4,2.4,19.5,Bulk-Transfer
2025-01-28 22:00:00,WAN-STM-02,WAN Secondary - Facility B - Lumen MPLS,Stamford,outbound,1682.25,1201.15,1477.21,1093.45,530.44,240568,0.541,7,2,1,36.2,34.2,17.5,1.9,2.0,8.2,16.8,Standard
2025-01-28 23:00:00,WAN-NWK-01,WAN Primary - Facility A - AT&T MPLS,Newark,inbound,1413.53,919.25,1335.04,814.03,501.3,195102,0.414,4,4,0,26.0,27.4,19.8,2.5,1.5,22.8,14.1,Bulk-Transfer
2025-01-29 02:00:00,WAN-NWK-02,WAN Secondary - Facility A - Lumen MPLS,Newark,outbound,1270.02,844.4,1123.31,686.84,410.85,173665,0.38,7,4,0,37.5,26.5,19.0,3.7,1.5,11.8,12.7,Real-Time
2025-01-29 03:00:00,WAN-NWK-02,WAN Secondary - Facility A - Lumen MPLS,Newark,outbound,1325.9,796.29,1222.36,709.89,284.1,170561,0.358,4,3,0,27.3,24.6,20.5,1.9,2.8,22.9,13.3,Bulk-Transfer
2025-01-29 04:00:00,WAN-STM-02,WAN Secondary - Facility B - Lumen MPLS,Stamford,inbound,844.64,574.28,726.41,567.67,187.23,98568,0.258,0,0,1,27.0,28.0,19.7,3.9,2.7,18.7,8.4,Real-Time
2025-01-29 04:00:00,IX-NWK-STM-01,Inter-Facility Dark Fiber Newark-Stamford,Inter-DC,outbound,1190.3,677.95,1015.75,663.61,391.8,122475,0.305,2,1,0,27.2,24.4,15.7,3.2,2.1,27.4,11.9,Business-Critical
2025-01-29 06:00:00,IX-NWK-STM-01,Inter-Facility Dark Fiber Newark-Stamford,Inter-DC,outbound,3669.47,2402.3,3403.5,2372.97,857.39,544366,1.081,17,13,3,31.5,22.9,19.0,4.0,2.8,19.8,36.7,Business-Critical
2025-01-29 07:00:00,WAN-NWK-01,WAN Primary - Facility A - AT&T MPLS,Newark,inbound,3850.15,2693.5,3614.95,2506.56,1298.84,449867,1.212,2,8,3,32.4,27.0,16.0,3.2,2.4,19.0,38.5,Real-Time
2025-01-29 07:00:00,WAN-NWK-02,WAN Secondary - Facility A - Lumen MPLS,Newark,inbound,3199.85,1854.25,2896.7,1561.28,875.11,419573,0.834,7,7,2,26.1,27.1,18.0,2.3,2.5,24.0,32.0,Business-Critical
2025-01-29 07:00:00,IX-NWK-STM-01,Inter-Facility Dark Fiber Newark-Stamford,Inter-DC,outbound,5830.67,3499.49,5514.0,3451.61,1854.04,479096,1.575,11,4,1,29.3,27.7,23.4,2.9,1.6,15.1,58.3,Real-Time
2025-01-29 08:00:00,WAN-NWK-02,WAN Secondary - Facility A - Lumen MPLS,Newark,inbound,5720.25,3851.5,4826.11,3105.63,1986.54,672898,1.733,27,16,3,37.3,33.1,23.1,2.9,2.1,1.5,57.2,Standard
2025-01-29 08:00:00,WAN-STM-02,WAN Secondary - Facility B - Lumen MPLS,Stamford,inbound,4830.51,3447.62,4413.27,3091.55,1313.88,583765,1.551,4,17,4,30.3,27.5,21.6,3.0,2.5,15.1,48.3,Bulk-Transfer
2025-01-29 08:00:00,IX-NWK-STM-01,Inter-Facility Dark Fiber Newark-Stamford,Inter-DC,inbound,4176.57,2785.85,3580.28,2748.32,862.24,442556,1.254,5,0,3,35.2,23.7,21.0,3.2,1.9,15.0,41.8,Bulk-Transfer
2025-01-29 08:00:00,IX-NWK-STM-01,Inter-Facility Dark Fiber Newark-Stamford,Inter-DC,outbound,6452.48,3895.47,5557.44,3633.44,1554.82,885740,1.753,24,24,5,27.8,34.6,17.4,3.8,2.5,13.9,64.5,Real-Time
2025-01-29 09:00:00,WAN-NWK-01,WAN Primary - Facility A - AT&T MPLS,Newark,outbound,7742.9,4893.26,6549.37,4765.3,1646.54,975702,2.202,34,25,4,32.4,21.1,15.2,1.2,2.3,27.8,77.4,Bulk-Transfer
2025-01-29 09:00:00,WAN-STM-01,WAN Primary - Facility B - AT&T MPLS,Stamford,inbound,6578.32,4543.98,5478.09,4373.03,1498.23,746025,2.045,8,10,7,36.9,25.0,16.6,4.6,1.6,15.3,65.8,Standard
2025-01-29 10:00:00,WAN-STM-01,WAN Primary - Facility B - AT&T MPLS,Stamford,outbound,9500.0,5848.32,8846.14,5776.99,2229.3,784495,2.632,0,16,2,39.2,25.9,21.5,5.0,2.1,6.3,95.0,Standard
2025-01-29 11:00:00,IX-NWK-STM-01,Inter-Facility Dark Fiber Newark-Stamford,Inter-DC,outbound,8909.88,4981.19,7615.41,4422.54,2080.15,1157149,2.242,52,32,2,38.6,27.2,24.3,2.9,1.4,5.6,89.1,Real-Time
2025-01-29 13:00:00,IX-NWK-STM-01,Inter-Facility Dark Fiber Newark-Stamford,Inter-DC,outbound,8828.29,5057.69,8156.2,4181.23,2777.41,863791,2.276,33,1,7,28.6,30.2,19.9,2.8,1.9,16.6,88.3,Standard
2025-01-29 14:00:00,WAN-STM-01,WAN Primary - Facility B - AT&T MPLS,Stamford,inbound,8457.41,4991.34,7367.64,4397.53,2254.32,727552,2.246,3,2,7,27.3,30.3,20.3,2.6,2.4,17.1,84.6,Standard
2025-01-29 15:00:00,WAN-NWK-01,WAN Primary - Facility A - AT&T MPLS,Newark,outbound,8819.04,5365.42,7256.3,5088.45,1787.31,1151430,2.414,42,11,0,38.6,25.4,22.9,1.6,2.1,9.4,88.2,Real-Time
2025-01-29 17:00:00,WAN-NWK-02,WAN Secondary - Facility A - Lumen MPLS,Newark,outbound,4832.48,2857.76,4284.99,2629.39,1517.61,658472,1.286,5,14,3,36.6,28.1,18.1,2.4,1.4,13.4,48.3,Real-Time
2025-01-29 17:00:00,WAN-STM-02,WAN Secondary - Facility B - Lumen MPLS,Stamford,inbound,2874.8,1844.03,2441.61,1811.25,844.99,405969,0.83,19,6,1,35.1,24.4,17.3,4.5,1.8,16.9,28.7,Business-Critical
2025-01-29 18:00:00,WAN-STM-01,WAN Primary - Facility B - AT&T MPLS,Stamford,outbound,3825.35,2457.23,3347.69,2377.36,1140.02,459250,1.106,9,1,1,31.3,30.2,16.9,2.3,2.2,17.1,38.3,Business-Critical
2025-01-29 20:00:00,WAN-STM-01,WAN Primary - Facility B - AT&T MPLS,Stamford,outbound,2039.03,1249.41,1732.62,1176.92,406.45,240425,0.562,0,3,1,28.3,30.6,23.6,3.7,2.5,11.3,20.4,Bulk-Transfer
2025-01-29 20:00:00,IX-NWK-STM-01,Inter-Facility Dark Fiber Newark-Stamford,Inter-DC,outbound,1513.48,939.62,1319.32,774.23,403.66,156189,0.423,5,1,0,37.6,20.0,20.1,2.4,2.7,17.2,15.1,Real-Time
2025-01-29 21:00:00,WAN-NWK-02,WAN Secondary - Facility A - Lumen MPLS,Newark,outbound,1816.29,1097.31,1597.8,927.69,499.37,227187,0.494,6,3,0,25.5,24.7,19.0,4.1,2.6,24.1,18.2,Standard
2025-01-29 21:00:00,IX-NWK-STM-01,Inter-Facility Dark Fiber Newark-Stamford,Inter-DC,outbound,1561.4,1086.34,1310.96,913.91,416.56,189413,0.489,7,5,1,26.4,22.7,19.3,1.6,1.6,28.4,15.6,Bulk-Transfer
2025-01-29 22:00:00,WAN-STM-01,WAN Primary - Facility B - AT&T MPLS,Stamford,inbound,1097.85,726.26,982.24,584.83,306.19,113623,0.327,0,0,0,26.4,29.2,16.0,3.4,2.9,22.1,11.0,Business-Critical
2025-01-29 23:00:00,WAN-STM-02,WAN Secondary - Facility B - Lumen MPLS,Stamford,inbound,1416.4,947.01,1178.73,899.89,321.73,146245,0.426,4,4,0,32.1,34.1,20.2,4.7,1.3,7.6,14.2,Standard
2025-01-30 01:00:00,WAN-STM-02,WAN Secondary - Facility B - Lumen MPLS,Stamford,outbound,1415.96,963.79,1225.28,790.16,428.59,136802,0.434,5,2,0,35.3,34.1,15.1,3.8,2.1,9.6,14.2,Standard
2025-01-30 03:00:00,WAN-NWK-01,WAN Primary - Facility A - AT&T MPLS,Newark,outbound,1165.98,812.95,1060.63,657.32,391.74,110952,0.366,0,1,1,29.7,30.1,16.7,3.3,3.0,17.2,11.7,Real-Time
2025-01-30 04:00:00,WAN-NWK-02,WAN Secondary - Facility A - Lumen MPLS,Newark,outbound,1405.36,883.84,1217.7,708.08,458.14,151319,0.398,0,4,1,29.6,24.0,24.8,1.9,1.6,18.1,14.1,Real-Time
2025-01-30 06:00:00,WAN-NWK-01,WAN Primary - Facility A - AT&T MPLS,Newark,outbound,3792.47,2595.87,3171.88,2269.33,1094.83,483457,1.168,15,8,4,25.2,28.1,23.2,2.6,1.9,19.0,37.9,Bulk-Transfer
2025-01-30 09:00:00,WAN-NWK-02,WAN Secondary - Facility A - Lumen MPLS,Newark,inbound,7920.3,4879.33,6956.01,4258.27,2414.59,869716,2.196,41,12,6,30.9,25.8,23.2,4.5,1.6,14.0,79.2,Standard
2025-01-30 10:00:00,WAN-NWK-02,WAN Secondary - Facility A - Lumen MPLS,Newark,outbound,9021.47,5506.97,8055.17,5394.83,3152.61,1011743,2.478,18,26,8,33.0,27.3,18.1,1.5,2.0,18.1,90.2,Standard
2025-01-30 10:00:00,IX-NWK-STM-01,Inter-Facility Dark Fiber Newark-Stamford,Inter-DC,outbound,7873.33,5599.8,6910.06,5197.61,2623.56,1101157,2.52,30,28,5,39.6,35.0,18.0,1.1,1.5,4.8,78.7,Bulk-Transfer
2025-01-30 11:00:00,WAN-NWK-02,WAN Secondary - Facility A - Lumen MPLS,Newark,outbound,9500.0,5100.37,8959.09,4622.17,1593.77,828417,2.295,10,22,1,32.3,21.6,24.7,4.1,1.6,15.7,95.0,Business-Critical
2025-01-30 11:00:00,WAN-STM-02,WAN Secondary - Facility B - Lumen MPLS,Stamford,inbound,6737.39,4310.46,5727.18,4271.82,1682.72,556444,1.94,18,8,0,33.6,21.1,24.7,3.6,2.8,14.2,67.4,Bulk-Transfer
2025-01-30 13:00:00,WAN-NWK-02,WAN Secondary - Facility A - Lumen MPLS,Newark,inbound,5789.43,3165.52,5031.81,2881.6,1180.55,481666,1.424,15,0,4,33.4,27.9,23.8,5.0,2.6,7.3,57.9,Standard
2025-01-30 13:00:00,WAN-NWK-02,WAN Secondary - Facility A - Lumen MPLS,Newark,outbound,7783.01,5064.49,7281.5,4791.47,2541.52,1050338,2.279,51,19,7,35.7,30.2,22.8,2.0,2.1,7.2,77.8,Real-Time
2025-01-30 13:00:00,WAN-STM-02,WAN Secondary - Facility B - Lumen MPLS,Stamford,inbound,6047.74,3972.49,5640.01,3377.32,1493.15,505990,1.788,7,8,2,35.0,20.2,20.1,4.4,1.3,19.0,60.5,Standard
2025-01-30 13:00:00,IX-NWK-STM-01,Inter-Facility Dark Fiber Newark-Stamford,Inter-DC,inbound,5279.71,3136.4,4416.82,2783.17,1767.41,688271,1.411,30,4,6,38.1,32.0,17.6,2.2,2.2,7.9,52.8,Standard
2025-01-30 14:00:00,WAN-STM-01,WAN Primary - Facility B - AT&T MPLS,Stamford,outbound,9500.0,5452.01,8815.71,5142.95,2749.81,1298457,2.453,44,11,8,29.9,20.3,18.2,4.9,2.8,23.9,95.0,Business-Critical
2025-01-30 14:00:00,IX-NWK-STM-01,Inter-Facility Dark Fiber Newark-Stamford,Inter-DC,inbound,5750.88,3029.14,5104.44,2495.61,1623.61,503241,1.363,3,9,4,25.5,22.0,19.6,1.4,1.5,30.0,57.5,Business-Critical
2025-01-30 15:00:00,WAN-NWK-01,WAN Primary - Facility A - AT&T MPLS,Newark,inbound,6544.52,3730.02,6152.5,3286.11,1847.92,777720,1.679,20,19,6,36.0,21.9,16.6,3.3,1.3,20.9,65.4,Bulk-Transfer
2025-01-30 16:00:00,WAN-NWK-01,WAN Primary - Facility A - AT&T MPLS,Newark,inbound,3705.95,2026.99,3311.81,1874.07,1096.71,314428,0.912,9,5,0,36.8,29.1,15.3,3.5,2.4,12.9,37.1,Standard
2025-01-30 18:00:00,WAN-STM-02,WAN Secondary - Facility B - Lumen MPLS,Stamford,inbound,2585.54,1543.27,2214.33,1315.47,642.04,275391,0.694,2,5,0,30.0,29.7,21.6,1.4,2.1,15.2,25.9,Bulk-Transfer
2025-01-30 19:00:00,WAN-STM-02,WAN Secondary - Facility B - Lumen MPLS,Stamford,inbound,1925.37,1009.17,1685.79,932.38,373.46,277938,0.454,6,7,1,38.4,32.4,16.7,4.7,1.3,6.5,19.3,Business-Critical
2025-01-30 20:00:00,WAN-NWK-01,WAN Primary - Facility A - AT&T MPLS,Newark,outbound,1698.34,996.06,1521.65,832.26,534.08,223687,0.448,8,2,0,28.0,25.0,15.3,1.1,1.8,28.8,17.0,Standard
2025-01-30 20:00:00,WAN-NWK-02,WAN Secondary - Facility A - Lumen MPLS,Newark,inbound,1173.97,785.36,1014.46,777.87,374.55,171308,0.353,3,5,1,37.5,31.4,17.3,1.5,1.7,10.6,11.7,Real-Time
2025-01-30 20:00:00,WAN-NWK-02,WAN Secondary - Facility A - Lumen MPLS,Newark,outbound,1732.4,1058.84,1532.9,1027.54,555.61,153371,0.476,2,1,1,27.5,28.6,19.1,4.1,1.6,19.1,17.3,Standard
2025-01-30 20:00:00,WAN-STM-01,WAN Primary - Facility B - AT&T MPLS,Stamford,outbound,2043.4,1324.77,1883.82,1213.91,694.8,217651,0.596,10,1,2,25.7,21.1,23.5,1.7,1.9,26.1,20.4,Standard
2025-01-30 21:00:00,WAN-NWK-02,WAN Secondary - Facility A - Lumen MPLS,Newark,outbound,2047.71,1411.06,1828.5,1230.17,712.15,289016,0.635,1,5,0,37.6,21.2,15.4,2.0,2.3,21.5,20.5,Standard
2025-01-30 22:00:00,IX-NWK-STM-01,Inter-Facility Dark Fiber Newark-Stamford,Inter-DC,outbound,2058.97,1159.01,1810.26,1057.64,449.04,180354,0.522,6,1,1,39.9,34.0,16.0,4.3,1.5,4.3,20.6,Bulk-Transfer
2025-01-30 23:00:00,WAN-STM-02,WAN Secondary - Facility B - Lumen MPLS,Stamford,inbound,1081.35,761.56,998.53,667.45,237.7,145413,0.343,2,3,0,37.8,21.7,22.5,3.3,1.4,13.3,10.8,Bulk-Transfer
2025-01-31 01:00:00,WAN-NWK-02,WAN Secondary - Facility A - Lumen MPLS,Newark,outbound,1178.98,705.37,1022.29,604.5,262.66,120920,0.317,4,1,1,29.9,27.8,23.1,4.4,1.6,13.2,11.8,Business-Critical
2025-01-31 01:00:00,WAN-STM-01,WAN Primary - Facility B - AT&T MPLS,Stamford,inbound,804.8,526.16,731.94,429.62,271.92,96094,0.237,2,2,1,36.1,28.9,22.4,3.4,1.7,7.5,8.0,Real-Time
2025-01-31 01:00:00,WAN-STM-02,WAN Secondary - Facility B - Lumen MPLS,Stamford,inbound,739.63,482.99,621.97,443.27,182.23,62936,0.217,3,1,1,38.1,34.6,15.2,2.2,2.0,7.9,7.4,Real-Time
2025-01-31 02:00:00,WAN-NWK-02,WAN Secondary - Facility A - Lumen MPLS,Newark,outbound,1206.53,670.89,1079.69,573.5,233.11,123847,0.302,5,2,0,38.0,22.3,15.3,1.4,2.4,20.6,12.1,Bulk-Transfer
2025-01-31 02:00:00,IX-NWK-STM-01,Inter-Facility Dark Fiber Newark-Stamford,Inter-DC,outbound,1302.35,866.52,1162.13,848.72,309.37,135068,0.39,6,0,0,27.5,24.5,20.9,4.8,1.8,20.5,13.0,Standard
2025-01-31 03:00:00,WAN-STM-01,WAN Primary - Facility B - AT&T MPLS,Stamford,inbound,699.04,501.47,608.62,482.72,253.53,81789,0.226,2,0,0,39.6,33.6,15.9,4.1,1.9,4.9,7.0,Bulk-Transfer
2025-01-31 04:00:00,IX-NWK-STM-01,Inter-Facility Dark Fiber Newark-Stamford,Inter-DC,outbound,1229.07,756.97,1141.37,606.82,277.63,180059,0.341,1,2,1,29.5,20.8,19.8,1.6,2.3,26.0,12.3,Bulk-Transfer
2025-01-31 05:00:00,WAN-STM-01,WAN Primary - Facility B - AT&T MPLS,Stamford,outbound,1318.45,933.95,1095.78,780.3,324.87,125021,0.42,5,3,1,36.6,25.5,19.5,2.5,1.7,14.2,13.2,Real-Time
2025-01-31 06:00:00,WAN-NWK-02,WAN Secondary - Facility A - Lumen MPLS,Newark,outbound,3372.88,2126.79,3105.15,1812.21,1232.96,343722,0.957,17,9,2,30.0,30.3,20.1,4.4,1.1,14.1,33.7,Real-Time
2025-01-31 06:00:00,WAN-STM-02,WAN Secondary - Facility B - Lumen MPLS,Stamford,outbound,3547.56,2036.13,3241.85,2028.0,1111.81,486421,0.916,10,4,4,36.3,34.0,17.0,1.6,2.6,8.5,35.5,Standard
2025-01-31 07:00:00,WAN-NWK-02,WAN Secondary - Facility A - Lumen MPLS,Newark,outbound,5369.19,3041.23,4559.75,3010.17,1573.43,793540,1.369,0,14,5,30.4,21.3,17.8,3.8,2.1,24.6,53.7,Bulk-Transfer
2025-01-31 07:00:00,WAN-STM-01,WAN Primary - Facility B - AT&T MPLS,Stamford,inbound,3072.38,2088.38,2831.76,2038.4,637.89,430524,0.94,16,8,2,28.1,26.1,15.8,2.7,3.0,24.3,30.7,Business-Critical
2025-01-31 08:00:00,WAN-STM-02,WAN Secondary - Facility B - Lumen MPLS,Stamford,inbound,4226.8,2525.71,4003.18,2041.29,1394.36,519214,1.137,4,7,1,34.9,21.2,24.7,3.1,2.7,13.4,42.3,Bulk-Transfer
2025-01-31 08:00:00,IX-NWK-STM-01,Inter-Facility Dark Fiber Newark-Stamford,Inter-DC,outbound,7227.69,4220.78,6392.59,3652.88,2453.09,802314,1.899,31,24,1,27.1,21.8,21.8,1.9,1.5,25.9,72.3,Business-Critical
2025-01-31 09:00:00,WAN-NWK-01,WAN Primary - Facility A - AT&T MPLS,Newark,inbound,6670.24,3953.73,6131.66,3738.74,1825.53,631668,1.779,21,4,6,30.7,26.4,19.3,2.2,2.8,18.6,66.7,Business-Critical
2025-01-31 11:00:00,WAN-STM-02,WAN Secondary - Facility B - Lumen MPLS,Stamford,inbound,5154.41,3702.42,4437.46,3599.8,1671.31,587683,1.666,0,16,3,28.4,33.1,16.2,1.3,2.7,18.3,51.5,Standard
2025-01-31 12:00:00,WAN-NWK-01,WAN Primary - Facility A - AT&T MPLS,Newark,inbound,8201.55,4850.31,7267.49,4088.84,2634.76,1114808,2.183,20,13,3,34.5,34.3,21.9,1.7,1.7,5.9,82.0,Standard
2025-01-31 12:00:00,WAN-NWK-01,WAN Primary - Facility A - AT&T MPLS,Newark,outbound,9500.0,5003.5,8995.27,4284.49,1961.64,842791,2.252,22,6,1,27.4,30.4,23.3,3.7,1.6,13.6,95.0,Business-Critical
2025-01-31 12:00:00,WAN-STM-01,WAN Primary - Facility B - AT&T MPLS,Stamford,outbound,9500.0,5709.9,8385.02,4675.44,2374.71,1228184,2.569,17,17,0,38.5,29.6,20.5,2.1,1.6,7.7,95.0,Real-Time
2025-01-31 12:00:00,WAN-STM-02,WAN Secondary - Facility B - Lumen MPLS,Stamford,inbound,5237.54,3700.45,4427.77,3492.11,2118.84,730849,1.665,5,11,6,39.9,25.7,21.0,3.1,3.0,7.3,52.4,Bulk-Transfer
2025-01-31 14:00:00,WAN-STM-02,WAN Secondary - Facility B - Lumen MPLS,Stamford,outbound,7440.11,4295.76,6762.07,4247.11,2291.0,601994,1.933,3,18,0,30.3,25.5,15.2,2.5,1.0,25.5,74.4,Bulk-Transfer
2025-01-31 15:00:00,WAN-NWK-01,WAN Primary - Facility A - AT&T MPLS,Newark,inbound,6176.98,3851.42,5589.19,3194.71,2179.95,596782,1.733,16,4,1,28.8,26.5,22.9,2.2,1.3,18.3,61.8,Standard
2025-01-31 15:00:00,WAN-STM-02,WAN Secondary - Facility B - Lumen MPLS,Stamford,inbound,7327.92,4324.6,6089.3,3706.69,2099.49,960586,1.946,1,10,8,39.6,20.9,21.3,2.2,2.8,13.2,73.3,Standard
2025-01-31 17:00:00,WAN-NWK-02,WAN Secondary - Facility A - Lumen MPLS,Newark,inbound,2415.82,1267.61,2016.37,1244.72,569.44,346895,0.57,4,3,2,38.4,20.8,19.5,3.7,1.9,15.7,24.2,Bulk-Transfer
2025-01-31 19:00:00,WAN-STM-02,WAN Secondary - Facility B - Lumen MPLS,Stamford,inbound,1975.38,1400.58,1801.83,1133.68,706.92,257368,0.63,6,3,0,38.1,23.0,19.5,3.5,1.5,14.4,19.8,Bulk-Transfer
2025-01-31 20:00:00,WAN-NWK-02,WAN Secondary - Facility A - Lumen MPLS,Newark,outbound,1744.95,932.05,1438.88,766.88,513.85,244478,0.419,4,2,1,37.9,32.4,16.4,1.6,1.2,10.5,17.4,Standard
2025-01-31 20:00:00,WAN-STM-01,WAN Primary - Facility B - AT&T MPLS,Stamford,inbound,1481.71,907.78,1376.49,860.52,302.37,137132,0.409,4,2,0,31.9,31.0,17.3,2.9,1.1,15.8,14.8,Real-Time
2025-01-31 20:00:00,WAN-STM-02,WAN Secondary - Facility B - Lumen MPLS,Stamford,outbound,1610.37,962.81,1399.38,811.65,391.08,230043,0.433,7,0,1,30.1,26.7,22.0,1.3,3.0,16.9,16.1,Real-Time
2025-01-31 21:00:00,WAN-STM-02,WAN Secondary - Facility B - Lumen MPLS,Stamford,outbound,1912.62,1178.19,1681.69,1030.25,615.26,276522,0.53,1,7,1,25.2,33.0,21.5,2.8,2.6,14.9,19.1,Business-Critical
2025-01-31 22:00:00,WAN-NWK-02,WAN Secondary - Facility A - Lumen MPLS,Newark,outbound,1718.71,939.81,1441.72,835.93,340.7,220731,0.423,5,5,1,27.6,25.1,25.0,2.0,1.2,19.1,17.2,Standard
2025-01-31 22:00:00,WAN-STM-02,WAN Secondary - Facility B - Lumen MPLS,Stamford,outbound,1832.18,1225.86,1607.28,1086.09,711.12,195092,0.552,1,2,1,34.6,31.7,20.5,2.9,2.3,8.0,18.3,Bulk-Transfer
2025-01-31 23:00:00,WAN-NWK-01,WAN Primary - Facility A - AT&T MPLS,Newark,outbound,1710.82,1113.26,1559.91,1064.92,501.44,210788,0.501,2,3,2,27.7,26.6,18.4,3.9,1.6,21.8,17.1,Business-Critical
2025-01-31 23:00:00,WAN-NWK-02,WAN Secondary - Facility A - Lumen MPLS,Newark,inbound,1372.63,714.25,1254.32,610.23,223.39,123347,0.321,6,1,0,25.7,21.6,18.9,1.5,1.8,30.5,13.7,Standard
2025-02-01 00:00:00,WAN-STM-01,WAN Primary - Facility B - AT&T MPLS,Stamford,outbound,2334.86,1374.26,2009.61,1217.94,783.69,301779,0.618,2,4,2,37.2,32.4,18.8,3.8,2.2,5.6,23.3,Bulk-Transfer
2025-02-01 01:00:00,WAN-NWK-02,WAN Secondary - Facility A - Lumen MPLS,Newark,outbound,2571.02,1672.65,2401.55,1357.71,870.1,291564,0.753,10,0,0,25.4,21.5,16.5,2.1,1.6,32.9,25.7,Bulk-Transfer
2025-02-01 03:00:00,WAN-NWK-02,WAN Secondary - Facility A - Lumen MPLS,Newark,inbound,1665.4,1156.51,1469.39,1117.74,408.96,156353,0.52,7,1,1,37.5,34.4,21.0,2.1,1.1,3.9,16.7,Real-Time
2025-02-01 05:00:00,WAN-NWK-01,WAN Primary - Facility A - AT&T MPLS,Newark,inbound,1706.03,1227.75,1612.83,1137.24,578.95,228304,0.552,4,2,1,34.7,28.6,17.2,3.0,2.3,14.2,17.1,Real-Time
2025-02-01 05:00:00,WAN-NWK-02,WAN Secondary - Facility A - Lumen MPLS,Newark,inbound,1686.63,1143.87,1566.16,933.47,572.98,221187,0.515,2,1,0,39.2,21.5,22.5,4.6,2.3,9.9,16.9,Real-Time
2025-02-01 05:00:00,WAN-STM-02,WAN Secondary - Facility B - Lumen MPLS,Stamford,inbound,1771.07,988.19,1588.9,875.59,551.47,221661,0.445,1,1,2,35.2,31.5,20.0,3.3,1.2,8.8,17.7,Real-Time
2025-02-01 06:00:00,WAN-STM-02,WAN Secondary - Facility B - Lumen MPLS,Stamford,inbound,1910.31,1287.21,1738.17,1081.46,546.59,167436,0.579,3,0,1,38.7,29.1,17.7,2.4,2.6,9.5,19.1,Standard
2025-02-01 07:00:00,WAN-STM-01,WAN Primary - Facility B - AT&T MPLS,Stamford,inbound,1548.17,810.49,1403.47,651.36,335.85,153127,0.365,4,0,1,31.9,24.7,22.6,4.3,1.6,14.9,15.5,Real-Time
2025-02-01 08:00:00,WAN-STM-02,WAN Secondary - Facility B - Lumen MPLS,Stamford,outbound,2935.24,1751.77,2649.67,1529.39,853.82,286152,0.788,14,4,1,35.1,32.9,22.9,2.9,2.6,3.6,29.4,Bulk-Transfer
2025-02-01 09:00:00,WAN-NWK-02,WAN Secondary - Facility A - Lumen MPLS,Newark,outbound,2878.68,1516.18,2360.99,1360.96,498.67,344037,0.682,6,6,1,32.2,27.8,19.5,1.2,2.1,17.2,28.8,Bulk-Transfer
2025-02-01 11:00:00,WAN-NWK-01,WAN Primary - Facility A - AT&T MPLS,Newark,inbound,1706.21,1173.2,1568.87,1106.45,401.72,221073,0.528,10,3,1,25.5,22.4,20.5,3.8,1.7,26.1,17.1,Business-Critical
2025-02-01 12:00:00,WAN-NWK-02,WAN Secondary - Facility A - Lumen MPLS,Newark,inbound,2027.97,1194.92,1751.43,1040.64,542.37,171511,0.538,6,5,1,37.4,21.0,22.0,4.2,2.1,13.3,20.3,Business-Critical
2025-02-01 16:00:00,WAN-NWK-01,WAN Primary - Facility A - AT&T MPLS,Newark,inbound,1436.94,757.57,1232.69,632.02,371.09,149749,0.341,0,4,1,36.5,29.8,21.4,1.2,1.3,9.8,14.4,Real-Time
2025-02-01 16:00:00,WAN-NWK-01,WAN Primary - Facility A - AT&T MPLS,Newark,outbound,2810.56,1995.67,2454.65,1820.38,1042.55,300381,0.898,15,1,1,33.7,22.3,19.1,2.1,2.4,20.4,28.1,Bulk-Transfer
2025-02-01 16:00:00,WAN-NWK-02,WAN Secondary - Facility A - Lumen MPLS,Newark,inbound,1556.29,1102.31,1419.06,914.16,633.13,154382,0.496,7,1,1,29.5,24.2,24.9,1.8,2.5,17.1,15.6,Bulk-Transfer
2025-02-01 16:00:00,WAN-NWK-02,WAN Secondary - Facility A - Lumen MPLS,Newark,outbound,2143.56,1536.3,1762.99,1346.17,787.7,173503,0.691,3,4,1,31.6,24.4,20.2,1.7,2.2,19.9,21.4,Real-Time
2025-02-01 17:00:00,WAN-NWK-02,WAN Secondary - Facility A - Lumen MPLS,Newark,inbound,2014.86,1302.21,1693.13,1251.05,767.52,276870,0.586,0,3,0,27.6,28.3,24.2,3.2,1.8,14.9,20.1,Standard
2025-02-01 18:00:00,WAN-NWK-01,WAN Primary - Facility A - AT&T MPLS,Newark,inbound,1990.1,1320.16,1695.23,1229.71,775.08,293933,0.594,12,8,0,25.3,22.9,23.6,2.9,2.7,22.6,19.9,Real-Time
2025-02-01 19:00:00,WAN-NWK-01,WAN Primary - Facility A - AT&T MPLS,Newark,outbound,2152.39,1485.94,1932.27,1480.23,626.86,315062,0.669,14,3,3,37.3,24.2,18.6,4.7,2.7,12.5,21.5,Standard
2025-02-01 20:00:00,WAN-NWK-02,WAN Secondary - Facility A - Lumen MPLS,Newark,inbound,1514.16,1000.05,1367.18,897.16,446.87,179440,0.45,4,5,0,35.7,30.9,20.4,4.1,3.0,5.9,15.1,Standard
2025-02-01 22:00:00,WAN-STM-01,WAN Primary - Facility B - AT&T MPLS,Stamford,outbound,2411.57,1385.67,2287.23,1215.82,783.81,305284,0.624,4,3,3,29.5,34.8,18.2,4.0,2.0,11.5,24.1,Bulk-Transfer
2025-02-01 22:00:00,IX-NWK-STM-01,Inter-Facility Dark Fiber Newark-Stamford,Inter-DC,outbound,2778.0,1914.55,2279.67,1568.9,981.99,308858,0.862,11,1,0,26.7,28.6,20.5,1.4,2.8,20.0,27.8,Business-Critical
2025-02-01 23:00:00,WAN-STM-01,WAN Primary - Facility B - AT&T MPLS,Stamford,inbound,2003.0,1250.7,1802.51,1031.29,726.9,209803,0.563,1,3,1,35.2,26.6,23.9,3.6,1.6,9.1,20.0,Standard
2025-02-02 00:00:00,WAN-NWK-02,WAN Secondary - Facility A - Lumen MPLS,Newark,inbound,2034.18,1148.53,1914.16,1029.59,485.43,195692,0.517,2,5,0,37.7,27.0,15.4,1.9,2.9,15.1,20.3,Business-Critical
2025-02-02 00:00:00,WAN-STM-01,WAN Primary - Facility B - AT&T MPLS,Stamford,outbound,2052.8,1354.04,1929.58,1189.47,801.35,197888,0.609,7,5,0,38.2,24.7,23.6,2.3,1.4,9.8,20.5,Bulk-Transfer
2025-02-02 03:00:00,WAN-NWK-01,WAN Primary - Facility A - AT&T MPLS,Newark,outbound,2733.56,1654.82,2265.7,1364.61,897.91,241869,0.745,8,0,1,38.8,28.5,22.2,2.0,1.3,7.2,27.3,Standard
2025-02-02 06:00:00,WAN-STM-02,WAN Secondary - Facility B - Lumen MPLS,Stamford,outbound,2419.82,1725.12,2230.05,1440.15,813.27,247455,0.776,1,6,1,26.4,31.9,24.7,1.7,1.7,13.6,24.2,Standard
2025-02-02 09:00:00,WAN-NWK-01,WAN Primary - Facility A - AT&T MPLS,Newark,outbound,2070.88,1358.25,1886.91,1132.37,692.31,285206,0.611,3,8,1,29.1,30.7,16.0,2.6,1.1,20.5,20.7,Real-Time
2025-02-02 09:00:00,WAN-NWK-02,WAN Secondary - Facility A - Lumen MPLS,Newark,inbound,1475.11,878.08,1331.63,722.85,339.99,142371,0.395,7,3,1,29.6,27.4,24.6,1.1,2.6,14.7,14.8,Business-Critical
2025-02-02 10:00:00,WAN-NWK-02,WAN Secondary - Facility A - Lumen MPLS,Newark,outbound,2217.79,1510.97,2100.95,1412.96,811.84,291416,0.68,5,3,2,27.7,30.0,16.7,4.3,1.4,19.9,22.2,Real-Time
2025-02-02 11:00:00,WAN-STM-02,WAN Secondary - Facility B - Lumen MPLS,Stamford,inbound,1883.42,1353.24,1657.43,1106.83,782.3,154429,0.609,1,4,0,39.6,24.0,20.7,1.4,1.9,12.4,18.8,Standard
2025-02-02 14:00:00,WAN-NWK-02,WAN Secondary - Facility A - Lumen MPLS,Newark,inbound,1856.55,1111.47,1522.78,994.58,515.81,229672,0.5,2,2,2,31.5,27.2,17.4,1.9,2.7,19.3,18.6,Standard
2025-02-02 15:00:00,WAN-STM-01,WAN Primary - Facility B - AT&T MPLS,Stamford,inbound,1665.28,957.09,1395.99,786.54,369.76,210517,0.431,5,1,1,28.8,26.4,18.4,2.7,1.4,22.3,16.7,Bulk-Transfer
2025-02-02 18:00:00,WAN-NWK-02,WAN Secondary - Facility A - Lumen MPLS,Newark,outbound,2647.12,1672.98,2382.76,1443.98,642.88,300379,0.753,13,3,3,34.6,21.4,19.9,4.6,1.8,17.7,26.5,Standard
2025-02-02 19:00:00,WAN-NWK-01,WAN Primary - Facility A - AT&T MPLS,Newark,outbound,2097.87,1294.97,1992.87,1210.89,654.7,198112,0.583,6,1,1,26.0,26.0,16.9,3.4,2.0,25.7,21.0,Business-Critical
2025-02-02 21:00:00,WAN-STM-02,WAN Secondary - Facility B - Lumen MPLS,Stamford,inbound,1689.7,1044.53,1573.71,938.89,392.72,140745,0.47,5,4,0,36.1,33.4,21.0,4.6,2.4,2.5,16.9,Standard
2025-02-02 22:00:00,WAN-NWK-01,WAN Primary - Facility A - AT&T MPLS,Newark,inbound,1623.86,1098.24,1399.26,947.06,657.67,145049,0.494,1,2,0,26.6,21.9,19.1,2.5,2.0,27.9,16.2,Business-Critical
2025-02-03 00:00:00,WAN-NWK-01,WAN Primary - Facility A - AT&T MPLS,Newark,outbound,1284.85,909.19,1063.57,905.51,313.87,127466,0.409,2,1,0,27.6,32.2,20.8,2.0,2.9,14.5,12.8,Bulk-Transfer
2025-02-03 00:00:00,WAN-STM-02,WAN Secondary - Facility B - Lumen MPLS,Stamford,inbound,930.64,598.63,776.16,598.57,277.76,84791,0.269,2,2,0,36.6,29.9,22.6,4.9,2.0,4.0,9.3,Real-Time
2025-02-03 00:00:00,WAN-STM-02,WAN Secondary - Facility B - Lumen MPLS,Stamford,outbound,1155.02,602.6,1026.66,567.56,330.1,101069,0.271,4,0,1,37.9,32.4,18.4,3.6,1.7,6.0,11.6,Bulk-Transfer
2025-02-03 01:00:00,WAN-NWK-02,WAN Secondary - Facility A - Lumen MPLS,Newark,inbound,936.58,551.95,888.86,487.67,312.72,75676,0.248,1,2,0,26.0,30.2,21.4,3.4,2.4,16.6,9.4,Business-Critical
2025-02-03 02:00:00,WAN-NWK-01,WAN Primary - Facility A - AT&T MPLS,Newark,inbound,725.94,445.04,632.81,426.36,244.47,85524,0.2,2,1,0,38.7,23.5,22.2,1.6,1.2,12.8,7.3,Business-Critical
2025-02-03 02:00:00,WAN-NWK-02,WAN Secondary - Facility A - Lumen MPLS,Newark,inbound,689.33,385.76,643.8,373.77,160.35,68939,0.174,2,0,0,25.9,29.0,20.8,3.2,2.1,19.0,6.9,Real-Time
2025-02-03 02:00:00,IX-NWK-STM-01,Inter-Facility Dark Fiber Newark-Stamford,Inter-DC,inbound,712.17,417.39,675.3,335.94,212.9,68899,0.188,3,1,0,35.2,30.1,24.4,1.8,2.9,5.6,7.1,Real-Time
2025-02-03 03:00:00,IX-NWK-STM-01,Inter-Facility Dark Fiber Newark-Stamford,Inter-DC,outbound,1221.59,782.61,1081.51,697.11,330.83,109937,0.352,5,2,1,36.5,29.2,15.0,2.4,2.5,14.4,12.2,Real-Time
2025-02-03 06:00:00,WAN-NWK-01,WAN Primary - Facility A - AT&T MPLS,Newark,outbound,4052.56,2862.96,3338.97,2408.03,1197.1,548394,1.288,18,12,5,33.1,29.6,16.9,2.5,1.7,16.2,40.5,Standard
2025-02-03 08:00:00,WAN-NWK-02,WAN Secondary - Facility A - Lumen MPLS,Newark,outbound,6942.45,3939.1,6564.14,3171.02,1915.07,665336,1.773,19,3,5,38.9,31.7,19.3,2.4,1.4,6.3,69.4,Real-Time
2025-02-03 09:00:00,WAN-STM-01,WAN Primary - Facility B - AT&T MPLS,Stamford,outbound,8358.46,5558.77,7897.2,5098.51,2357.84,1056759,2.501,34,30,0,35.6,21.9,18.3,3.7,2.7,17.8,83.6,Standard
2025-02-03 09:00:00,IX-NWK-STM-01,Inter-Facility Dark Fiber Newark-Stamford,Inter-DC,outbound,9455.27,5444.5,8748.36,4649.53,2407.41,799876,2.45,4,16,0,38.2,20.6,22.2,4.7,1.7,12.6,94.6,Business-Critical
2025-02-03 10:00:00,WAN-STM-02,WAN Secondary - Facility B - Lumen MPLS,Stamford,inbound,7815.81,5140.49,7299.59,4178.61,2300.29,910441,2.313,28,7,0,30.3,29.3,21.9,4.9,2.6,11.0,78.2,Real-Time
2025-02-03 11:00:00,WAN-NWK-02,WAN Secondary - Facility A - Lumen MPLS,Newark,inbound,7054.05,4211.39,5972.66,3688.5,1633.15,986863,1.895,6,12,1,35.4,23.7,16.8,3.2,2.7,18.2,70.5,Bulk-Transfer
2025-02-03 11:00:00,WAN-STM-01,WAN Primary - Facility B - AT&T MPLS,Stamford,outbound,9500.0,5203.86,7865.98,4761.34,2379.93,1296252,2.342,18,5,3,34.5,31.9,19.9,4.8,1.6,7.3,95.0,Real-Time
2025-02-03 13:00:00,WAN-NWK-01,WAN Primary - Facility A - AT&T MPLS,Newark,outbound,9500.0,6063.59,8722.35,4864.56,2999.69,767895,2.729,34,23,1,30.2,30.2,20.9,3.1,2.5,13.1,95.0,Business-Critical
2025-02-03 14:00:00,WAN-NWK-01,WAN Primary - Facility A - AT&T MPLS,Newark,outbound,9500.0,6365.97,8467.07,6213.58,3467.48,1154111,2.865,52,24,11,33.1,21.2,16.9,1.9,1.6,25.3,95.0,Standard
2025-02-03 14:00:00,WAN-STM-01,WAN Primary - Facility B - AT&T MPLS,Stamford,inbound,9500.0,6546.93,8264.38,6224.74,2388.79,1366471,2.946,65,20,7,27.1,34.1,20.2,3.4,1.5,13.7,95.0,Standard
2025-02-03 15:00:00,VLAN-110-SVR-NWK-091,Production VLAN - SVR-NWK-091 Traffic,Newark,inbound,551.41,229.92,485.24,206.93,91.97,49626,0.103,2,1,0,40.0,29.7,14.6,1.5,0.8,13.7,5.5,Standard
2025-02-03 15:00:00,VLAN-110-SVR-NWK-091,Production VLAN - SVR-NWK-091 Traffic,Newark,outbound,264.99,112.43,233.19,101.19,44.97,23848,0.051,2,0,0,38.4,31.2,19.6,1.2,0.7,12.4,2.6,Standard
2025-02-03 17:00:00,WAN-NWK-01,WAN Primary - Facility A - AT&T MPLS,Newark,outbound,3927.92,2591.77,3622.2,2343.14,920.59,477826,1.166,3,2,2,26.7,25.1,20.2,1.8,2.8,23.4,39.3,Bulk-Transfer
2025-02-03 17:00:00,WAN-STM-02,WAN Secondary - Facility B - Lumen MPLS,Stamford,outbound,3519.83,1883.46,3133.66,1773.25,846.76,403573,0.848,15,12,3,36.0,34.2,22.8,3.6,2.0,1.4,35.2,Standard
2025-02-03 18:00:00,WAN-STM-02,WAN Secondary - Facility B - Lumen MPLS,Stamford,outbound,3722.48,2297.06,3330.67,2197.1,698.99,427428,1.034,21,7,0,39.6,22.0,24.9,4.1,2.6,6.8,37.2,Bulk-Transfer
2025-02-03 20:00:00,WAN-NWK-01,WAN Primary - Facility A - AT&T MPLS,Newark,outbound,2023.35,1292.92,1681.55,1143.17,543.35,247333,0.582,4,6,2,38.3,33.8,24.0,1.7,1.2,1.0,20.2,Real-Time
2025-02-03 22:00:00,WAN-STM-02,WAN Secondary - Facility B - Lumen MPLS,Stamford,outbound,1965.4,1409.89,1837.83,1337.47,763.71,216956,0.634,7,3,0,33.0,26.2,24.3,4.7,2.9,8.9,19.7,Real-Time
2025-02-03 22:00:00,IX-NWK-STM-01,Inter-Facility Dark Fiber Newark-Stamford,Inter-DC,outbound,1728.13,914.45,1507.17,857.86,351.66,224526,0.412,2,5,1,36.6,33.7,19.3,1.0,1.6,7.8,17.3,Standard
2025-02-04 01:00:00,WAN-NWK-01,WAN Primary - Facility A - AT&T MPLS,Newark,outbound,1261.4,863.13,1160.12,786.09,474.58,172645,0.388,2,4,1,30.8,33.8,21.9,3.0,1.3,9.2,12.6,Bulk-Transfer
2025-02-04 01:00:00,WAN-NWK-02,WAN Secondary - Facility A - Lumen MPLS,Newark,inbound,929.82,644.73,773.58,605.09,302.06,81335,0.29,3,1,0,37.1,29.8,18.7,2.9,1.6,9.9,9.3,Business-Critical
2025-02-04 01:00:00,WAN-STM-01,WAN Primary - Facility B - AT&T MPLS,Stamford,inbound,701.66,500.92,635.9,469.77,283.79,72416,0.225,0,1,1,32.2,34.2,24.3,1.7,1.4,6.2,7.0,Real-Time
2025-02-04 02:00:00,WAN-NWK-01,WAN Primary - Facility A - AT&T MPLS,Newark,outbound,991.15,599.11,929.15,501.69,193.04,83851,0.27,0,0,0,37.6,25.7,17.5,1.8,1.3,16.1,9.9,Standard
2025-02-04 02:00:00,WAN-STM-01,WAN Primary - Facility B - AT&T MPLS,Stamford,inbound,739.88,427.91,644.34,374.18,128.96,106759,0.193,4,3,0,29.7,33.3,22.9,3.9,1.2,9.0,7.4,Business-Critical
2025-02-04 04:00:00,WAN-STM-02,WAN Secondary - Facility B - Lumen MPLS,Stamford,inbound,856.24,605.4,748.89,505.39,341.45,86306,0.272,1,0,1,39.9,28.0,18.2,3.2,2.2,8.5,8.6,Standard
2025-02-04 04:00:00,WAN-STM-02,WAN Secondary - Facility B - Lumen MPLS,Stamford,outbound,1273.37,707.0,1053.21,583.41,328.11,142144,0.318,7,2,0,26.8,34.1,20.5,2.5,1.2,14.9,12.7,Bulk-Transfer
2025-02-04 05:00:00,WAN-STM-01,WAN Primary - Facility B - AT&T MPLS,Stamford,inbound,718.12,502.99,681.59,489.07,227.34,71107,0.226,1,2,0,35.1,27.7,20.3,4.5,2.6,9.8,7.2,Standard
2025-02-04 08:00:00,WAN-NWK-01,WAN Primary - Facility A - AT&T MPLS,Newark,outbound,7771.69,5025.57,6499.71,4487.54,2947.74,838906,2.262,10,1,3,29.6,25.6,15.2,3.2,1.8,24.6,77.7,Standard
2025-02-04 08:00:00,WAN-STM-01,WAN Primary - Facility B - AT&T MPLS,Stamford,inbound,5698.36,3072.68,4940.54,2632.51,1600.63,826689,1.383,15,4,3,27.2,20.7,16.1,4.5,1.6,29.9,57.0,Business-Critical
2025-02-04 08:00:00,IX-NWK-STM-01,Inter-Facility Dark Fiber Newark-Stamford,Inter-DC,outbound,7989.0,5507.53,7074.68,5076.02,2994.26,767251,2.478,27,10,5,37.7,30.9,19.2,4.1,1.4,6.7,79.9,Business-Critical
2025-02-04 09:00:00,VLAN-110-SVR-NWK-091,Production VLAN - SVR-NWK-091 Traffic,Newark,outbound,695.81,413.49,612.31,372.14,165.4,62622,0.186,1,1,0,38.3,39.0,10.4,3.0,1.5,10.4,7.0,Standard
2025-02-04 11:00:00,WAN-NWK-01,WAN Primary - Facility A - AT&T MPLS,Newark,inbound,8132.21,5073.56,7256.65,4735.46,2918.91,684486,2.283,22,19,0,34.5,29.5,20.4,2.8,2.8,10.0,81.3,Bulk-Transfer
2025-02-04 11:00:00,WAN-STM-02,WAN Secondary - Facility B - Lumen MPLS,Stamford,outbound,9500.0,5535.88,8413.7,5166.54,2729.75,871534,2.491,25,10,7,29.2,21.6,18.3,1.7,2.3,26.9,95.0,Real-Time
2025-02-04 14:00:00,WAN-STM-01,WAN Primary - Facility B - AT&T MPLS,Stamford,outbound,9500.0,6038.78,8536.71,5569.03,2667.42,1112628,2.717,34,24,9,36.7,32.2,16.5,1.9,2.6,10.1,95.0,Real-Time
2025-02-04 15:00:00,VLAN-110-SVR-NWK-091,Production VLAN - SVR-NWK-091 Traffic,Newark,inbound,524.05,251.83,461.16,226.65,100.73,47164,0.113,0,1,0,32.9,36.9,16.9,1.1,1.2,5.8,5.2,Standard
2025-02-04 16:00:00,WAN-STM-02,WAN Secondary - Facility B - Lumen MPLS,Stamford,inbound,3114.01,2047.43,2813.24,1685.32,1141.33,286113,0.921,11,4,0,26.0,32.4,24.0,1.3,1.2,15.1,31.1,Standard
2025-02-04 17:00:00,WAN-NWK-01,WAN Primary - Facility A - AT&T MPLS,Newark,outbound,3863.55,2188.92,3264.51,1795.79,1088.13,434135,0.985,21,5,1,36.4,32.8,15.8,3.8,1.8,9.4,38.6,Real-Time
2025-02-04 17:00:00,WAN-STM-01,WAN Primary - Facility B - AT&T MPLS,Stamford,inbound,2803.44,1709.13,2647.98,1563.87,966.98,395036,0.769,10,2,1,38.2,34.2,20.1,1.3,2.9,3.3,28.0,Bulk-Transfer
2025-02-04 17:00:00,WAN-STM-02,WAN Secondary - Facility B - Lumen MPLS,Stamford,outbound,4188.5,2800.98,3811.93,2319.04,849.54,429874,1.26,21,11,2,38.8,28.8,20.0,3.6,1.2,7.6,41.9,Standard
2025-02-04 18:00:00,WAN-NWK-02,WAN Secondary - Facility A - Lumen MPLS,Newark,inbound,2035.49,1346.65,1738.46,1194.05,420.46,208181,0.606,4,0,2,35.9,21.6,19.0,1.7,1.7,20.1,20.4,Bulk-Transfer
2025-02-04 19:00:00,WAN-NWK-01,WAN Primary - Facility A - AT&T MPLS,Newark,outbound,2713.79,1482.15,2355.98,1188.37,568.13,239947,0.667,4,2,2,34.2,22.5,22.9,2.9,1.7,15.8,27.1,Bulk-Transfer
2025-02-04 19:00:00,WAN-STM-02,WAN Secondary - Facility B - Lumen MPLS,Stamford,inbound,1696.43,1202.01,1461.86,1105.89,523.61,166347,0.541,0,2,1,34.9,21.1,20.6,3.7,2.0,17.7,17.0,Bulk-Transfer
2025-02-04 19:00:00,WAN-STM-02,WAN Secondary - Facility B - Lumen MPLS,Stamford,outbound,2401.63,1327.67,2200.6,1190.06,544.7,200511,0.597,6,1,2,30.3,27.1,22.0,2.2,1.6,16.8,24.0,Business-Critical
2025-02-04 22:00:00,WAN-NWK-02,WAN Secondary - Facility A - Lumen MPLS,Newark,outbound,1730.33,1140.25,1506.65,1102.67,568.94,228661,0.513,4,0,2,37.8,31.8,21.4,1.6,2.2,5.2,17.3,Business-Critical
2025-02-04 23:00:00,WAN-STM-01,WAN Primary - Facility B - AT&T MPLS,Stamford,inbound,1362.98,740.45,1140.4,672.29,311.11,142519,0.333,4,1,0,29.0,26.0,24.3,1.6,2.4,16.7,13.6,Business-Critical
2025-02-05 00:00:00,WAN-NWK-02,WAN Secondary - Facility A - Lumen MPLS,Newark,outbound,1304.01,822.3,1235.89,759.81,326.29,193965,0.37,3,4,0,34.7,24.2,16.4,1.7,2.0,21.0,13.0,Bulk-Transfer
2025-02-05 05:00:00,WAN-STM-02,WAN Secondary - Facility B - Lumen MPLS,Stamford,outbound,1188.63,849.68,1026.27,810.88,256.34,136907,0.382,4,0,1,38.4,28.6,17.3,2.1,2.5,11.1,11.9,Bulk-Transfer
2025-02-05 08:00:00,IX-NWK-STM-01,Inter-Facility Dark Fiber Newark-Stamford,Inter-DC,inbound,5594.34,3797.35,4626.74,3254.43,1594.92,479286,1.709,21,0,4,30.0,33.3,16.4,2.1,1.2,17.0,55.9,Bulk-Transfer
2025-02-05 09:00:00,WAN-NWK-01,WAN Primary - Facility A - AT&T MPLS,Newark,outbound,9500.0,6091.25,8394.5,5109.53,2010.14,1361016,2.741,6,31,9,27.6,25.2,20.7,2.7,1.2,22.6,95.0,Business-Critical
2025-02-05 10:00:00,IX-NWK-STM-01,Inter-Facility Dark Fiber Newark-Stamford,Inter-DC,inbound,7340.96,5010.66,6205.83,4876.77,2417.53,644423,2.255,32,13,2,34.0,25.6,17.6,3.8,2.1,16.9,73.4,Real-Time
2025-02-05 11:00:00,WAN-STM-01,WAN Primary - Facility B - AT&T MPLS,Stamford,outbound,9500.0,6328.5,9014.94,6002.17,2567.12,1032923,2.848,25,28,8,34.2,26.7,18.8,2.1,1.8,16.4,95.0,Bulk-Transfer
2025-02-05 12:00:00,WAN-STM-01,WAN Primary - Facility B - AT&T MPLS,Stamford,outbound,9500.0,6304.07,8453.31,5567.04,2139.36,876755,2.837,13,16,2,30.6,23.1,15.8,1.5,2.3,26.7,95.0,Standard
2025-02-05 13:00:00,WAN-STM-01,WAN Primary - Facility B - AT&T MPLS,Stamford,inbound,8794.2,5763.06,7942.01,4894.51,1988.4,710776,2.593,22,13,2,26.8,28.4,17.8,1.1,3.0,22.9,87.9,Standard
2025-02-05 15:00:00,WAN-STM-01,WAN Primary - Facility B - AT&T MPLS,Stamford,inbound,6255.29,4172.72,5911.61,4081.01,2256.89,726372,1.878,8,8,4,35.5,27.5,19.3,1.9,2.0,13.8,62.6,Real-Time
2025-02-05 15:00:00,WAN-STM-01,WAN Primary - Facility B - AT&T MPLS,Stamford,outbound,7204.59,5179.76,6706.62,4497.65,2257.38,1050469,2.331,46,22,7,25.8,30.3,16.4,3.0,2.8,21.7,72.0,Standard
2025-02-05 16:00:00,WAN-NWK-02,WAN Secondary - Facility A - Lumen MPLS,Newark,inbound,3160.94,1750.38,2925.48,1432.04,888.0,387725,0.788,15,3,2,31.4,31.6,17.9,2.5,2.0,14.6,31.6,Standard
2025-02-05 17:00:00,WAN-STM-01,WAN Primary - Facility B - AT&T MPLS,Stamford,inbound,2397.19,1269.78,2233.35,1091.31,703.52,252960,0.571,5,1,0,30.4,33.6,21.6,2.3,1.5,10.6,24.0,Standard
2025-02-05 18:00:00,WAN-NWK-02,WAN Secondary - Facility A - Lumen MPLS,Newark,outbound,3392.82,2228.03,3090.55,1993.65,801.63,399684,1.003,6,9,2,30.4,32.9,17.8,2.2,1.1,15.6,33.9,Standard
2025-02-05 19:00:00,IX-NWK-STM-01,Inter-Facility Dark Fiber Newark-Stamford,Inter-DC,outbound,3020.77,1861.46,2644.81,1822.69,1067.45,270433,0.838,2,6,1,37.4,29.7,18.4,1.4,1.5,11.6,30.2,Real-Time
2025-02-05 20:00:00,WAN-STM-02,WAN Secondary - Facility B - Lumen MPLS,Stamford,inbound,1182.43,823.76,1058.29,701.42,453.78,133507,0.371,2,3,1,31.8,21.2,17.9,4.3,1.9,22.9,11.8,Standard
2025-02-05 20:00:00,IX-NWK-STM-01,Inter-Facility Dark Fiber Newark-Stamford,Inter-DC,inbound,1408.2,1010.96,1233.07,911.8,490.18,180441,0.455,4,0,1,26.9,24.1,22.8,1.7,2.9,21.6,14.1,Standard
2025-02-05 23:00:00,WAN-STM-01,WAN Primary - Facility B - AT&T MPLS,Stamford,inbound,1101.92,758.35,950.82,748.81,252.36,118412,0.341,5,0,0,37.6,27.9,17.1,2.5,1.9,13.0,11.0,Real-Time
2025-02-06 00:00:00,WAN-NWK-02,WAN Secondary - Facility A - Lumen MPLS,Newark,inbound,694.22,409.94,653.7,360.22,213.86,60599,0.184,3,1,1,30.0,33.2,21.8,3.2,1.3,10.5,6.9,Standard
2025-02-06 00:00:00,WAN-STM-02,WAN Secondary - Facility B - Lumen MPLS,Stamford,outbound,1069.1,570.76,999.42,495.17,232.84,94719,0.257,0,0,0,28.4,32.1,18.3,4.9,1.1,15.2,10.7,Bulk-Transfer
2025-02-06 03:00:00,WAN-STM-01,WAN Primary - Facility B - AT&T MPLS,Stamford,outbound,1111.21,623.1,1038.94,575.26,338.7,156218,0.28,4,4,1,28.8,25.1,19.1,1.4,1.1,24.5,11.1,Business-Critical
2025-02-06 04:00:00,IX-NWK-STM-01,Inter-Facility Dark Fiber Newark-Stamford,Inter-DC,outbound,1140.76,739.34,1051.19,691.64,269.21,155865,0.333,7,0,0,38.1,20.3,17.4,2.2,1.9,20.1,11.4,Business-Critical
2025-02-06 05:00:00,WAN-NWK-01,WAN Primary - Facility A - AT&T MPLS,Newark,outbound,1058.52,737.47,997.24,703.71,318.41,114147,0.332,5,3,0,39.6,25.5,24.0,2.4,2.6,5.9,10.6,Business-Critical
2025-02-06 05:00:00,WAN-STM-01,WAN Primary - Facility B - AT&T MPLS,Stamford,inbound,957.25,617.47,859.2,544.98,267.9,110924,0.278,0,3,1,31.6,20.1,21.6,2.5,1.8,22.4,9.6,Bulk-Transfer
2025-02-06 07:00:00,WAN-STM-01,WAN Primary - Facility B - AT&T MPLS,Stamford,inbound,3891.86,2776.7,3566.88,2698.13,1378.89,428126,1.25,15,0,3,29.5,22.5,18.4,3.0,2.1,24.5,38.9,Standard
2025-02-06 07:00:00,WAN-STM-02,WAN Secondary - Facility B - Lumen MPLS,Stamford,inbound,4252.15,2213.77,3965.07,1808.55,1006.21,358029,0.996,13,1,1,29.7,24.6,18.4,3.7,1.5,22.1,42.5,Business-Critical
2025-02-06 08:00:00,WAN-NWK-01,WAN Primary - Facility A - AT&T MPLS,Newark,inbound,4150.29,2927.17,3820.97,2362.41,1037.7,571065,1.317,25,13,4,31.3,22.3,18.7,3.0,1.8,22.9,41.5,Real-Time
2025-02-06 08:00:00,WAN-STM-02,WAN Secondary - Facility B - Lumen MPLS,Stamford,inbound,4438.41,2881.95,4150.54,2843.91,1566.87,439300,1.297,0,10,3,29.0,23.1,21.4,2.0,1.0,23.5,44.4,Bulk-Transfer
2025-02-06 12:00:00,WAN-NWK-02,WAN Secondary - Facility A - Lumen MPLS,Newark,outbound,9500.0,5810.33,8277.75,4725.41,2985.72,1328400,2.615,14,37,11,34.5,32.7,17.1,2.2,2.9,10.6,95.0,Business-Critical
2025-02-06 13:00:00,WAN-STM-01,WAN Primary - Facility B - AT&T MPLS,Stamford,inbound,7858.64,4193.74,6503.87,3643.72,1345.3,1097502,1.887,8,20,3,34.6,22.7,20.3,3.9,1.8,16.7,78.6,Standard
2025-02-06 14:00:00,WAN-STM-01,WAN Primary - Facility B - AT&T MPLS,Stamford,outbound,9288.29,5604.88,7935.13,5364.52,1736.94,866805,2.522,31,18,8,25.7,31.8,15.0,3.6,1.7,22.2,92.9,Real-Time
2025-02-06 15:00:00,WAN-NWK-02,WAN Secondary - Facility A - Lumen MPLS,Newark,inbound,5463.19,3066.08,5119.26,2651.31,1127.03,502210,1.38,15,8,5,32.4,23.8,16.8,3.1,1.4,22.5,54.6,Standard
2025-02-06 18:00:00,WAN-NWK-02,WAN Secondary - Facility A - Lumen MPLS,Newark,inbound,2371.15,1313.06,2147.48,1062.12,574.75,351085,0.591,12,3,2,29.0,25.7,20.8,3.8,1.6,19.1,23.7,Business-Critical
2025-02-07 00:00:00,WAN-STM-01,WAN Primary - Facility B - AT&T MPLS,Stamford,outbound,1048.88,603.7,948.86,537.25,269.48,147952,0.272,4,4,0,32.1,27.0,15.2,1.1,2.5,22.1,10.5,Standard
2025-02-07 00:00:00,IX-NWK-STM-01,Inter-Facility Dark Fiber Newark-Stamford,Inter-DC,outbound,1052.14,561.82,902.58,522.1,240.85,96139,0.253,3,2,0,25.2,28.1,17.9,4.7,1.8,22.3,10.5,Bulk-Transfer
2025-02-07 02:00:00,WAN-STM-01,WAN Primary - Facility B - AT&T MPLS,Stamford,inbound,761.94,415.87,692.19,354.23,224.63,95044,0.187,1,2,1,28.2,25.9,22.7,2.6,1.2,19.4,7.6,Business-Critical
2025-02-07 04:00:00,WAN-NWK-02,WAN Secondary - Facility A - Lumen MPLS,Newark,outbound,1043.4,692.59,933.47,573.37,288.49,109245,0.312,4,1,0,30.8,29.5,18.1,1.5,2.7,17.4,10.4,Business-Critical
2025-02-07 07:00:00,WAN-NWK-01,WAN Primary - Facility A - AT&T MPLS,Newark,outbound,5126.3,3277.44,4844.75,3239.05,1012.44,541988,1.475,12,15,4,34.8,24.8,23.7,3.9,1.9,10.9,51.3,Business-Critical
2025-02-07 07:00:00,WAN-STM-01,WAN Primary - Facility B - AT&T MPLS,Stamford,outbound,5411.26,3591.99,4479.51,3412.05,1908.77,452035,1.616,6,8,3,36.1,27.4,19.6,2.9,2.7,11.3,54.1,Standard
2025-02-07 08:00:00,WAN-NWK-01,WAN Primary - Facility A - AT&T MPLS,Newark,inbound,4400.42,2306.0,3743.33,2018.7,1016.02,645672,1.038,8,12,6,26.6,30.9,24.0,3.2,2.2,13.1,44.0,Standard
2025-02-07 08:00:00,WAN-STM-01,WAN Primary - Facility B - AT&T MPLS,Stamford,outbound,6174.26,3449.12,5467.76,3008.67,1739.84,767634,1.552,8,13,5,25.4,26.8,20.7,1.4,2.2,23.5,61.7,Standard
2025-02-07 13:00:00,WAN-STM-01,WAN Primary - Facility B - AT&T MPLS,Stamford,outbound,9500.0,6657.37,8359.1,6375.9,3042.59,1079939,2.996,44,12,2,36.8,34.0,19.7,4.0,1.2,4.3,95.0,Standard
2025-02-07 16:00:00,WAN-NWK-01,WAN Primary - Facility A - AT&T MPLS,Newark,inbound,2996.72,1832.09,2501.2,1709.83,1046.15,260100,0.824,4,2,0,31.8,32.2,21.0,1.6,2.6,10.8,30.0,Bulk-Transfer
2025-02-07 16:00:00,WAN-NWK-02,WAN Secondary - Facility A - Lumen MPLS,Newark,inbound,2884.95,1773.82,2556.43,1721.45,947.23,315462,0.798,10,3,1,36.5,33.1,16.7,1.2,1.3,11.2,28.8,Real-Time
2025-02-07 16:00:00,WAN-STM-01,WAN Primary - Facility B - AT&T MPLS,Stamford,outbound,5075.87,3336.22,4361.99,3057.3,1651.1,452560,1.501,19,0,2,35.7,23.0,16.2,4.9,2.0,18.2,50.8,Standard
2025-02-07 17:00:00,WAN-STM-01,WAN Primary - Facility B - AT&T MPLS,Stamford,inbound,3298.16,2134.1,2845.23,2125.55,1121.58,274869,0.96,1,2,2,37.7,24.8,19.2,2.6,2.0,13.7,33.0,Business-Critical
2025-02-07 21:00:00,WAN-STM-01,WAN Primary - Facility B - AT&T MPLS,Stamford,inbound,1447.04,877.58,1293.61,762.85,308.54,182713,0.395,4,5,0,34.5,31.0,23.2,2.1,2.4,6.8,14.5,Bulk-Transfer
2025-02-07 22:00:00,WAN-STM-01,WAN Primary - Facility B - AT&T MPLS,Stamford,inbound,1220.35,738.93,1128.2,641.09,276.25,123056,0.333,2,3,0,31.0,32.8,24.7,4.5,2.0,5.0,12.2,Bulk-Transfer
2025-02-07 22:00:00,WAN-STM-01,WAN Primary - Facility B - AT&T MPLS,Stamford,outbound,1797.07,988.03,1479.58,951.26,574.19,211804,0.445,10,0,0,26.1,34.5,21.3,3.6,2.6,11.9,18.0,Business-Critical
2025-02-07 22:00:00,WAN-STM-02,WAN Secondary - Facility B - Lumen MPLS,Stamford,inbound,1401.23,822.65,1249.31,817.15,256.16,119751,0.37,3,1,0,32.3,28.0,20.8,1.3,2.7,14.9,14.0,Bulk-Transfer
2025-02-07 22:00:00,IX-NWK-STM-01,Inter-Facility Dark Fiber Newark-Stamford,Inter-DC,outbound,1913.25,1292.11,1642.37,1190.04,742.56,264726,0.581,2,5,2,36.2,25.1,19.8,1.3,2.7,14.9,19.1,Standard
2025-02-08 00:00:00,WAN-NWK-01,WAN Primary - Facility A - AT&T MPLS,Newark,outbound,2868.54,1599.98,2402.55,1398.14,807.68,268502,0.72,7,3,2,33.6,29.8,17.8,4.2,1.1,13.5,28.7,Real-Time
2025-02-08 00:00:00,WAN-STM-02,WAN Secondary - Facility B - Lumen MPLS,Stamford,inbound,1727.88,1048.06,1547.9,868.02,392.02,226498,0.472,7,5,0,31.9,23.0,21.1,3.3,2.4,18.3,17.3,Real-Time
2025-02-08 02:00:00,WAN-NWK-01,WAN Primary - Facility A - AT&T MPLS,Newark,outbound,2656.33,1430.63,2324.85,1221.9,645.6,292853,0.644,2,8,0,31.6,25.6,15.7,4.5,2.6,20.0,26.6,Business-Critical
2025-02-08 02:00:00,IX-NWK-STM-01,Inter-Facility Dark Fiber Newark-Stamford,Inter-DC,outbound,2409.06,1465.75,2067.8,1229.74,679.88,319705,0.66,5,3,0,38.6,28.9,22.1,3.2,1.8,5.4,24.1,Standard
2025-02-08 03:00:00,WAN-NWK-02,WAN Secondary - Facility A - Lumen MPLS,Newark,inbound,1764.6,920.27,1484.9,916.67,430.42,248812,0.414,1,6,0,37.9,31.6,15.9,2.3,1.1,11.2,17.6,Real-Time
2025-02-08 03:00:00,WAN-STM-02,WAN Secondary - Facility B - Lumen MPLS,Stamford,outbound,2421.06,1689.52,2211.58,1529.02,562.45,328945,0.76,6,2,3,25.0,24.9,24.7,3.0,2.4,20.0,24.2,Bulk-Transfer
2025-02-08 05:00:00,WAN-NWK-01,WAN Primary - Facility A - AT&T MPLS,Newark,outbound,2707.01,1549.48,2422.73,1326.62,609.96,369839,0.697,14,11,3,37.4,34.8,21.5,1.4,1.7,3.2,27.1,Standard
2025-02-08 10:00:00,WAN-STM-02,WAN Secondary - Facility B - Lumen MPLS,Stamford,outbound,2314.5,1367.92,2005.82,1166.34,430.65,294321,0.616,10,3,2,26.1,21.2,23.5,4.1,2.5,22.6,23.1,Business-Critical
2025-02-08 11:00:00,WAN-NWK-01,WAN Primary - Facility A - AT&T MPLS,Newark,outbound,2649.39,1650.49,2402.52,1632.85,612.82,293766,0.743,0,0,2,27.6,23.0,17.2,2.4,2.2,27.6,26.5,Standard
2025-02-08 11:00:00,WAN-STM-01,WAN Primary - Facility B - AT&T MPLS,Stamford,inbound,1894.16,1105.45,1566.41,929.61,427.89,157283,0.497,6,4,0,27.6,32.1,21.9,1.3,2.5,14.6,18.9,Real-Time
2025-02-08 11:00:00,WAN-STM-02,WAN Secondary - Facility B - Lumen MPLS,Stamford,outbound,2434.2,1420.49,2197.32,1378.28,469.65,260392,0.639,3,2,0,38.6,31.4,19.6,4.3,1.8,4.3,24.3,Business-Critical
2025-02-08 11:00:00,IX-NWK-STM-01,Inter-Facility Dark Fiber Newark-Stamford,Inter-DC,inbound,2036.73,1357.58,1735.44,1130.77,460.8,290746,0.611,0,4,1,35.5,27.8,19.0,1.5,2.9,13.3,20.4,Business-Critical
2025-02-08 12:00:00,WAN-NWK-01,WAN Primary - Facility A - AT&T MPLS,Newark,inbound,1992.18,1376.23,1798.29,1262.26,598.2,250430,0.619,7,2,1,25.1,20.2,18.3,3.8,1.4,31.2,19.9,Real-Time
2025-02-08 12:00:00,WAN-NWK-02,WAN Secondary - Facility A - Lumen MPLS,Newark,outbound,2376.81,1556.43,2239.22,1468.95,755.25,246127,0.7,3,7,2,31.2,22.9,18.1,4.2,2.8,20.8,23.8,Real-Time
2025-02-08 13:00:00,WAN-STM-01,WAN Primary - Facility B - AT&T MPLS,Stamford,outbound,2072.29,1124.05,1824.49,973.44,503.91,302617,0.506,6,0,1,34.5,27.7,24.6,1.4,2.9,8.9,20.7,Bulk-Transfer
2025-02-08 14:00:00,WAN-STM-02,WAN Secondary - Facility B - Lumen MPLS,Stamford,inbound,1961.07,1303.3,1670.14,1249.49,511.09,158025,0.586,1,2,1,30.8,32.6,24.0,4.4,2.3,5.9,19.6,Bulk-Transfer
2025-02-08 17:00:00,WAN-STM-02,WAN Secondary - Facility B - Lumen MPLS,Stamford,inbound,1659.36,921.26,1435.25,830.82,466.22,211064,0.415,7,6,2,36.3,29.0,17.5,2.9,1.2,13.1,16.6,Business-Critical
2025-02-08 18:00:00,WAN-STM-01,WAN Primary - Facility B - AT&T MPLS,Stamford,inbound,1802.64,1253.48,1592.39,1100.09,638.24,262399,0.564,9,0,2,31.9,30.7,20.0,4.9,1.8,10.7,18.0,Bulk-Transfer
2025-02-08 19:00:00,WAN-STM-01,WAN Primary - Facility B - AT&T MPLS,Stamford,inbound,1863.27,1068.62,1741.44,884.18,530.94,238940,0.481,1,6,0,32.7,24.1,24.8,4.7,2.1,11.6,18.6,Standard
2025-02-08 19:00:00,WAN-STM-01,WAN Primary - Facility B - AT&T MPLS,Stamford,outbound,2575.25,1663.7,2194.75,1503.21,628.48,300652,0.749,13,3,1,38.4,25.2,23.0,2.2,1.4,9.8,25.8,Real-Time
2025-02-09 02:00:00,WAN-STM-02,WAN Secondary - Facility B - Lumen MPLS,Stamford,outbound,2071.02,1207.14,1795.22,1076.69,722.29,174173,0.543,4,0,1,29.5,26.3,16.8,2.2,1.1,24.1,20.7,Business-Critical
2025-02-09 03:00:00,WAN-NWK-02,WAN Secondary - Facility A - Lumen MPLS,Newark,outbound,2513.57,1334.14,2078.94,1206.07,588.02,207558,0.6,10,6,0,26.1,23.4,22.4,3.4,2.2,22.5,25.1,Business-Critical
2025-02-09 04:00:00,WAN-NWK-01,WAN Primary - Facility A - AT&T MPLS,Newark,inbound,1636.87,1106.19,1388.76,894.52,570.12,131359,0.498,3,2,0,32.7,29.1,20.7,1.9,1.2,14.4,16.4,Standard
2025-02-09 04:00:00,WAN-STM-01,WAN Primary - Facility B - AT&T MPLS,Stamford,inbound,1721.0,1084.4,1456.67,916.15,373.14,207591,0.488,10,0,2,27.1,21.2,20.7,4.8,1.8,24.4,17.2,Bulk-Transfer
2025-02-09 04:00:00,WAN-STM-01,WAN Primary - Facility B - AT&T MPLS,Stamford,outbound,2207.46,1488.21,2069.56,1215.31,451.87,258211,0.67,10,7,0,30.9,30.6,21.9,4.9,1.4,10.3,22.1,Bulk-Transfer
2025-02-09 05:00:00,WAN-NWK-01,WAN Primary - Facility A - AT&T MPLS,Newark,outbound,2388.96,1666.03,1985.9,1333.62,677.37,301604,0.75,4,1,0,35.0,27.8,16.1,1.7,2.2,17.2,23.9,Business-Critical
2025-02-09 06:00:00,WAN-NWK-01,WAN Primary - Facility A - AT&T MPLS,Newark,outbound,2229.68,1581.27,1835.72,1336.52,868.43,191901,0.712,0,5,1,28.9,31.8,18.6,3.8,1.3,15.6,22.3,Bulk-Transfer
2025-02-09 06:00:00,IX-NWK-STM-01,Inter-Facility Dark Fiber Newark-Stamford,Inter-DC,outbound,2615.91,1451.65,2433.2,1301.23,780.71,315494,0.653,13,0,1,25.9,20.7,23.2,3.7,2.9,23.6,26.2,Real-Time
2025-02-09 07:00:00,WAN-NWK-01,WAN Primary - Facility A - AT&T MPLS,Newark,inbound,1742.69,1223.56,1482.73,988.82,404.66,170415,0.551,0,2,1,25.7,24.9,21.2,1.4,2.3,24.5,17.4,Business-Critical
2025-02-09 07:00:00,WAN-NWK-02,WAN Secondary - Facility A - Lumen MPLS,Newark,outbound,2918.35,1681.41,2687.69,1492.3,547.01,395797,0.757,17,7,0,38.5,31.3,19.6,4.4,2.9,3.3,29.2,Bulk-Transfer
2025-02-09 08:00:00,WAN-STM-01,WAN Primary - Facility B - AT&T MPLS,Stamford,inbound,1588.87,879.67,1401.29,816.96,523.66,202042,0.396,0,4,0,26.5,26.4,17.5,4.5,2.0,23.1,15.9,Bulk-Transfer
2025-02-09 08:00:00,WAN-STM-01,WAN Primary - Facility B - AT&T MPLS,Stamford,outbound,2434.83,1582.84,2122.85,1335.0,636.51,361870,0.712,13,1,0,31.6,28.5,23.1,4.1,2.0,10.7,24.3,Business-Critical
2025-02-09 09:00:00,WAN-NWK-02,WAN Secondary - Facility A - Lumen MPLS,Newark,outbound,2321.97,1588.72,2072.86,1471.29,609.39,346601,0.715,8,10,2,34.0,34.2,20.6,2.3,2.7,6.2,23.2,Standard
2025-02-09 09:00:00,IX-NWK-STM-01,Inter-Facility Dark Fiber Newark-Stamford,Inter-DC,outbound,2254.68,1280.04,2059.88,1073.65,639.55,293830,0.576,1,0,1,27.5,21.8,22.0,3.6,2.8,22.3,22.5,Bulk-Transfer
2025-02-09 10:00:00,WAN-STM-01,WAN Primary - Facility B - AT&T MPLS,Stamford,inbound,1985.56,1415.7,1759.78,1193.13,478.92,287005,0.637,3,7,0,34.8,24.7,18.1,1.4,2.2,18.8,19.9,Business-Critical
2025-02-09 10:00:00,WAN-STM-01,WAN Primary - Facility B - AT&T MPLS,Stamford,outbound,2856.84,2048.02,2547.86,1894.09,693.11,383850,0.922,13,6,2,34.5,29.5,20.4,2.7,2.7,10.2,28.6,Real-Time
2025-02-09 11:00:00,WAN-STM-02,WAN Secondary - Facility B - Lumen MPLS,Stamford,outbound,2675.07,1922.32,2518.06,1730.96,809.5,310704,0.865,4,5,0,32.0,31.9,15.6,2.3,1.4,16.8,26.8,Real-Time
2025-02-09 12:00:00,WAN-STM-02,WAN Secondary - Facility B - Lumen MPLS,Stamford,outbound,2574.4,1807.04,2176.83,1638.82,679.7,382609,0.813,13,11,0,36.1,29.1,24.8,4.1,1.8,4.1,25.7,Real-Time
2025-02-09 15:00:00,IX-NWK-STM-01,Inter-Facility Dark Fiber Newark-Stamford,Inter-DC,outbound,2548.17,1330.17,2227.54,1112.05,490.17,372018,0.599,7,0,3,28.4,21.3,19.7,3.9,2.7,24.0,25.5,Business-Critical
2025-02-09 17:00:00,WAN-NWK-02,WAN Secondary - Facility A - Lumen MPLS,Newark,inbound,2037.96,1380.89,1797.92,1165.8,667.66,297981,0.621,14,6,0,36.1,22.6,19.2,2.1,1.6,18.4,20.4,Business-Critical
2025-02-09 18:00:00,WAN-NWK-01,WAN Primary - Facility A - AT&T MPLS,Newark,outbound,2848.81,1779.8,2448.34,1691.2,597.78,263749,0.801,5,7,2,29.1,27.4,18.4,4.3,1.2,19.6,28.5,Bulk-Transfer
2025-02-09 18:00:00,WAN-NWK-02,WAN Secondary - Facility A - Lumen MPLS,Newark,outbound,2745.27,1738.77,2431.72,1599.21,644.89,373243,0.782,15,6,2,30.0,35.0,18.8,3.5,1.7,11.0,27.5,Business-Critical
2025-02-09 18:00:00,WAN-STM-01,WAN Primary - Facility B - AT&T MPLS,Stamford,inbound,1571.92,1088.19,1433.83,1082.52,379.07,179104,0.49,3,0,1,29.1,21.1,16.1,3.8,2.8,27.1,15.7,Real-Time
2025-02-09 18:00:00,WAN-STM-01,WAN Primary - Facility B - AT&T MPLS,Stamford,outbound,2657.0,1798.14,2362.87,1468.42,688.29,282488,0.809,6,7,1,32.8,20.4,20.2,1.0,2.1,23.5,26.6,Standard
2025-02-09 19:00:00,WAN-STM-01,WAN Primary - Facility B - AT&T MPLS,Stamford,inbound,1837.91,996.67,1739.97,809.05,333.87,157379,0.449,7,3,0,39.0,30.4,22.3,3.3,2.1,2.9,18.4,Business-Critical
2025-02-09 19:00:00,IX-NWK-STM-01,Inter-Facility Dark Fiber Newark-Stamford,Inter-DC,outbound,2863.42,2030.84,2593.75,1689.33,628.4,314394,0.914,15,6,2,32.5,31.3,19.6,4.1,1.1,11.4,28.6,Standard
2025-02-09 21:00:00,WAN-STM-02,WAN Secondary - Facility B - Lumen MPLS,Stamford,inbound,2060.94,1471.23,1847.65,1437.72,663.4,255820,0.662,9,6,1,31.9,34.9,20.1,2.6,1.6,8.9,20.6,Business-Critical
2025-02-09 23:00:00,WAN-STM-01,WAN Primary - Facility B - AT&T MPLS,Stamford,inbound,1761.28,1146.41,1659.53,1048.89,367.44,197492,0.516,4,4,0,39.6,27.0,18.4,3.7,2.7,8.6,17.6,Standard
2025-02-10 00:00:00,WAN-NWK-02,WAN Secondary - Facility A - Lumen MPLS,Newark,inbound,728.55,453.13,657.83,431.22,209.81,60967,0.204,3,0,0,29.8,21.6,22.9,2.5,1.1,22.1,7.3,Real-Time
2025-02-10 00:00:00,IX-NWK-STM-01,Inter-Facility Dark Fiber Newark-Stamford,Inter-DC,inbound,906.81,652.26,761.54,602.67,270.45,73832,0.294,1,1,0,39.2,20.7,19.0,3.3,2.3,15.5,9.1,Standard
2025-02-10 02:00:00,WAN-NWK-01,WAN Primary - Facility A - AT&T MPLS,Newark,outbound,1407.1,863.54,1314.29,848.96,481.95,204187,0.389,4,6,0,29.8,21.8,22.2,2.3,1.1,22.8,14.1,Real-Time
2025-02-10 02:00:00,IX-NWK-STM-01,Inter-Facility Dark Fiber Newark-Stamford,Inter-DC,outbound,1001.45,524.97,871.35,466.88,265.97,88393,0.236,0,0,1,32.5,20.8,19.3,3.8,1.1,22.5,10.0,Real-Time
2025-02-10 03:00:00,WAN-NWK-01,WAN Primary - Facility A - AT&T MPLS,Newark,outbound,1118.55,726.77,1046.39,689.58,264.19,111231,0.327,3,1,1,35.9,23.9,17.5,4.8,1.4,16.5,11.2,Real-Time
2025-02-10 04:00:00,WAN-NWK-02,WAN Secondary - Facility A - Lumen MPLS,Newark,inbound,893.18,608.18,809.48,553.41,316.24,77692,0.274,1,2,0,27.3,27.5,17.0,4.2,2.4,21.6,8.9,Standard
2025-02-10 06:00:00,WAN-NWK-02,WAN Secondary - Facility A - Lumen MPLS,Newark,inbound,2270.93,1336.3,2106.62,1309.18,643.03,272487,0.601,0,7,2,28.1,32.7,24.3,1.7,1.0,12.2,22.7,Standard
2025-02-10 10:00:00,VLAN-110-SVR-NWK-091,Production VLAN - SVR-NWK-091 Traffic,Newark,outbound,758.89,318.73,667.82,286.86,127.49,68299,0.143,1,0,0,40.7,29.6,19.3,2.1,1.0,9.5,7.6,Standard
2025-02-10 11:00:00,WAN-NWK-02,WAN Secondary - Facility A - Lumen MPLS,Newark,outbound,9226.09,5880.56,8184.46,5342.58,2744.57,984123,2.646,36,19,6,30.2,20.0,24.9,4.4,2.7,17.8,92.3,Bulk-Transfer
2025-02-10 12:00:00,WAN-NWK-01,WAN Primary - Facility A - AT&T MPLS,Newark,outbound,9500.0,5633.99,8111.59,5089.98,2550.11,964598,2.535,8,16,4,38.9,33.0,18.9,4.3,1.1,3.8,95.0,Real-Time
2025-02-10 12:00:00,WAN-STM-02,WAN Secondary - Facility B - Lumen MPLS,Stamford,outbound,7695.3,5082.22,6789.18,4773.26,1913.76,946063,2.287,34,4,1,25.3,32.4,16.1,1.0,1.2,24.0,77.0,Real-Time
2025-02-10 14:00:00,WAN-NWK-01,WAN Primary - Facility A - AT&T MPLS,Newark,outbound,9500.0,6395.69,8296.19,5665.68,2732.46,1079010,2.878,12,0,10,35.0,30.1,22.3,4.8,2.2,5.6,95.0,Real-Time
2025-02-10 15:00:00,WAN-NWK-02,WAN Secondary - Facility A - Lumen MPLS,Newark,inbound,6307.73,4471.21,5813.27,4151.96,1734.55,656795,2.012,2,9,4,30.6,32.4,17.4,2.1,2.1,15.4,63.1,Real-Time
2025-02-10 15:00:00,WAN-NWK-02,WAN Secondary - Facility A - Lumen MPLS,Newark,outbound,9500.0,5026.32,8668.25,4957.3,2955.56,1033896,2.262,35,20,9,33.6,31.2,22.2,1.9,1.9,9.2,95.0,Bulk-Transfer
2025-02-10 15:00:00,WAN-STM-02,WAN Secondary - Facility B - Lumen MPLS,Stamford,inbound,7086.13,4520.62,6419.61,4055.47,2515.98,638285,2.034,19,12,5,29.4,29.0,17.1,4.2,2.9,17.4,70.9,Standard
2025-02-10 16:00:00,IX-NWK-STM-01,Inter-Facility Dark Fiber Newark-Stamford,Inter-DC,outbound,5379.09,3506.83,5065.78,2865.74,1587.89,722035,1.578,18,3,4,36.7,29.0,20.0,1.7,1.2,11.4,53.8,Real-Time
2025-02-10 18:00:00,WAN-STM-01,WAN Primary - Facility B - AT&T MPLS,Stamford,inbound,2346.71,1386.67,2104.81,1243.69,792.58,340742,0.624,9,1,0,29.9,34.2,17.7,1.1,1.5,15.6,23.5,Real-Time
2025-02-10 21:00:00,WAN-NWK-02,WAN Secondary - Facility A - Lumen MPLS,Newark,outbound,1722.13,1029.65,1580.43,913.61,583.23,178534,0.463,2,5,0,32.2,27.9,16.6,1.1,2.1,20.1,17.2,Real-Time
2025-02-10 23:00:00,WAN-NWK-02,WAN Secondary - Facility A - Lumen MPLS,Newark,inbound,1102.11,725.86,923.65,668.69,363.05,146534,0.327,2,4,0,38.2,25.7,21.8,2.6,2.4,9.3,11.0,Bulk-Transfer
2025-02-10 23:00:00,WAN-STM-01,WAN Primary - Facility B - AT&T MPLS,Stamford,inbound,1193.03,729.47,1012.73,727.96,307.52,172384,0.328,0,3,0,25.3,22.5,21.3,3.2,2.3,25.4,11.9,Standard
2025-02-11 02:00:00,WAN-STM-02,WAN Secondary - Facility B - Lumen MPLS,Stamford,outbound,1164.72,730.94,980.86,634.83,246.7,154106,0.329,7,1,0,34.4,25.5,18.8,3.1,1.6,16.6,11.6,Standard
2025-02-11 04:00:00,WAN-NWK-01,WAN Primary - Facility A - AT&T MPLS,Newark,outbound,1331.25,817.85,1227.73,733.65,444.52,150204,0.368,3,2,1,28.9,21.6,21.8,2.1,2.4,23.2,13.3,Standard
2025-02-11 04:00:00,WAN-STM-01,WAN Primary - Facility B - AT&T MPLS,Stamford,inbound,891.06,570.62,771.6,534.72,331.65,127906,0.257,5,1,1,37.2,22.9,18.8,3.4,2.7,15.0,8.9,Bulk-Transfer
2025-02-11 04:00:00,WAN-STM-02,WAN Secondary - Facility B - Lumen MPLS,Stamford,inbound,968.86,558.31,817.76,505.91,240.3,107369,0.251,4,0,0,29.1,28.0,22.9,1.2,2.7,16.1,9.7,Business-Critical
2025-02-11 04:00:00,IX-NWK-STM-01,Inter-Facility Dark Fiber Newark-Stamford,Inter-DC,outbound,1236.18,839.02,1134.62,721.4,466.19,109339,0.378,3,2,1,34.2,26.7,18.9,1.1,1.1,18.0,12.4,Real-Time
2025-02-11 06:00:00,WAN-STM-02,WAN Secondary - Facility B - Lumen MPLS,Stamford,outbound,3664.1,2377.8,3238.54,1968.78,738.49,366233,1.07,16,0,1,37.1,25.2,20.7,2.1,2.2,12.7,36.6,Standard
2025-02-11 07:00:00,WAN-NWK-02,WAN Secondary - Facility A - Lumen MPLS,Newark,inbound,3331.84,2249.37,2871.24,2044.81,831.32,379518,1.012,3,4,2,32.1,21.1,21.9,1.9,1.1,21.9,33.3,Business-Critical
2025-02-11 07:00:00,WAN-STM-02,WAN Secondary - Facility B - Lumen MPLS,Stamford,outbound,4949.03,2867.46,4397.57,2767.88,1457.47,548089,1.29,12,6,2,34.2,32.8,23.8,3.8,1.4,4.0,49.5,Standard
2025-02-11 08:00:00,WAN-NWK-02,WAN Secondary - Facility A - Lumen MPLS,Newark,inbound,4571.78,2645.15,4026.8,2235.93,956.76,505860,1.19,19,9,5,34.2,33.5,21.5,3.4,2.0,5.4,45.7,Standard
2025-02-11 08:00:00,IX-NWK-STM-01,Inter-Facility Dark Fiber Newark-Stamford,Inter-DC,outbound,7127.0,5060.61,6644.46,4303.26,2937.33,744310,2.277,2,1,7,37.9,33.7,22.2,3.9,2.1,0.2,71.3,Business-Critical
2025-02-11 09:00:00,WAN-NWK-02,WAN Secondary - Facility A - Lumen MPLS,Newark,outbound,8571.23,5459.14,8000.89,5195.67,2178.47,1186068,2.457,31,22,10,28.6,25.3,24.1,1.4,2.7,17.9,85.7,Bulk-Transfer
2025-02-11 10:00:00,WAN-NWK-02,WAN Secondary - Facility A - Lumen MPLS,Newark,outbound,9500.0,6767.9,8059.37,5545.75,4028.33,1348243,3.046,4,4,6,29.1,26.3,17.0,2.4,1.6,23.6,95.0,Business-Critical
2025-02-11 10:00:00,WAN-STM-01,WAN Primary - Facility B - AT&T MPLS,Stamford,inbound,7520.21,5202.59,7088.28,5044.62,2472.5,658853,2.341,16,15,4,29.8,24.9,17.8,4.2,3.0,20.3,75.2,Bulk-Transfer
2025-02-11 12:00:00,WAN-NWK-02,WAN Secondary - Facility A - Lumen MPLS,Newark,inbound,5270.5,3413.17,4598.42,3044.96,1644.99,484518,1.536,0,1,2,32.1,22.5,18.1,3.8,2.2,21.3,52.7,Real-Time
2025-02-11 12:00:00,IX-NWK-STM-01,Inter-Facility Dark Fiber Newark-Stamford,Inter-DC,inbound,5751.89,3273.73,5461.42,2810.74,1899.13,826646,1.473,22,20,4,35.4,34.0,18.2,2.8,1.1,8.5,57.5,Real-Time
2025-02-11 14:00:00,IX-NWK-STM-01,Inter-Facility Dark Fiber Newark-Stamford,Inter-DC,outbound,9320.89,5018.21,8779.95,4079.81,1726.26,966895,2.258,10,9,2,28.1,20.2,24.6,2.8,2.2,22.1,93.2,Bulk-Transfer
2025-02-11 16:00:00,WAN-NWK-01,WAN Primary - Facility A - AT&T MPLS,Newark,outbound,5638.78,3830.16,4938.43,3736.99,1937.89,741067,1.724,33,17,6,31.2,33.8,22.3,4.8,1.1,6.8,56.4,Standard
2025-02-11 18:00:00,IX-NWK-STM-01,Inter-Facility Dark Fiber Newark-Stamford,Inter-DC,outbound,3636.93,2122.82,3300.45,1927.25,1023.81,513254,0.955,5,13,3,31.9,32.7,23.7,2.4,1.9,7.4,36.4,Bulk-Transfer
2025-02-11 19:00:00,WAN-STM-01,WAN Primary - Facility B - AT&T MPLS,Stamford,outbound,3068.86,1999.3,2568.59,1678.55,749.48,313983,0.9,4,6,2,30.1,23.4,18.0,2.0,1.5,25.0,30.7,Bulk-Transfer
2025-02-11 19:00:00,IX-NWK-STM-01,Inter-Facility Dark Fiber Newark-Stamford,Inter-DC,inbound,2064.32,1299.54,1827.2,1268.93,426.71,294792,0.585,5,0,2,34.6,23.8,16.6,3.8,1.0,20.2,20.6,Bulk-Transfer
2025-02-11 23:00:00,WAN-NWK-01,WAN Primary - Facility A - AT&T MPLS,Newark,outbound,2033.42,1098.67,1749.96,1025.21,646.86,193711,0.494,3,1,0,27.6,29.6,22.9,3.0,2.8,14.1,20.3,Real-Time
2025-02-12 00:00:00,WAN-NWK-02,WAN Secondary - Facility A - Lumen MPLS,Newark,outbound,1402.24,787.89,1308.19,739.5,273.1,122273,0.355,1,3,0,33.2,22.0,24.7,2.2,2.8,15.1,14.0,Business-Critical
2025-02-12 05:00:00,WAN-STM-02,WAN Secondary - Facility B - Lumen MPLS,Stamford,outbound,995.43,600.03,875.92,527.7,265.92,101033,0.27,2,1,0,39.8,24.8,24.5,4.9,2.8,3.2,10.0,Business-Critical
2025-02-12 06:00:00,WAN-STM-01,WAN Primary - Facility B - AT&T MPLS,Stamford,outbound,2873.85,1712.71,2673.2,1588.19,808.2,271488,0.771,1,2,1,34.3,29.1,17.2,1.5,2.2,15.7,28.7,Business-Critical
2025-02-12 07:00:00,WAN-NWK-01,WAN Primary - Facility A - AT&T MPLS,Newark,outbound,5265.06,3323.94,4890.16,2701.9,1351.26,713506,1.496,20,5,2,28.5,20.6,18.7,3.0,1.5,27.7,52.7,Bulk-Transfer
2025-02-12 08:00:00,IX-NWK-STM-01,Inter-Facility Dark Fiber Newark-Stamford,Inter-DC,outbound,6962.8,4230.09,6527.08,3957.92,1738.17,876095,1.904,16,2,1,33.5,22.3,15.5,5.0,2.5,21.2,69.6,Real-Time
2025-02-12 09:00:00,VLAN-110-SVR-NWK-089,Production VLAN - SVR-NWK-089 Traffic,Newark,inbound,341.39,184.56,300.43,166.1,73.82,30725,0.083,1,1,0,41.8,26.8,14.9,1.1,1.5,7.3,3.4,Standard
2025-02-12 10:00:00,IX-NWK-STM-01,Inter-Facility Dark Fiber Newark-Stamford,Inter-DC,inbound,6067.07,3452.59,5089.62,3308.25,1583.26,862081,1.554,11,3,5,28.6,25.9,19.5,3.6,2.1,20.3,60.7,Real-Time
2025-02-12 12:00:00,WAN-STM-01,WAN Primary - Facility B - AT&T MPLS,Stamford,outbound,9500.0,6459.27,8497.38,5469.36,2773.3,1033243,2.907,30,25,6,28.6,24.9,16.4,1.2,2.1,26.8,95.0,Business-Critical
2025-02-12 12:00:00,IX-NWK-STM-01,Inter-Facility Dark Fiber Newark-Stamford,Inter-DC,inbound,7670.36,4561.88,6449.94,3853.41,2237.1,999163,2.053,5,2,8,30.3,34.8,16.9,2.6,2.8,12.6,76.7,Bulk-Transfer
2025-02-12 13:00:00,WAN-STM-02,WAN Secondary - Facility B - Lumen MPLS,Stamford,outbound,9099.17,5899.72,7562.22,5269.99,3230.69,1018377,2.655,9,13,4,32.0,28.9,23.7,3.1,3.0,9.3,91.0,Business-Critical
2025-02-12 14:00:00,VLAN-110-SVR-NWK-089,Production VLAN - SVR-NWK-089 Traffic,Newark,outbound,720.67,451.81,634.19,406.63,180.72,64860,0.203,0,0,0,44.4,40.0,13.8,3.0,0.5,6.2,7.2,Standard
2025-02-12 16:00:00,WAN-STM-01,WAN Primary - Facility B - AT&T MPLS,Stamford,inbound,3617.77,2488.56,2984.24,2300.48,1042.44,337379,1.12,5,6,2,34.7,24.6,18.7,4.5,1.0,16.5,36.2,Business-Critical
2025-02-12 20:00:00,WAN-STM-02,WAN Secondary - Facility B - Lumen MPLS,Stamford,outbound,2061.24,1258.62,1749.06,1216.6,623.56,168136,0.566,2,3,0,27.0,31.6,15.7,3.4,2.7,19.6,20.6,Business-Critical
2025-02-12 20:00:00,IX-NWK-STM-01,Inter-Facility Dark Fiber Newark-Stamford,Inter-DC,inbound,1101.5,678.99,988.46,560.67,227.67,127000,0.306,1,3,0,25.9,22.2,23.0,3.3,1.2,24.4,11.0,Business-Critical
2025-02-12 22:00:00,WAN-NWK-01,WAN Primary - Facility A - AT&T MPLS,Newark,inbound,1333.8,792.48,1258.37,663.28,267.34,127787,0.357,6,1,1,26.2,30.0,20.5,2.0,1.4,19.9,13.3,Bulk-Transfer
2025-02-12 22:00:00,WAN-STM-02,WAN Secondary - Facility B - Lumen MPLS,Stamford,outbound,1611.79,1147.26,1344.51,925.06,679.72,149481,0.516,2,1,0,26.2,27.0,20.4,3.5,2.0,20.9,16.1,Standard
2025-02-12 23:00:00,WAN-NWK-02,WAN Secondary - Facility A - Lumen MPLS,Newark,outbound,1516.58,938.88,1307.3,929.12,509.35,126805,0.422,3,3,0,37.4,29.8,22.1,3.6,1.5,5.6,15.2,Business-Critical
2025-02-13 00:00:00,WAN-STM-01,WAN Primary - Facility B - AT&T MPLS,Stamford,outbound,1408.0,830.19,1327.38,747.09,395.07,185932,0.374,1,2,1,37.7,27.0,23.9,2.2,2.3,6.9,14.1,Business-Critical
2025-02-13 00:00:00,IX-NWK-STM-01,Inter-Facility Dark Fiber Newark-Stamford,Inter-DC,outbound,1149.8,654.03,1005.53,528.9,214.79,140117,0.294,1,0,0,36.6,23.0,20.9,1.4,2.2,15.9,11.5,Bulk-Transfer
2025-02-13 01:00:00,WAN-NWK-01,WAN Primary - Facility A - AT&T MPLS,Newark,inbound,947.78,603.92,780.55,598.39,320.91,86119,0.272,4,1,0,32.0,31.5,20.5,2.6,2.0,11.4,9.5,Standard
2025-02-13 03:00:00,WAN-NWK-01,WAN Primary - Facility A - AT&T MPLS,Newark,outbound,1275.93,806.89,1196.53,798.63,390.77,159032,0.363,7,4,1,28.4,22.6,18.6,2.4,1.4,26.6,12.8,Business-Critical
2025-02-13 03:00:00,IX-NWK-STM-01,Inter-Facility Dark Fiber Newark-Stamford,Inter-DC,outbound,1213.01,678.52,1107.49,600.11,217.7,139639,0.305,1,4,1,33.0,24.0,19.2,5.0,1.4,17.4,12.1,Bulk-Transfer
2025-02-13 04:00:00,WAN-STM-02,WAN Secondary - Facility B - Lumen MPLS,Stamford,outbound,996.27,623.48,885.96,582.46,199.32,83836,0.281,4,2,1,39.1,26.7,19.0,3.9,1.1,10.2,10.0,Bulk-Transfer
2025-02-13 05:00:00,IX-NWK-STM-01,Inter-Facility Dark Fiber Newark-Stamford,Inter-DC,inbound,718.37,514.27,629.94,507.04,191.62,61876,0.231,0,0,0,32.6,31.3,23.8,2.4,2.9,7.0,7.2,Business-Critical
2025-02-13 12:00:00,WAN-STM-01,WAN Primary - Facility B - AT&T MPLS,Stamford,inbound,8880.84,5402.68,7306.81,5009.3,2633.92,1284983,2.431,9,21,3,38.8,20.0,17.8,2.4,1.6,19.4,88.8,Standard
2025-02-13 14:00:00,WAN-STM-01,WAN Primary - Facility B - AT&T MPLS,Stamford,inbound,9500.0,5224.33,8663.84,4465.78,1749.33,1417348,2.351,58,8,8,34.7,24.5,19.2,2.0,1.6,18.0,95.0,Business-Critical
2025-02-13 14:00:00,VLAN-120-SVR-STM-042,Production VLAN - SVR-STM-042 Traffic,Stamford,inbound,192.03,83.55,168.98,75.2,33.42,17282,0.038,0,0,0,35.5,33.1,15.8,2.8,1.4,8.6,1.9,Standard
2025-02-13 15:00:00,WAN-STM-01,WAN Primary - Facility B - AT&T MPLS,Stamford,inbound,5805.69,3656.04,4951.83,2954.89,1796.75,682774,1.645,34,10,4,35.7,34.9,20.1,1.9,1.4,6.0,58.1,Bulk-Transfer
2025-02-13 15:00:00,VLAN-110-SVR-NWK-091,Production VLAN - SVR-NWK-091 Traffic,Newark,inbound,687.29,402.65,604.82,362.38,161.06,61856,0.181,0,0,0,36.7,26.4,10.1,2.8,1.7,5.3,6.9,Standard
2025-02-13 16:00:00,IX-NWK-STM-01,Inter-Facility Dark Fiber Newark-Stamford,Inter-DC,inbound,3661.58,2503.33,3252.07,2192.65,1129.78,330919,1.126,8,3,3,38.0,21.0,22.9,2.0,1.9,14.2,36.6,Bulk-Transfer
2025-02-13 18:00:00,WAN-STM-01,WAN Primary - Facility B - AT&T MPLS,Stamford,inbound,2180.51,1519.86,1901.0,1470.57,803.32,320456,0.684,2,0,3,34.7,33.2,24.9,3.5,2.0,1.7,21.8,Business-Critical
2025-02-13 19:00:00,WAN-STM-01,WAN Primary - Facility B - AT&T MPLS,Stamford,outbound,2883.53,1988.14,2613.94,1980.41,1187.85,279158,0.895,0,3,2,31.3,28.9,16.5,3.0,2.8,17.5,28.8,Bulk-Transfer
2025-02-13 19:00:00,IX-NWK-STM-01,Inter-Facility Dark Fiber Newark-Stamford,Inter-DC,inbound,2201.08,1364.81,1970.45,1142.3,478.79,239721,0.614,2,4,1,33.1,28.4,21.5,3.3,1.4,12.3,22.0,Business-Critical
2025-02-13 20:00:00,WAN-NWK-01,WAN Primary - Facility A - AT&T MPLS,Newark,outbound,1591.29,1059.97,1307.86,945.95,425.08,218914,0.477,8,3,2,40.0,28.7,17.2,3.2,1.5,9.4,15.9,Standard
2025-02-13 20:00:00,WAN-NWK-02,WAN Secondary - Facility A - Lumen MPLS,Newark,inbound,1250.43,888.99,1133.46,727.79,448.93,182541,0.4,8,1,1,39.7,27.3,21.3,2.8,2.5,6.4,12.5,Standard
2025-02-13 21:00:00,WAN-NWK-01,WAN Primary - Facility A - AT&T MPLS,Newark,outbound,1917.03,1145.82,1758.52,1100.66,443.66,194689,0.516,8,0,0,36.2,21.6,24.5,4.7,2.8,10.2,19.2,Bulk-Transfer
2025-02-13 22:00:00,IX-NWK-STM-01,Inter-Facility Dark Fiber Newark-Stamford,Inter-DC,inbound,1260.46,708.13,1160.74,685.37,327.21,135004,0.319,0,0,1,39.2,28.9,19.7,3.4,1.0,7.8,12.6,Real-Time
2025-02-13 23:00:00,WAN-NWK-02,WAN Secondary - Facility A - Lumen MPLS,Newark,inbound,1214.06,767.69,1043.71,767.07,349.0,170099,0.345,2,1,0,31.4,24.4,15.4,3.4,1.8,23.6,12.1,Business-Critical
2025-02-14 00:00:00,WAN-STM-02,WAN Secondary - Facility B - Lumen MPLS,Stamford,inbound,802.42,479.9,742.48,415.45,192.14,84822,0.216,2,1,1,30.3,22.4,18.7,4.5,2.9,21.2,8.0,Standard
2025-02-14 01:00:00,WAN-NWK-01,WAN Primary - Facility A - AT&T MPLS,Newark,outbound,1227.43,823.51,1047.18,730.86,390.17,167632,0.371,2,1,1,35.1,32.2,23.3,1.2,1.2,7.0,12.3,Standard
2025-02-14 01:00:00,WAN-STM-02,WAN Secondary - Facility B - Lumen MPLS,Stamford,inbound,814.42,550.48,686.02,451.04,309.47,108907,0.248,4,3,1,33.8,34.4,16.9,1.8,2.5,10.6,8.1,Business-Critical
2025-02-14 02:00:00,WAN-NWK-01,WAN Primary - Facility A - AT&T MPLS,Newark,outbound,1109.0,623.62,1022.79,579.93,280.0,90365,0.281,0,2,0,33.6,24.5,19.5,1.5,1.0,19.9,11.1,Business-Critical
2025-02-14 03:00:00,WAN-NWK-01,WAN Primary - Facility A - AT&T MPLS,Newark,outbound,1303.77,760.28,1192.28,749.57,342.41,134185,0.342,2,1,1,34.1,28.4,17.3,1.1,2.9,16.2,13.0,Bulk-Transfer
2025-02-14 05:00:00,WAN-NWK-02,WAN Secondary - Facility A - Lumen MPLS,Newark,inbound,891.22,484.47,778.18,465.11,283.54,83334,0.218,3,0,0,36.4,34.1,22.9,4.7,2.5,0,8.9,Business-Critical
2025-02-14 05:00:00,WAN-STM-01,WAN Primary - Facility B - AT&T MPLS,Stamford,inbound,935.34,577.78,814.16,517.42,198.84,105745,0.26,2,2,1,31.6,27.8,23.4,1.9,1.3,14.0,9.4,Business-Critical
2025-02-14 08:00:00,WAN-STM-02,WAN Secondary - Facility B - Lumen MPLS,Stamford,outbound,7050.1,4478.04,6632.43,3903.74,2224.54,591813,2.015,6,13,5,39.2,26.3,24.7,2.4,3.0,4.4,70.5,Bulk-Transfer
2025-02-14 09:00:00,WAN-NWK-01,WAN Primary - Facility A - AT&T MPLS,Newark,outbound,8853.13,6311.05,8131.05,6108.21,2381.26,1015939,2.84,8,19,3,40.0,30.6,20.4,4.7,2.5,1.8,88.5,Standard
2025-02-14 09:00:00,WAN-NWK-02,WAN Secondary - Facility A - Lumen MPLS,Newark,inbound,5706.36,3047.68,5011.2,2897.05,1740.43,784800,1.371,33,11,7,38.7,22.2,21.3,4.0,2.3,11.5,57.1,Bulk-Transfer
2025-02-14 10:00:00,IX-NWK-STM-01,Inter-Facility Dark Fiber Newark-Stamford,Inter-DC,inbound,7308.96,3965.92,6833.53,3238.77,1474.96,690922,1.785,27,10,4,38.1,25.9,17.5,1.2,2.9,14.4,73.1,Business-Critical
2025-02-14 11:00:00,WAN-STM-01,WAN Primary - Facility B - AT&T MPLS,Stamford,outbound,9500.0,6444.87,8255.16,5430.78,2391.62,1384229,2.9,48,39,4,28.9,21.8,24.9,3.8,2.4,18.2,95.0,Real-Time
2025-02-14 11:00:00,IX-NWK-STM-01,Inter-Facility Dark Fiber Newark-Stamford,Inter-DC,inbound,7713.8,4313.09,7063.16,3591.54,2241.07,1056837,1.941,12,30,10,34.3,29.7,24.4,4.4,2.0,5.2,77.1,Standard
2025-02-14 12:00:00,WAN-NWK-02,WAN Secondary - Facility A - Lumen MPLS,Newark,inbound,7532.69,5404.0,6530.98,5319.32,2860.65,645617,2.432,9,3,6,38.7,30.7,18.6,3.3,2.7,6.0,75.3,Business-Critical
2025-02-14 12:00:00,WAN-STM-02,WAN Secondary - Facility B - Lumen MPLS,Stamford,outbound,9500.0,6776.06,8545.54,6526.8,3540.5,1102509,3.049,38,21,4,36.5,26.8,17.5,3.2,2.9,13.1,95.0,Business-Critical
2025-02-14 12:00:00,IX-NWK-STM-01,Inter-Facility Dark Fiber Newark-Stamford,Inter-DC,inbound,6122.95,4263.46,5276.01,4241.31,2506.29,638815,1.919,6,9,3,37.8,29.5,16.5,1.2,2.7,12.3,61.2,Real-Time
2025-02-14 14:00:00,WAN-STM-02,WAN Secondary - Facility B - Lumen MPLS,Stamford,outbound,9500.0,5493.15,8806.97,5083.21,1871.18,1329896,2.472,65,38,11,39.7,27.7,16.2,3.5,1.9,11.0,95.0,Standard
2025-02-14 15:00:00,WAN-STM-01,WAN Primary - Facility B - AT&T MPLS,Stamford,inbound,5107.25,3445.5,4595.99,3221.15,1119.76,681094,1.55,0,9,6,30.6,32.4,17.8,1.7,2.1,15.4,51.1,Real-Time
2025-02-14 16:00:00,WAN-NWK-02,WAN Secondary - Facility A - Lumen MPLS,Newark,inbound,2894.44,2006.08,2513.43,1744.42,726.89,288762,0.903,7,0,0,39.1,28.3,16.1,2.4,1.6,12.5,28.9,Standard
2025-02-14 16:00:00,WAN-NWK-02,WAN Secondary - Facility A - Lumen MPLS,Newark,outbound,5633.68,3051.12,4845.55,2558.11,1209.99,812265,1.373,20,3,2,26.0,26.3,17.5,4.5,1.6,24.1,56.3,Bulk-Transfer
2025-02-14 16:00:00,WAN-STM-02,WAN Secondary - Facility B - Lumen MPLS,Stamford,inbound,2792.64,1549.42,2300.93,1270.4,582.58,417329,0.697,9,11,4,38.8,31.2,18.7,4.6,1.6,5.1,27.9,Real-Time
2025-02-14 17:00:00,WAN-STM-01,WAN Primary - Facility B - AT&T MPLS,Stamford,inbound,2557.57,1383.68,2280.81,1356.92,451.97,303371,0.623,5,3,1,27.6,20.2,22.3,4.2,2.0,23.7,25.6,Business-Critical
2025-02-14 17:00:00,WAN-STM-02,WAN Secondary - Facility B - Lumen MPLS,Stamford,outbound,3667.63,2281.33,3251.82,2195.24,1221.57,305101,1.027,13,1,0,36.7,29.1,19.6,2.6,2.1,9.9,36.7,Standard
2025-02-14 19:00:00,WAN-NWK-01,WAN Primary - Facility A - AT&T MPLS,Newark,inbound,2110.68,1137.82,1746.67,930.19,377.16,290290,0.512,9,4,0,28.5,32.6,20.1,4.5,2.8,11.5,21.1,Real-Time
2025-02-14 20:00:00,WAN-NWK-02,WAN Secondary - Facility A - Lumen MPLS,Newark,inbound,1061.24,558.79,956.52,517.38,264.61,88567,0.251,3,1,0,32.0,25.8,18.4,3.5,1.3,19.0,10.6,Business-Critical
2025-02-14 20:00:00,WAN-STM-02,WAN Secondary - Facility B - Lumen MPLS,Stamford,inbound,1260.0,801.29,1042.44,760.96,392.07,188265,0.361,2,2,0,25.7,29.3,23.0,4.7,2.1,15.2,12.6,Standard
2025-02-14 21:00:00,WAN-NWK-02,WAN Secondary - Facility A - Lumen MPLS,Newark,outbound,1705.75,1072.52,1546.54,859.43,349.95,183572,0.483,6,1,1,27.7,33.0,21.2,1.3,2.2,14.6,17.1,Bulk-Transfer
2025-02-14 21:00:00,IX-NWK-STM-01,Inter-Facility Dark Fiber Newark-Stamford,Inter-DC,inbound,1086.73,648.68,1031.53,626.36,374.91,110199,0.292,4,2,1,29.9,26.8,15.5,2.8,1.9,23.1,10.9,Real-Time
2025-02-14 22:00:00,WAN-NWK-01,WAN Primary - Facility A - AT&T MPLS,Newark,outbound,1564.99,873.19,1292.12,741.89,443.44,226339,0.393,6,1,1,26.0,20.2,23.8,2.9,2.2,24.9,15.6,Standard
2025-02-15 02:00:00,IX-NWK-STM-01,Inter-Facility Dark Fiber Newark-Stamford,Inter-DC,outbound,2779.4,1815.33,2327.24,1518.14,862.97,283952,0.817,11,4,1,29.2,20.9,18.6,3.4,2.1,25.8,27.8,Bulk-Transfer
2025-02-15 03:00:00,WAN-STM-02,WAN Secondary - Facility B - Lumen MPLS,Stamford,inbound,2045.95,1311.96,1915.9,1234.39,484.06,186641,0.59,3,1,0,34.2,30.7,23.2,3.0,2.6,6.3,20.5,Standard
2025-02-15 05:00:00,WAN-NWK-01,WAN Primary - Facility A - AT&T MPLS,Newark,inbound,1584.42,905.94,1469.76,813.39,488.9,202827,0.408,1,2,0,29.1,31.1,20.3,3.1,1.6,14.8,15.8,Real-Time
2025-02-15 05:00:00,WAN-NWK-02,WAN Secondary - Facility A - Lumen MPLS,Newark,inbound,1792.38,1225.21,1637.35,1162.09,674.47,163789,0.551,3,2,0,32.2,34.2,15.3,1.4,1.5,15.4,17.9,Real-Time
2025-02-15 07:00:00,WAN-STM-01,WAN Primary - Facility B - AT&T MPLS,Stamford,outbound,2442.3,1443.15,2174.58,1218.84,447.43,321204,0.649,2,7,3,35.7,21.4,19.0,1.2,2.9,19.8,24.4,Standard
2025-02-15 07:00:00,WAN-STM-02,WAN Secondary - Facility B - Lumen MPLS,Stamford,outbound,2407.1,1333.17,2184.95,1262.29,647.9,310686,0.6,6,6,1,40.0,30.6,22.2,2.0,1.9,3.3,24.1,Standard
2025-02-15 07:00:00,IX-NWK-STM-01,Inter-Facility Dark Fiber Newark-Stamford,Inter-DC,inbound,1659.43,1099.07,1569.46,965.51,602.55,199297,0.495,3,2,0,32.5,23.6,16.6,1.9,1.9,23.5,16.6,Business-Critical
2025-02-15 08:00:00,WAN-STM-02,WAN Secondary - Facility B - Lumen MPLS,Stamford,outbound,2500.91,1749.42,2217.97,1496.21,817.8,354826,0.787,10,8,0,39.2,32.9,18.7,4.5,2.2,2.5,25.0,Business-Critical
2025-02-15 09:00:00,WAN-NWK-02,WAN Secondary - Facility A - Lumen MPLS,Newark,inbound,1908.64,1016.81,1685.19,872.43,508.51,207404,0.458,2,4,2,33.5,31.4,24.8,1.4,1.4,7.5,19.1,Real-Time
2025-02-15 09:00:00,WAN-STM-01,WAN Primary - Facility B - AT&T MPLS,Stamford,inbound,1591.65,1043.38,1343.23,886.71,557.98,193431,0.47,4,3,1,32.1,26.6,18.3,3.1,1.6,18.3,15.9,Bulk-Transfer
2025-02-15 09:00:00,IX-NWK-STM-01,Inter-Facility Dark Fiber Newark-Stamford,Inter-DC,outbound,2599.71,1473.44,2164.48,1303.02,812.65,229718,0.663,11,0,2,26.4,26.8,17.3,2.6,2.7,24.2,26.0,Standard
2025-02-15 11:00:00,WAN-NWK-01,WAN Primary - Facility A - AT&T MPLS,Newark,inbound,1809.58,1206.96,1525.65,1063.62,675.52,248314,0.543,11,1,1,35.0,23.4,20.8,4.2,1.2,15.4,18.1,Bulk-Transfer
2025-02-15 11:00:00,IX-NWK-STM-01,Inter-Facility Dark Fiber Newark-Stamford,Inter-DC,inbound,2030.76,1456.48,1777.19,1452.36,750.48,238126,0.655,9,3,0,36.8,32.8,21.8,2.9,1.2,4.5,20.3,Business-Critical
2025-02-15 12:00:00,WAN-STM-01,WAN Primary - Facility B - AT&T MPLS,Stamford,inbound,2011.08,1383.73,1679.7,1119.97,780.81,301186,0.623,6,1,0,28.6,21.7,15.6,3.3,1.7,29.1,20.1,Standard
2025-02-15 13:00:00,IX-NWK-STM-01,Inter-Facility Dark Fiber Newark-Stamford,Inter-DC,inbound,1929.34,1041.52,1792.06,953.97,346.57,231334,0.469,10,4,2,26.0,23.7,17.3,4.9,1.8,26.3,19.3,Standard
2025-02-15 21:00:00,WAN-STM-02,WAN Secondary - Facility B - Lumen MPLS,Stamford,outbound,2188.17,1447.45,1795.65,1241.92,795.88,267941,0.651,3,1,0,28.6,33.5,21.0,3.6,2.0,11.3,21.9,Business-Critical
2025-02-15 21:00:00,IX-NWK-STM-01,Inter-Facility Dark Fiber Newark-Stamford,Inter-DC,inbound,1673.47,1031.86,1442.48,1001.18,389.63,236997,0.464,2,5,0,29.2,20.8,16.0,4.0,2.0,28.0,16.7,Business-Critical
2025-02-16 03:00:00,WAN-NWK-02,WAN Secondary - Facility A - Lumen MPLS,Newark,outbound,2384.7,1417.02,2061.17,1394.88,448.53,344354,0.638,1,4,0,35.7,32.1,19.0,4.8,1.5,6.9,23.8,Bulk-Transfer
2025-02-16 04:00:00,WAN-STM-02,WAN Secondary - Facility B - Lumen MPLS,Stamford,inbound,1452.16,989.22,1308.69,801.87,396.35,207523,0.445,9,3,2,27.1,32.6,15.6,3.0,2.4,19.3,14.5,Business-Critical
2025-02-16 07:00:00,WAN-STM-02,WAN Secondary - Facility B - Lumen MPLS,Stamford,inbound,1904.27,1209.36,1620.01,1165.8,554.86,203850,0.544,4,4,2,31.2,28.4,16.3,1.4,1.4,21.3,19.0,Business-Critical
2025-02-16 08:00:00,WAN-NWK-02,WAN Secondary - Facility A - Lumen MPLS,Newark,outbound,2210.71,1286.03,2042.95,1281.41,470.6,284510,0.579,12,8,2,28.9,28.4,16.5,4.4,1.8,20.0,22.1,Real-Time
2025-02-16 09:00:00,WAN-STM-01,WAN Primary - Facility B - AT&T MPLS,Stamford,outbound,2451.75,1352.88,2227.99,1263.58,676.53,246747,0.609,2,1,2,32.3,32.4,16.7,1.3,1.8,15.5,24.5,Standard
2025-02-16 09:00:00,WAN-STM-02,WAN Secondary - Facility B - Lumen MPLS,Stamford,outbound,2212.19,1491.09,2024.43,1245.49,862.59,295582,0.671,1,5,0,39.0,23.9,15.7,2.5,1.1,17.8,22.1,Business-Critical
2025-02-16 12:00:00,WAN-NWK-01,WAN Primary - Facility A - AT&T MPLS,Newark,inbound,1459.43,995.02,1349.29,822.09,566.38,206582,0.448,10,0,2,32.0,23.4,22.6,2.8,1.8,17.4,14.6,Business-Critical
2025-02-16 12:00:00,WAN-NWK-02,WAN Secondary - Facility A - Lumen MPLS,Newark,outbound,2592.63,1802.04,2241.66,1654.69,875.64,219377,0.811,3,3,2,38.1,32.6,21.9,3.6,2.0,1.8,25.9,Bulk-Transfer
2025-02-16 13:00:00,WAN-STM-02,WAN Secondary - Facility B - Lumen MPLS,Stamford,outbound,2231.09,1289.64,2092.35,1052.48,417.5,186238,0.58,4,5,0,34.1,23.4,23.6,2.5,2.6,13.8,22.3,Business-Critical
2025-02-16 14:00:00,WAN-NWK-02,WAN Secondary - Facility A - Lumen MPLS,Newark,outbound,2665.39,1707.99,2309.33,1497.55,544.08,365713,0.769,10,4,0,38.1,34.8,23.0,1.6,2.8,0,26.7,Standard
2025-02-16 15:00:00,WAN-NWK-01,WAN Primary - Facility A - AT&T MPLS,Newark,inbound,1485.08,986.53,1293.78,790.45,515.69,170356,0.444,8,4,0,27.9,34.5,16.1,4.6,3.0,13.9,14.9,Real-Time
2025-02-16 15:00:00,WAN-NWK-02,WAN Secondary - Facility A - Lumen MPLS,Newark,inbound,1497.98,915.85,1299.34,889.6,316.77,140596,0.412,6,1,0,28.8,22.2,17.5,3.8,2.0,25.7,15.0,Business-Critical
2025-02-16 16:00:00,WAN-NWK-01,WAN Primary - Facility A - AT&T MPLS,Newark,outbound,2921.9,1699.74,2651.9,1547.43,1016.7,342187,0.765,6,6,1,27.2,20.9,21.8,3.8,1.6,24.7,29.2,Bulk-Transfer
2025-02-16 17:00:00,WAN-STM-02,WAN Secondary - Facility B - Lumen MPLS,Stamford,inbound,1542.6,866.38,1428.12,832.21,358.33,176697,0.39,7,1,0,37.4,28.0,15.5,3.3,2.3,13.5,15.4,Standard
2025-02-16 17:00:00,WAN-STM-02,WAN Secondary - Facility B - Lumen MPLS,Stamford,outbound,2894.81,1888.01,2464.99,1819.42,693.07,247524,0.85,3,1,1,38.5,20.4,18.5,1.3,2.9,18.4,28.9,Real-Time
2025-02-16 18:00:00,IX-NWK-STM-01,Inter-Facility Dark Fiber Newark-Stamford,Inter-DC,outbound,2282.03,1316.54,2022.31,1302.88,683.76,266931,0.592,7,1,0,37.4,34.6,23.0,4.6,2.7,0,22.8,Real-Time
2025-02-16 19:00:00,WAN-NWK-01,WAN Primary - Facility A - AT&T MPLS,Newark,inbound,1795.59,1247.34,1598.97,1011.65,642.5,264821,0.561,1,4,1,33.3,30.9,15.4,3.1,2.7,14.6,18.0,Real-Time
2025-02-16 21:00:00,WAN-NWK-01,WAN Primary - Facility A - AT&T MPLS,Newark,inbound,1798.99,939.63,1592.08,771.79,414.47,165771,0.423,2,3,0,28.6,24.0,18.4,3.2,2.0,23.8,18.0,Bulk-Transfer
2025-02-16 23:00:00,WAN-NWK-02,WAN Secondary - Facility A - Lumen MPLS,Newark,inbound,1683.69,961.73,1582.22,960.53,479.05,225304,0.433,6,4,0,39.2,34.5,22.2,3.5,2.7,0,16.8,Standard
2025-02-17 00:00:00,WAN-NWK-01,WAN Primary - Facility A - AT&T MPLS,Newark,inbound,739.34,431.86,651.31,351.29,163.67,99408,0.194,3,1,1,30.8,20.8,15.9,4.6,1.2,26.7,7.4,Business-Critical
2025-02-17 00:00:00,WAN-NWK-02,WAN Secondary - Facility A - Lumen MPLS,Newark,outbound,1244.36,648.42,1021.99,599.78,291.49,164950,0.292,5,4,1,38.4,30.4,17.7,2.1,1.6,9.8,12.4,Bulk-Transfer
2025-02-17 00:00:00,WAN-STM-01,WAN Primary - Facility B - AT&T MPLS,Stamford,inbound,689.56,468.77,583.3,449.22,262.94,85601,0.211,1,0,0,34.8,24.6,23.8,4.9,2.9,9.0,6.9,Bulk-Transfer
2025-02-17 00:00:00,IX-NWK-STM-01,Inter-Facility Dark Fiber Newark-Stamford,Inter-DC,inbound,749.74,452.96,677.15,366.05,256.47,112138,0.204,1,2,0,26.8,34.0,20.1,2.0,2.1,15.0,7.5,Standard
2025-02-17 01:00:00,WAN-NWK-01,WAN Primary - Facility A - AT&T MPLS,Newark,outbound,1048.08,732.62,917.16,655.86,352.37,123208,0.33,0,3,0,27.6,26.8,18.2,3.0,2.5,21.9,10.5,Bulk-Transfer
2025-02-17 06:00:00,WAN-STM-01,WAN Primary - Facility B - AT&T MPLS,Stamford,inbound,2638.37,1878.55,2191.79,1780.23,1009.21,243610,0.845,12,6,2,39.1,26.6,24.9,1.9,1.7,5.8,26.4,Real-Time
2025-02-17 07:00:00,WAN-NWK-02,WAN Secondary - Facility A - Lumen MPLS,Newark,outbound,4395.84,2559.66,4025.49,2117.52,935.09,469662,1.152,22,10,4,33.9,24.1,23.1,3.3,2.1,13.5,44.0,Standard
2025-02-17 08:00:00,WAN-STM-02,WAN Secondary - Facility B - Lumen MPLS,Stamford,inbound,5561.06,3672.34,5120.21,3205.71,1870.34,545789,1.653,18,6,0,29.0,32.9,15.3,1.0,2.0,19.8,55.6,Real-Time
2025-02-17 10:00:00,WAN-NWK-02,WAN Secondary - Facility A - Lumen MPLS,Newark,inbound,6764.44,4664.11,5590.93,4138.88,2777.94,886881,2.099,22,1,0,31.8,30.7,19.0,3.2,1.6,13.7,67.6,Real-Time
2025-02-17 12:00:00,WAN-NWK-01,WAN Primary - Facility A - AT&T MPLS,Newark,outbound,9500.0,5018.37,8125.51,4587.6,2473.84,918047,2.258,41,1,4,35.3,34.9,18.7,4.0,2.8,4.3,95.0,Business-Critical
2025-02-17 13:00:00,WAN-NWK-01,WAN Primary - Facility A - AT&T MPLS,Newark,inbound,8159.95,4589.36,7653.09,3826.26,1974.5,671906,2.065,33,4,5,39.6,21.5,19.6,3.3,1.1,14.9,81.6,Real-Time
2025-02-17 14:00:00,WAN-NWK-02,WAN Secondary - Facility A - Lumen MPLS,Newark,inbound,6775.09,3847.79,6173.1,3567.12,2292.51,569213,1.732,19,6,0,26.6,34.5,15.1,4.3,1.2,18.3,67.8,Bulk-Transfer
2025-02-17 14:00:00,WAN-STM-02,WAN Secondary - Facility B - Lumen MPLS,Stamford,outbound,7723.13,4048.08,7067.31,3302.7,2234.79,653023,1.822,19,13,6,29.5,24.6,20.2,2.2,1.8,21.7,77.2,Bulk-Transfer
2025-02-17 15:00:00,WAN-NWK-01,WAN Primary - Facility A - AT&T MPLS,Newark,inbound,7053.51,4384.45,5845.95,3546.7,1330.82,673079,1.973,21,3,2,26.9,30.4,19.7,4.5,2.4,16.1,70.5,Standard
2025-02-17 15:00:00,WAN-STM-02,WAN Secondary - Facility B - Lumen MPLS,Stamford,outbound,9500.0,5024.49,8011.97,4059.76,1867.46,1229191,2.261,53,21,1,26.5,34.3,21.9,4.3,3.0,10.0,95.0,Standard
2025-02-17 15:00:00,VLAN-110-SVR-NWK-089,Production VLAN - SVR-NWK-089 Traffic,Newark,inbound,435.06,219.46,382.85,197.51,87.78,39154,0.099,2,0,0,41.8,30.0,17.6,2.3,0.8,5.3,4.4,Standard
2025-02-17 16:00:00,WAN-NWK-01,WAN Primary - Facility A - AT&T MPLS,Newark,outbound,4805.67,2562.59,3953.92,2080.88,935.67,601262,1.153,11,6,4,27.5,27.5,17.8,3.1,2.9,21.2,48.1,Real-Time
2025-02-17 17:00:00,WAN-STM-02,WAN Secondary - Facility B - Lumen MPLS,Stamford,inbound,2909.04,1999.21,2499.44,1867.15,749.62,285433,0.9,8,5,1,30.2,34.9,19.5,4.0,1.3,10.1,29.1,Bulk-Transfer
2025-02-17 17:00:00,IX-NWK-STM-01,Inter-Facility Dark Fiber Newark-Stamford,Inter-DC,outbound,3458.33,2455.92,2910.52,2406.84,1109.91,415832,1.105,20,3,0,31.9,33.6,16.8,2.0,2.3,13.4,34.6,Standard
2025-02-17 20:00:00,WAN-NWK-02,WAN Secondary - Facility A - Lumen MPLS,Newark,outbound,1711.05,900.85,1607.4,835.2,326.65,251968,0.405,2,0,2,33.5,20.0,21.6,3.5,1.9,19.5,17.1,Real-Time
2025-02-17 20:00:00,IX-NWK-STM-01,Inter-Facility Dark Fiber Newark-Stamford,Inter-DC,inbound,1471.33,1052.75,1360.43,898.62,508.75,122704,0.474,5,3,0,38.0,34.1,21.1,1.2,1.9,3.7,14.7,Real-Time
2025-02-17 20:00:00,IX-NWK-STM-01,Inter-Facility Dark Fiber Newark-Stamford,Inter-DC,outbound,1694.51,1130.25,1479.35,912.6,582.31,212323,0.509,1,2,2,37.4,32.3,15.3,4.2,1.1,9.7,16.9,Standard
2025-02-17 22:00:00,IX-NWK-STM-01,Inter-Facility Dark Fiber Newark-Stamford,Inter-DC,outbound,1779.32,1202.02,1602.04,1000.77,508.58,180773,0.541,4,1,0,36.0,23.6,23.2,1.1,1.4,14.7,17.8,Real-Time
2025-02-18 00:00:00,WAN-STM-02,WAN Secondary - Facility B - Lumen MPLS,Stamford,inbound,746.75,496.44,614.13,397.28,227.22,72595,0.223,3,1,1,32.3,29.2,17.8,2.2,1.9,16.6,7.5,Real-Time
2025-02-18 00:00:00,WAN-STM-02,WAN Secondary - Facility B - Lumen MPLS,Stamford,outbound,1373.06,846.29,1169.36,764.59,340.29,169142,0.381,1,0,0,38.5,29.4,19.4,1.9,2.4,8.4,13.7,Standard
2025-02-18 01:00:00,WAN-NWK-01,WAN Primary - Facility A - AT&T MPLS,Newark,outbound,1379.1,889.03,1252.51,732.7,304.49,112098,0.4,5,2,0,38.7,27.9,19.2,4.5,1.3,8.4,13.8,Bulk-Transfer
2025-02-18 01:00:00,WAN-NWK-02,WAN Secondary - Facility A - Lumen MPLS,Newark,outbound,1246.25,733.67,1109.69,700.15,226.81,134730,0.33,0,2,0,30.7,21.2,19.2,3.6,1.7,23.6,12.5,Business-Critical
2025-02-18 02:00:00,WAN-NWK-01,WAN Primary - Facility A - AT&T MPLS,Newark,inbound,707.51,370.64,615.75,326.59,198.26,68960,0.167,1,2,1,29.7,20.7,22.2,2.2,2.4,22.8,7.1,Standard
2025-02-18 03:00:00,WAN-STM-01,WAN Primary - Facility B - AT&T MPLS,Stamford,outbound,1309.83,764.64,1167.58,696.96,446.98,132478,0.344,2,1,0,26.2,33.2,15.7,4.1,1.7,19.1,13.1,Standard
2025-02-18 07:00:00,WAN-NWK-01,WAN Primary - Facility A - AT&T MPLS,Newark,inbound,4377.02,2334.07,4117.4,2218.84,1000.61,627473,1.05,19,14,0,30.6,27.6,18.7,3.5,1.5,18.1,43.8,Real-Time
2025-02-18 07:00:00,WAN-STM-01,WAN Primary - Facility B - AT&T MPLS,Stamford,inbound,3291.9,1724.95,3106.35,1504.48,551.69,365318,0.776,13,0,3,31.5,24.8,22.3,4.1,2.9,14.4,32.9,Real-Time
2025-02-18 08:00:00,WAN-NWK-01,WAN Primary - Facility A - AT&T MPLS,Newark,inbound,4425.69,3185.71,4076.65,3005.8,1507.1,612244,1.434,3,11,6,30.4,25.4,17.2,3.8,1.8,21.4,44.3,Real-Time
2025-02-18 08:00:00,WAN-STM-02,WAN Secondary - Facility B - Lumen MPLS,Stamford,inbound,5512.18,3334.37,4659.16,2906.08,1881.16,485029,1.5,11,0,4,31.1,31.4,22.5,4.5,2.6,7.9,55.1,Standard
2025-02-18 09:00:00,WAN-NWK-02,WAN Secondary - Facility A - Lumen MPLS,Newark,inbound,7524.73,4892.34,6853.09,4639.52,2180.76,631692,2.202,28,12,0,33.2,23.7,21.1,4.5,2.1,15.4,75.2,Bulk-Transfer
2025-02-18 09:00:00,IX-NWK-STM-01,Inter-Facility Dark Fiber Newark-Stamford,Inter-DC,outbound,9272.47,6086.34,7703.33,4928.36,2658.95,894858,2.739,42,25,5,40.0,34.6,18.6,3.9,1.9,1.0,92.7,Bulk-Transfer
2025-02-18 10:00:00,IX-NWK-STM-01,Inter-Facility Dark Fiber Newark-Stamford,Inter-DC,inbound,5237.76,3384.22,4346.53,2900.1,1173.0,430163,1.523,3,5,4,32.0,22.6,19.1,3.4,2.6,20.3,52.4,Standard
2025-02-18 12:00:00,WAN-STM-01,WAN Primary - Facility B - AT&T MPLS,Stamford,outbound,9500.0,6439.21,8507.76,5308.02,2620.62,760147,2.898,22,21,1,26.1,34.3,21.3,3.6,2.1,12.6,95.0,Business-Critical
2025-02-18 12:00:00,IX-NWK-STM-01,Inter-Facility Dark Fiber Newark-Stamford,Inter-DC,outbound,9270.19,5158.14,7637.47,4408.98,3092.03,1387642,2.321,10,32,7,32.8,31.7,20.2,1.7,2.4,11.2,92.7,Real-Time
2025-02-18 13:00:00,WAN-STM-02,WAN Secondary - Facility B - Lumen MPLS,Stamford,inbound,6940.62,4716.07,6431.53,3787.33,1765.43,866064,2.122,34,24,0,25.4,32.8,20.6,4.4,3.0,13.8,69.4,Standard
2025-02-18 14:00:00,WAN-STM-01,WAN Primary - Facility B - AT&T MPLS,Stamford,inbound,8100.55,4231.94,7160.62,3428.89,1553.26,1110405,1.904,20,23,9,33.5,29.1,15.3,3.8,1.8,16.5,81.0,Standard
2025-02-18 14:00:00,IX-NWK-STM-01,Inter-Facility Dark Fiber Newark-Stamford,Inter-DC,inbound,7598.69,5154.43,7053.3,4889.88,2108.94,1084007,2.319,31,3,6,38.4,21.8,19.8,4.1,1.5,14.4,76.0,Business-Critical
2025-02-18 15:00:00,VLAN-110-SVR-NWK-089,Production VLAN - SVR-NWK-089 Traffic,Newark,inbound,273.42,113.16,240.61,101.84,45.26,24607,0.051,2,1,0,44.4,26.2,16.6,1.7,1.1,9.2,2.7,Standard
2025-02-18 16:00:00,WAN-NWK-01,WAN Primary - Facility A - AT&T MPLS,Newark,inbound,3675.7,2363.03,3459.13,2330.15,904.64,321460,1.063,1,5,1,31.1,30.6,22.6,1.9,1.6,12.2,36.8,Bulk-Transfer
2025-02-18 16:00:00,WAN-STM-01,WAN Primary - Facility B - AT&T MPLS,Stamford,inbound,3065.99,1935.65,2615.86,1867.66,696.37,387941,0.871,13,9,1,31.2,32.2,19.1,1.6,1.7,14.2,30.7,Standard
2025-02-18 18:00:00,WAN-NWK-02,WAN Secondary - Facility A - Lumen MPLS,Newark,inbound,2618.27,1657.23,2324.51,1506.05,703.39,341377,0.746,17,7,2,34.2,24.4,17.9,4.8,1.2,17.5,26.2,Bulk-Transfer
2025-02-18 19:00:00,WAN-NWK-01,WAN Primary - Facility A - AT&T MPLS,Newark,inbound,1690.17,1215.52,1548.34,975.98,643.64,162557,0.547,8,0,1,37.2,21.9,23.5,5.0,1.8,10.6,16.9,Business-Critical
2025-02-18 19:00:00,WAN-NWK-02,WAN Secondary - Facility A - Lumen MPLS,Newark,inbound,1904.4,1083.12,1589.52,1008.53,528.95,235103,0.487,2,5,0,37.8,24.7,20.1,2.7,2.4,12.3,19.0,Real-Time
2025-02-18 19:00:00,WAN-STM-01,WAN Primary - Facility B - AT&T MPLS,Stamford,outbound,2594.69,1371.12,2446.29,1280.68,651.34,320726,0.617,1,7,1,26.1,22.0,20.6,3.2,1.7,26.4,25.9,Real-Time
2025-02-18 22:00:00,WAN-NWK-02,WAN Secondary - Facility A - Lumen MPLS,Newark,outbound,2114.82,1180.93,1782.39,1005.79,679.28,187353,0.531,2,0,1,27.9,22.6,23.0,4.8,2.0,19.7,21.1,Standard
2025-02-18 23:00:00,WAN-STM-02,WAN Secondary - Facility B - Lumen MPLS,Stamford,outbound,1574.61,840.2,1477.21,734.93,496.49,183120,0.378,1,0,0,39.5,20.0,23.1,3.6,1.8,12.0,15.7,Real-Time
2025-02-19 00:00:00,WAN-NWK-02,WAN Secondary - Facility A - Lumen MPLS,Newark,outbound,985.23,601.63,850.69,571.01,225.9,116729,0.271,4,1,1,27.7,31.5,15.3,2.0,2.4,21.1,9.9,Real-Time
2025-02-19 00:00:00,WAN-STM-02,WAN Secondary - Facility B - Lumen MPLS,Stamford,outbound,1254.55,761.47,1033.19,639.38,281.42,137725,0.343,4,0,0,25.7,25.9,23.5,3.7,2.2,19.0,12.5,Business-Critical
2025-02-19 02:00:00,WAN-NWK-01,WAN Primary - Facility A - AT&T MPLS,Newark,outbound,991.78,706.82,850.51,621.15,244.25,95474,0.318,0,0,0,37.0,23.5,21.6,1.5,1.8,14.6,9.9,Business-Critical
2025-02-19 03:00:00,IX-NWK-STM-01,Inter-Facility Dark Fiber Newark-Stamford,Inter-DC,outbound,1099.53,694.12,929.76,585.47,366.09,95441,0.312,4,1,0,33.9,24.2,23.2,4.6,2.6,11.5,11.0,Bulk-Transfer
2025-02-19 04:00:00,WAN-NWK-02,WAN Secondary - Facility A - Lumen MPLS,Newark,inbound,931.17,544.01,765.57,526.96,261.68,122740,0.245,2,3,0,29.2,20.5,22.2,2.3,1.4,24.4,9.3,Bulk-Transfer
2025-02-19 05:00:00,WAN-STM-01,WAN Primary - Facility B - AT&T MPLS,Stamford,outbound,1003.65,720.42,900.82,634.48,389.16,128804,0.324,0,0,1,30.9,28.0,23.2,3.9,2.8,11.2,10.0,Standard
2025-02-19 06:00:00,WAN-NWK-02,WAN Secondary - Facility A - Lumen MPLS,Newark,outbound,3306.97,2055.7,2811.64,2015.57,786.37,345536,0.925,5,1,3,31.6,31.1,21.1,2.5,2.9,10.8,33.1,Bulk-Transfer
2025-02-19 07:00:00,WAN-STM-02,WAN Secondary - Facility B - Lumen MPLS,Stamford,inbound,4135.85,2568.0,3546.09,2170.73,1145.63,556890,1.156,22,3,1,39.4,25.4,19.0,1.8,2.2,12.2,41.4,Real-Time
2025-02-19 09:00:00,WAN-STM-02,WAN Secondary - Facility B - Lumen MPLS,Stamford,outbound,9500.0,5705.19,8121.77,5704.15,3088.86,825121,2.567,4,14,8,32.7,30.9,21.1,3.3,2.4,9.6,95.0,Real-Time
2025-02-19 10:00:00,WAN-NWK-01,WAN Primary - Facility A - AT&T MPLS,Newark,outbound,9500.0,6150.39,8186.18,6118.37,3174.67,1167934,2.768,43,26,3,26.8,25.3,17.1,2.4,2.3,26.1,95.0,Business-Critical
2025-02-19 10:00:00,WAN-STM-02,WAN Secondary - Facility B - Lumen MPLS,Stamford,inbound,7773.1,5034.28,6387.07,4884.11,1978.19,759484,2.265,14,13,6,27.9,22.5,15.2,3.5,1.5,29.4,77.7,Bulk-Transfer
2025-02-19 11:00:00,WAN-NWK-02,WAN Secondary - Facility A - Lumen MPLS,Newark,inbound,6955.92,4212.14,5876.59,4148.79,1894.52,871418,1.895,10,16,0,39.7,34.3,23.4,1.6,2.0,0,69.6,Standard
2025-02-19 12:00:00,WAN-STM-01,WAN Primary - Facility B - AT&T MPLS,Stamford,inbound,8777.84,4794.28,7386.92,4163.72,2095.16,1145585,2.157,29,30,7,39.6,26.7,21.8,2.5,2.6,6.8,87.8,Business-Critical
2025-02-19 12:00:00,WAN-STM-02,WAN Secondary - Facility B - Lumen MPLS,Stamford,outbound,8119.05,4748.93,7439.91,4583.17,2482.55,987529,2.137,22,0,9,39.1,21.8,21.4,1.4,1.9,14.4,81.2,Real-Time
2025-02-19 12:00:00,IX-NWK-STM-01,Inter-Facility Dark Fiber Newark-Stamford,Inter-DC,outbound,8468.86,5071.73,7368.13,4388.09,2028.42,976681,2.282,3,16,1,34.8,24.1,19.1,4.3,1.6,16.1,84.7,Bulk-Transfer
2025-02-19 13:00:00,WAN-NWK-02,WAN Secondary - Facility A - Lumen MPLS,Newark,inbound,7600.57,4546.39,6842.5,4265.95,1431.67,1039187,2.046,20,13,4,27.3,28.2,23.8,1.8,2.7,16.2,76.0,Standard
2025-02-19 14:00:00,WAN-STM-02,WAN Secondary - Facility B - Lumen MPLS,Stamford,inbound,5275.75,3793.13,4728.81,3675.14,1543.78,555758,1.707,5,4,3,36.4,21.6,24.5,1.9,1.6,14.0,52.8,Standard
2025-02-19 16:00:00,WAN-STM-02,WAN Secondary - Facility B - Lumen MPLS,Stamford,inbound,2860.72,2029.31,2433.32,1771.26,767.99,428345,0.913,11,4,3,36.7,24.9,19.5,1.6,1.1,16.2,28.6,Standard
2025-02-19 17:00:00,WAN-NWK-02,WAN Secondary - Facility A - Lumen MPLS,Newark,inbound,3350.23,2102.91,2836.77,2054.88,1192.26,397938,0.946,19,2,2,32.9,24.2,24.5,4.0,1.7,12.7,33.5,Standard
2025-02-19 18:00:00,WAN-STM-02,WAN Secondary - Facility B - Lumen MPLS,Stamford,outbound,3896.75,2196.46,3247.12,1836.46,1288.12,463809,0.988,7,8,2,29.9,24.0,22.4,1.1,1.8,20.8,39.0,Business-Critical
2025-02-19 20:00:00,WAN-NWK-01,WAN Primary - Facility A - AT&T MPLS,Newark,outbound,1572.88,1029.19,1321.64,856.19,424.89,182548,0.463,1,3,1,37.6,33.2,22.3,1.6,1.7,3.6,15.7,Real-Time
2025-02-19 20:00:00,IX-NWK-STM-01,Inter-Facility Dark Fiber Newark-Stamford,Inter-DC,outbound,1518.32,863.44,1267.86,713.68,282.36,207946,0.389,2,6,1,31.9,22.4,22.4,3.2,1.2,18.9,15.2,Bulk-Transfer
2025-02-19 21:00:00,WAN-STM-02,WAN Secondary - Facility B - Lumen MPLS,Stamford,outbound,1505.48,959.69,1353.81,809.77,377.56,139318,0.432,6,4,1,37.3,27.4,17.0,1.3,2.6,14.4,15.1,Real-Time
2025-02-19 22:00:00,WAN-STM-02,WAN Secondary - Facility B - Lumen MPLS,Stamford,inbound,1144.18,777.18,949.69,641.21,465.93,160923,0.35,5,3,0,37.3,22.0,21.8,3.2,2.5,13.2,11.4,Standard
2025-02-20 00:00:00,WAN-STM-02,WAN Secondary - Facility B - Lumen MPLS,Stamford,outbound,1186.68,811.58,1006.23,720.53,260.07,116886,0.365,4,1,0,38.0,25.5,16.3,2.9,1.8,15.5,11.9,Business-Critical
2025-02-20 02:00:00,WAN-NWK-02,WAN Secondary - Facility A - Lumen MPLS,Newark,outbound,1118.2,618.19,1012.86,506.4,366.82,96244,0.278,2,0,1,33.1,31.9,16.0,1.5,2.1,15.4,11.2,Standard
2025-02-20 03:00:00,WAN-STM-01,WAN Primary - Facility B - AT&T MPLS,Stamford,inbound,761.99,413.29,702.96,403.24,155.82,94355,0.186,4,2,0,28.3,30.8,17.6,3.9,2.5,16.9,7.6,Real-Time
2025-02-20 03:00:00,WAN-STM-02,WAN Secondary - Facility B - Lumen MPLS,Stamford,outbound,1039.02,655.42,867.75,534.55,211.45,130503,0.295,6,0,0,34.8,23.0,17.8,2.1,2.5,19.8,10.4,Business-Critical
2025-02-20 05:00:00,WAN-NWK-01,WAN Primary - Facility A - AT&T MPLS,Newark,inbound,765.85,550.23,641.71,465.8,176.39,84668,0.248,0,2,1,29.9,26.0,22.8,4.5,1.0,15.8,7.7,Real-Time
2025-02-20 05:00:00,WAN-NWK-02,WAN Secondary - Facility A - Lumen MPLS,Newark,inbound,823.98,500.19,726.34,428.0,269.52,96195,0.225,0,1,0,27.6,32.8,15.5,3.0,1.7,19.4,8.2,Business-Critical
2025-02-20 05:00:00,WAN-STM-01,WAN Primary - Facility B - AT&T MPLS,Stamford,inbound,844.4,514.21,782.51,473.42,262.39,88769,0.231,0,2,0,32.1,24.1,15.7,1.6,3.0,23.5,8.4,Real-Time
2025-02-20 05:00:00,IX-NWK-STM-01,Inter-Facility Dark Fiber Newark-Stamford,Inter-DC,inbound,761.65,490.46,663.81,449.41,199.47,105761,0.221,0,2,0,30.5,26.0,20.0,4.1,1.3,18.1,7.6,Standard
2025-02-20 06:00:00,WAN-NWK-01,WAN Primary - Facility A - AT&T MPLS,Newark,inbound,2483.53,1619.59,2283.16,1418.12,820.84,265701,0.729,2,0,0,37.8,27.9,20.0,4.1,2.2,8.0,24.8,Standard
2025-02-20 06:00:00,WAN-NWK-02,WAN Secondary - Facility A - Lumen MPLS,Newark,outbound,4095.46,2376.25,3797.58,2114.02,747.78,413348,1.069,4,3,2,31.6,30.3,15.9,3.8,2.3,16.1,41.0,Standard
2025-02-20 08:00:00,WAN-NWK-02,WAN Secondary - Facility A - Lumen MPLS,Newark,inbound,5349.17,3644.39,4883.79,3618.65,2004.43,608768,1.64,22,5,2,32.3,28.6,16.0,1.8,2.4,18.9,53.5,Business-Critical
2025-02-20 09:00:00,WAN-NWK-02,WAN Secondary - Facility A - Lumen MPLS,Newark,outbound,7126.83,4115.17,6704.24,3973.89,2087.41,983459,1.852,28,4,6,32.4,23.6,20.7,2.6,2.7,18.0,71.3,Real-Time
2025-02-20 10:00:00,WAN-STM-01,WAN Primary - Facility B - AT&T MPLS,Stamford,outbound,9500.0,5364.39,8467.24,4862.08,2907.06,1010219,2.414,20,29,3,37.1,34.6,23.9,4.8,1.9,0,95.0,Real-Time
2025-02-20 14:00:00,WAN-STM-02,WAN Secondary - Facility B - Lumen MPLS,Stamford,inbound,5933.76,3795.76,5390.02,3073.07,1470.81,646482,1.708,9,9,1,39.6,29.3,19.1,3.9,2.0,6.1,59.3,Real-Time
2025-02-20 14:00:00,WAN-STM-02,WAN Secondary - Facility B - Lumen MPLS,Stamford,outbound,9477.86,6034.61,7960.77,5216.55,2854.24,918493,2.716,27,8,7,26.0,33.3,17.3,4.4,1.9,17.1,94.8,Business-Critical
2025-02-20 16:00:00,WAN-STM-01,WAN Primary - Facility B - AT&T MPLS,Stamford,inbound,3790.96,2342.09,3259.58,1966.3,847.83,485427,1.054,15,6,3,26.4,23.1,18.3,3.9,1.4,26.9,37.9,Real-Time
2025-02-20 16:00:00,IX-NWK-STM-01,Inter-Facility Dark Fiber Newark-Stamford,Inter-DC,inbound,3297.33,1907.88,2854.09,1782.22,886.24,434388,0.859,4,11,0,32.6,33.1,23.2,2.4,2.6,6.1,33.0,Real-Time
2025-02-20 17:00:00,WAN-NWK-01,WAN Primary - Facility A - AT&T MPLS,Newark,inbound,2441.27,1671.71,2073.8,1657.13,737.52,320955,0.752,3,6,1,39.6,23.7,21.2,3.1,2.0,10.4,24.4,Standard
2025-02-20 17:00:00,WAN-STM-02,WAN Secondary - Facility B - Lumen MPLS,Stamford,inbound,3114.06,1873.0,2741.75,1721.26,862.65,336007,0.843,15,6,0,30.0,24.5,21.4,2.8,2.0,19.3,31.1,Bulk-Transfer
2025-02-20 17:00:00,IX-NWK-STM-01,Inter-Facility Dark Fiber Newark-Stamford,Inter-DC,outbound,3887.96,2049.51,3478.51,1806.67,890.23,340725,0.922,10,7,3,30.6,32.9,19.7,1.6,2.4,12.8,38.9,Real-Time
2025-02-20 18:00:00,IX-NWK-STM-01,Inter-Facility Dark Fiber Newark-Stamford,Inter-DC,inbound,2322.94,1557.46,2083.65,1445.35,920.42,236289,0.701,1,5,2,38.2,34.1,23.3,2.2,1.5,0.7,23.2,Bulk-Transfer
2025-02-20 19:00:00,WAN-NWK-02,WAN Secondary - Facility A - Lumen MPLS,Newark,outbound,2584.71,1536.27,2410.96,1524.06,701.28,207269,0.691,2,5,0,37.2,33.8,19.4,4.6,1.9,3.1,25.8,Bulk-Transfer
2025-02-20 19:00:00,WAN-STM-01,WAN Primary - Facility B - AT&T MPLS,Stamford,inbound,1947.92,1265.63,1654.78,1248.66,501.82,201395,0.57,6,3,2,39.7,32.9,16.2,2.8,1.7,6.7,19.5,Business-Critical
2025-02-21 01:00:00,WAN-STM-01,WAN Primary - Facility B - AT&T MPLS,Stamford,outbound,1201.84,772.46,1055.05,645.08,340.84,107682,0.348,3,0,0,34.8,28.5,23.7,2.5,2.5,8.0,12.0,Real-Time
2025-02-21 01:00:00,WAN-STM-02,WAN Secondary - Facility B - Lumen MPLS,Stamford,inbound,751.59,534.93,635.07,491.02,292.0,79338,0.241,1,0,0,37.5,31.8,23.3,1.1,1.7,4.6,7.5,Bulk-Transfer
2025-02-21 01:00:00,IX-NWK-STM-01,Inter-Facility Dark Fiber Newark-Stamford,Inter-DC,outbound,1014.05,589.01,882.14,494.18,283.57,94604,0.265,4,1,1,37.0,22.1,15.8,3.2,2.0,19.9,10.1,Bulk-Transfer
2025-02-21 08:00:00,IX-NWK-STM-01,Inter-Facility Dark Fiber Newark-Stamford,Inter-DC,outbound,7560.43,5176.58,6674.89,5014.42,1865.38,943879,2.329,14,2,9,32.2,30.8,18.4,4.0,1.2,13.4,75.6,Business-Critical
2025-02-21 09:00:00,IX-NWK-STM-01,Inter-Facility Dark Fiber Newark-Stamford,Inter-DC,inbound,5776.53,3023.42,5354.98,2897.96,1479.92,748672,1.361,2,8,3,33.5,28.4,15.3,3.0,2.9,16.9,57.8,Bulk-Transfer
2025-02-21 10:00:00,IX-NWK-STM-01,Inter-Facility Dark Fiber Newark-Stamford,Inter-DC,inbound,5454.0,3323.09,4526.07,2774.12,1930.25,806297,1.495,5,8,1,32.3,34.5,18.5,1.0,2.3,11.4,54.5,Bulk-Transfer
2025-02-21 10:00:00,VLAN-110-SVR-NWK-089,Production VLAN - SVR-NWK-089 Traffic,Newark,outbound,175.32,80.94,154.28,72.84,32.37,15778,0.036,2,1,0,30.4,31.6,12.1,2.5,1.7,13.1,1.8,Standard
2025-02-21 11:00:00,WAN-NWK-02,WAN Secondary - Facility A - Lumen MPLS,Newark,inbound,6822.34,4636.03,6421.15,4565.02,2750.63,864827,2.086,6,7,2,36.3,22.2,23.3,4.5,2.1,11.6,68.2,Real-Time
2025-02-21 11:00:00,WAN-NWK-02,WAN Secondary - Facility A - Lumen MPLS,Newark,outbound,7908.45,4683.51,6999.64,4208.16,1428.28,799392,2.108,7,20,4,33.3,24.8,23.6,1.8,1.1,15.4,79.1,Bulk-Transfer
2025-02-21 11:00:00,VLAN-110-SVR-NWK-089,Production VLAN - SVR-NWK-089 Traffic,Newark,inbound,515.88,320.6,453.97,288.54,128.24,46429,0.144,0,0,0,37.0,33.8,16.1,2.2,0.8,6.1,5.2,Standard
2025-02-21 13:00:00,VLAN-110-SVR-NWK-091,Production VLAN - SVR-NWK-091 Traffic,Newark,inbound,691.78,429.77,608.77,386.79,171.91,62260,0.193,1,1,0,32.4,36.0,18.8,2.6,0.6,14.7,6.9,Standard
2025-02-21 14:00:00,VLAN-110-SVR-NWK-091,Production VLAN - SVR-NWK-091 Traffic,Newark,inbound,314.4,160.46,276.67,144.42,64.19,28296,0.072,2,1,0,30.4,27.7,19.0,2.6,1.5,5.7,3.1,Standard
2025-02-21 15:00:00,WAN-STM-02,WAN Secondary - Facility B - Lumen MPLS,Stamford,outbound,7478.87,4671.6,6861.09,4236.52,1492.27,947095,2.102,5,0,1,35.4,28.2,18.9,1.1,3.0,13.4,74.8,Bulk-Transfer
2025-02-21 16:00:00,IX-NWK-STM-01,Inter-Facility Dark Fiber Newark-Stamford,Inter-DC,outbound,4399.79,3071.37,4016.13,2967.89,1596.77,418153,1.382,9,10,1,35.1,21.1,17.7,1.5,2.2,22.4,44.0,Bulk-Transfer
2025-02-21 17:00:00,WAN-NWK-01,WAN Primary - Facility A - AT&T MPLS,Newark,outbound,4194.08,2806.39,3789.36,2381.17,1470.69,390307,1.263,1,3,2,32.2,34.7,24.5,1.8,1.6,5.2,41.9,Bulk-Transfer
2025-02-21 17:00:00,WAN-NWK-02,WAN Secondary - Facility A - Lumen MPLS,Newark,outbound,4465.69,3085.49,4226.24,3005.28,1500.5,405015,1.388,13,9,2,27.4,30.8,24.6,2.8,2.3,12.1,44.7,Business-Critical
2025-02-21 18:00:00,WAN-STM-01,WAN Primary - Facility B - AT&T MPLS,Stamford,outbound,3098.4,2114.3,2647.03,1703.3,815.18,398324,0.951,2,6,2,33.8,31.7,21.8,2.2,1.5,9.0,31.0,Business-Critical
2025-02-21 21:00:00,WAN-NWK-02,WAN Secondary - Facility A - Lumen MPLS,Newark,inbound,1300.48,860.71,1211.49,846.6,436.74,142229,0.387,0,0,1,39.0,23.6,16.2,2.5,2.0,16.7,13.0,Business-Critical
2025-02-21 22:00:00,WAN-NWK-02,WAN Secondary - Facility A - Lumen MPLS,Newark,inbound,1079.1,598.93,979.36,573.66,241.57,89550,0.27,0,2,1,38.1,21.4,24.1,2.5,1.0,12.9,10.8,Bulk-Transfer
2025-02-21 22:00:00,WAN-STM-02,WAN Secondary - Facility B - Lumen MPLS,Stamford,inbound,1264.6,780.82,1136.4,750.36,453.6,183040,0.351,0,2,1,37.7,22.8,22.6,2.5,2.0,12.4,12.6,Real-Time
2025-02-21 23:00:00,WAN-NWK-02,WAN Secondary - Facility A - Lumen MPLS,Newark,inbound,1271.66,799.91,1055.98,649.74,339.1,109765,0.36,4,2,1,38.3,29.2,19.3,1.3,1.7,10.2,12.7,Bulk-Transfer
2025-02-21 23:00:00,WAN-NWK-02,WAN Secondary - Facility A - Lumen MPLS,Newark,outbound,1665.9,875.83,1474.6,745.2,302.34,175324,0.394,0,5,0,25.3,28.0,20.3,1.4,2.5,22.5,16.7,Business-Critical
2025-02-21 23:00:00,WAN-STM-01,WAN Primary - Facility B - AT&T MPLS,Stamford,inbound,1367.65,855.42,1137.6,854.99,495.02,117834,0.385,5,1,0,35.9,22.0,24.5,3.0,1.7,12.9,13.7,Standard
2025-02-21 23:00:00,IX-NWK-STM-01,Inter-Facility Dark Fiber Newark-Stamford,Inter-DC,inbound,1240.52,646.92,1145.93,563.35,385.0,114330,0.291,0,1,1,29.8,25.9,20.6,4.1,2.4,17.2,12.4,Business-Critical
2025-02-22 02:00:00,WAN-NWK-01,WAN Primary - Facility A - AT&T MPLS,Newark,inbound,1811.32,1053.77,1518.96,987.44,324.28,160085,0.474,8,0,0,39.7,30.0,22.7,1.2,2.5,3.9,18.1,Bulk-Transfer
2025-02-22 02:00:00,WAN-STM-02,WAN Secondary - Facility B - Lumen MPLS,Stamford,inbound,1845.14,1065.74,1561.67,1062.29,380.76,181780,0.48,1,4,0,28.1,31.9,18.7,4.8,1.4,15.1,18.5,Standard
2025-02-22 02:00:00,WAN-STM-02,WAN Secondary - Facility B - Lumen MPLS,Stamford,outbound,2662.27,1733.75,2514.35,1592.53,530.28,338357,0.78,15,7,0,29.7,24.4,24.9,4.1,2.4,14.5,26.6,Real-Time
2025-02-22 02:00:00,IX-NWK-STM-01,Inter-Facility Dark Fiber Newark-Stamford,Inter-DC,outbound,2460.87,1296.3,2037.05,1289.52,419.75,339658,0.583,14,8,2,38.7,21.5,21.0,3.5,1.2,14.1,24.6,Standard
2025-02-22 03:00:00,IX-NWK-STM-01,Inter-Facility Dark Fiber Newark-Stamford,Inter-DC,outbound,2727.7,1494.91,2392.98,1463.32,698.1,334830,0.673,12,8,3,39.1,26.6,23.4,4.2,2.0,4.7,27.3,Business-Critical
2025-02-22 04:00:00,WAN-NWK-02,WAN Secondary - Facility A - Lumen MPLS,Newark,inbound,1794.6,1112.82,1587.58,899.42,387.37,250303,0.501,1,0,2,36.0,20.9,16.1,2.6,2.8,21.6,17.9,Bulk-Transfer
2025-02-22 05:00:00,WAN-NWK-01,WAN Primary - Facility A - AT&T MPLS,Newark,inbound,1675.88,1080.37,1520.02,885.57,538.33,173459,0.486,4,0,0,30.3,22.7,17.9,1.1,1.0,27.0,16.8,Bulk-Transfer
2025-02-22 06:00:00,WAN-STM-01,WAN Primary - Facility B - AT&T MPLS,Stamford,inbound,1903.33,1160.69,1626.73,987.18,505.45,202274,0.522,1,2,2,39.9,21.6,17.7,1.2,1.1,18.5,19.0,Real-Time
2025-02-22 07:00:00,IX-NWK-STM-01,Inter-Facility Dark Fiber Newark-Stamford,Inter-DC,outbound,2844.55,1813.84,2479.06,1611.4,916.57,269442,0.816,11,0,1,39.4,31.0,21.3,1.5,1.9,4.9,28.4,Real-Time
2025-02-22 08:00:00,WAN-NWK-01,WAN Primary - Facility A - AT&T MPLS,Newark,inbound,2048.08,1122.71,1760.87,984.37,645.5,184757,0.505,6,1,0,39.1,23.0,22.4,4.6,1.9,9.0,20.5,Bulk-Transfer
2025-02-22 09:00:00,WAN-STM-01,WAN Primary - Facility B - AT&T MPLS,Stamford,outbound,2911.27,1697.12,2552.06,1437.62,844.17,429176,0.764,5,8,3,27.3,27.1,20.1,4.0,1.2,20.3,29.1,Standard
2025-02-22 10:00:00,WAN-NWK-02,WAN Secondary - Facility A - Lumen MPLS,Newark,outbound,2173.28,1206.51,2060.75,1032.69,461.98,200390,0.543,4,4,1,33.3,25.5,18.1,2.4,2.5,18.2,21.7,Real-Time
2025-02-22 10:00:00,IX-NWK-STM-01,Inter-Facility Dark Fiber Newark-Stamford,Inter-DC,outbound,2884.32,1570.07,2593.94,1433.26,696.34,297390,0.707,3,4,1,26.9,28.5,22.6,3.1,1.2,17.7,28.8,Standard
2025-02-22 11:00:00,WAN-NWK-02,WAN Secondary - Facility A - Lumen MPLS,Newark,outbound,2116.94,1248.57,1953.44,1035.21,486.06,242754,0.562,12,1,1,29.3,30.8,18.5,2.4,1.8,17.2,21.2,Bulk-Transfer
2025-02-22 12:00:00,WAN-NWK-02,WAN Secondary - Facility A - Lumen MPLS,Newark,inbound,1834.79,1219.65,1648.61,1057.4,652.8,242964,0.549,10,3,2,29.8,20.9,19.6,2.8,2.1,24.8,18.3,Real-Time
2025-02-22 12:00:00,WAN-STM-01,WAN Primary - Facility B - AT&T MPLS,Stamford,outbound,2528.85,1600.63,2258.7,1483.23,862.87,225887,0.72,2,0,1,35.3,24.8,19.7,1.6,1.4,17.2,25.3,Standard
2025-02-22 13:00:00,WAN-NWK-01,WAN Primary - Facility A - AT&T MPLS,Newark,inbound,1495.12,940.9,1400.71,849.09,297.26,148036,0.423,5,3,1,31.4,27.0,20.4,2.2,2.6,16.4,15.0,Bulk-Transfer
2025-02-22 15:00:00,WAN-NWK-01,WAN Primary - Facility A - AT&T MPLS,Newark,inbound,1940.44,1093.72,1634.06,899.07,621.81,157698,0.492,4,2,0,31.6,20.4,18.1,4.3,1.8,23.8,19.4,Standard
2025-02-22 15:00:00,WAN-NWK-01,WAN Primary - Facility A - AT&T MPLS,Newark,outbound,2735.76,1907.4,2281.77,1710.99,618.34,349607,0.858,5,6,1,25.4,24.6,16.3,1.4,1.1,31.2,27.4,Standard
2025-02-22 16:00:00,WAN-NWK-01,WAN Primary - Facility A - AT&T MPLS,Newark,outbound,2208.82,1345.19,1904.66,1177.66,518.21,291591,0.605,0,1,0,30.5,26.1,20.9,1.2,1.8,19.5,22.1,Bulk-Transfer
2025-02-22 16:00:00,IX-NWK-STM-01,Inter-Facility Dark Fiber Newark-Stamford,Inter-DC,inbound,1467.72,1032.52,1237.49,1003.62,406.76,194831,0.465,9,2,1,37.9,25.7,21.9,2.9,2.6,9.0,14.7,Real-Time
2025-02-22 16:00:00,IX-NWK-STM-01,Inter-Facility Dark Fiber Newark-Stamford,Inter-DC,outbound,2679.97,1621.28,2240.08,1556.15,774.13,307550,0.73,2,3,2,30.5,27.4,18.3,2.1,2.0,19.7,26.8,Business-Critical
2025-02-22 17:00:00,WAN-NWK-01,WAN Primary - Facility A - AT&T MPLS,Newark,outbound,2563.35,1382.66,2376.11,1120.89,453.91,303290,0.622,6,7,3,37.7,21.2,22.9,1.1,2.4,14.7,25.6,Standard
2025-02-22 19:00:00,WAN-STM-02,WAN Secondary - Facility B - Lumen MPLS,Stamford,outbound,2798.28,1592.84,2551.81,1478.83,926.05,307488,0.717,8,3,2,34.4,24.2,17.2,4.3,1.2,18.7,28.0,Bulk-Transfer
2025-02-22 22:00:00,WAN-STM-02,WAN Secondary - Facility B - Lumen MPLS,Stamford,inbound,1869.47,1046.89,1645.6,858.79,618.98,165052,0.471,1,2,0,35.1,33.4,23.8,2.3,1.6,3.8,18.7,Standard
2025-02-23 00:00:00,WAN-STM-01,WAN Primary - Facility B - AT&T MPLS,Stamford,outbound,2695.08,1538.13,2411.91,1340.79,758.81,314276,0.692,5,9,0,26.0,24.1,19.4,1.3,1.1,28.1,27.0,Real-Time
2025-02-23 00:00:00,IX-NWK-STM-01,Inter-Facility Dark Fiber Newark-Stamford,Inter-DC,outbound,2470.24,1594.89,2065.24,1415.39,493.95,350614,0.718,9,2,1,26.5,21.2,17.1,1.6,1.3,32.3,24.7,Business-Critical
2025-02-23 01:00:00,WAN-NWK-02,WAN Secondary - Facility A - Lumen MPLS,Newark,outbound,2374.2,1388.18,2232.94,1261.19,769.42,235183,0.625,7,3,0,39.7,20.7,16.1,4.8,1.5,17.2,23.7,Business-Critical
2025-02-23 01:00:00,WAN-STM-01,WAN Primary - Facility B - AT&T MPLS,Stamford,outbound,2564.98,1705.56,2201.95,1650.25,942.51,305953,0.768,0,8,3,25.1,29.1,15.5,4.7,2.2,23.4,25.6,Business-Critical
2025-02-23 02:00:00,WAN-NWK-01,WAN Primary - Facility A - AT&T MPLS,Newark,outbound,2697.11,1406.18,2411.25,1223.35,565.86,247400,0.633,10,7,1,30.3,22.3,21.6,3.1,1.0,21.7,27.0,Bulk-Transfer
2025-02-23 02:00:00,IX-NWK-STM-01,Inter-Facility Dark Fiber Newark-Stamford,Inter-DC,inbound,1963.28,1207.22,1811.85,1156.4,453.31,227591,0.543,11,0,1,34.2,31.3,15.2,2.1,1.1,16.1,19.6,Standard
2025-02-23 04:00:00,WAN-NWK-02,WAN Secondary - Facility A - Lumen MPLS,Newark,outbound,2191.86,1422.52,1800.31,1152.7,646.06,257123,0.64,10,2,2,28.6,32.1,19.5,3.4,2.7,13.7,21.9,Standard
2025-02-23 04:00:00,WAN-STM-02,WAN Secondary - Facility B - Lumen MPLS,Stamford,outbound,2633.53,1891.77,2419.38,1520.89,753.59,321820,0.851,5,0,1,31.8,32.0,16.1,1.8,2.8,15.5,26.3,Bulk-Transfer
2025-02-23 05:00:00,WAN-NWK-01,WAN Primary - Facility A - AT&T MPLS,Newark,inbound,1900.98,1292.56,1771.92,1199.93,524.33,221452,0.582,4,6,1,36.4,20.6,24.8,1.8,2.0,14.4,19.0,Business-Critical
2025-02-23 06:00:00,WAN-NWK-02,WAN Secondary - Facility A - Lumen MPLS,Newark,inbound,1653.46,1133.09,1475.69,1108.2,524.64,199482,0.51,4,5,0,29.5,31.5,15.8,4.2,2.1,16.9,16.5,Business-Critical
2025-02-23 07:00:00,WAN-NWK-02,WAN Secondary - Facility A - Lumen MPLS,Newark,inbound,1852.24,1094.34,1577.76,925.93,579.3,240079,0.492,0,2,1,36.6,29.8,15.7,4.8,2.2,10.9,18.5,Bulk-Transfer
2025-02-23 08:00:00,WAN-STM-01,WAN Primary - Facility B - AT&T MPLS,Stamford,outbound,2732.85,1964.59,2419.6,1582.68,859.31,385168,0.884,16,2,3,39.2,25.5,20.8,3.8,1.2,9.5,27.3,Business-Critical
2025-02-23 09:00:00,WAN-NWK-01,WAN Primary - Facility A - AT&T MPLS,Newark,outbound,2825.51,1863.45,2670.83,1687.59,814.8,388431,0.839,11,3,0,36.8,30.3,19.0,4.5,3.0,6.4,28.3,Standard
2025-02-23 09:00:00,IX-NWK-STM-01,Inter-Facility Dark Fiber Newark-Stamford,Inter-DC,outbound,2626.6,1553.95,2309.89,1394.13,576.44,267552,0.699,2,5,1,25.1,21.4,16.7,4.0,2.0,30.8,26.3,Real-Time
2025-02-23 10:00:00,WAN-NWK-01,WAN Primary - Facility A - AT&T MPLS,Newark,inbound,1768.18,1176.21,1566.14,1002.21,475.44,258489,0.529,3,3,2,38.7,32.9,25.0,3.7,2.0,0,17.7,Business-Critical
2025-02-23 10:00:00,WAN-NWK-02,WAN Secondary - Facility A - Lumen MPLS,Newark,outbound,2308.62,1629.56,2051.87,1336.79,702.83,242883,0.733,8,5,2,31.6,32.3,16.4,4.0,2.5,13.2,23.1,Bulk-Transfer
2025-02-23 11:00:00,WAN-NWK-02,WAN Secondary - Facility A - Lumen MPLS,Newark,inbound,1594.17,950.24,1423.96,864.12,481.24,129116,0.428,1,2,1,34.5,33.2,22.1,3.5,2.2,4.5,15.9,Standard
2025-02-23 11:00:00,WAN-NWK-02,WAN Secondary - Facility A - Lumen MPLS,Newark,outbound,2611.29,1513.0,2344.59,1422.76,714.53,275761,0.681,0,7,2,34.7,20.5,20.0,2.5,2.9,19.4,26.1,Real-Time
2025-02-23 13:00:00,WAN-STM-01,WAN Primary - Facility B - AT&T MPLS,Stamford,inbound,1721.01,1179.18,1476.7,1122.5,402.0,202684,0.531,6,2,2,29.7,23.8,22.5,4.7,1.8,17.5,17.2,Business-Critical
2025-02-23 13:00:00,IX-NWK-STM-01,Inter-Facility Dark Fiber Newark-Stamford,Inter-DC,inbound,1485.33,787.96,1300.44,740.08,360.56,163696,0.355,8,0,1,25.7,21.0,20.0,4.5,1.4,27.4,14.9,Business-Critical
2025-02-23 14:00:00,WAN-NWK-01,WAN Primary - Facility A - AT&T MPLS,Newark,inbound,1886.54,1069.58,1553.67,986.86,407.63,190806,0.481,9,3,0,29.5,29.5,20.5,2.7,2.1,15.7,18.9,Real-Time
2025-02-23 17:00:00,WAN-NWK-01,WAN Primary - Facility A - AT&T MPLS,Newark,outbound,2560.15,1684.95,2356.69,1539.09,806.67,229561,0.758,4,5,0,37.6,29.1,19.9,3.5,2.0,7.9,25.6,Standard
2025-02-23 17:00:00,WAN-STM-02,WAN Secondary - Facility B - Lumen MPLS,Stamford,outbound,2854.33,1618.81,2552.11,1429.09,505.91,408912,0.728,15,9,3,27.3,20.9,21.2,3.0,2.8,24.8,28.5,Business-Critical
2025-02-23 17:00:00,IX-NWK-STM-01,Inter-Facility Dark Fiber Newark-Stamford,Inter-DC,inbound,1609.62,887.24,1479.3,875.42,480.61,158600,0.399,7,1,0,36.0,26.2,19.7,1.6,2.9,13.6,16.1,Bulk-Transfer
2025-02-23 19:00:00,WAN-NWK-01,WAN Primary - Facility A - AT&T MPLS,Newark,outbound,2285.22,1577.72,1989.18,1440.5,576.84,306095,0.71,13,0,2,31.1,20.8,20.4,2.0,1.3,24.4,22.9,Real-Time
2025-02-23 21:00:00,WAN-NWK-02,WAN Secondary - Facility A - Lumen MPLS,Newark,inbound,1657.32,1083.89,1416.55,997.36,477.96,180215,0.488,6,3,0,32.1,24.9,18.5,2.2,1.2,21.1,16.6,Business-Critical
2025-02-23 21:00:00,WAN-STM-01,WAN Primary - Facility B - AT&T MPLS,Stamford,inbound,1448.22,860.62,1342.81,842.54,358.64,177424,0.387,3,3,1,31.2,20.5,16.7,3.0,1.7,26.9,14.5,Standard
2025-02-23 21:00:00,IX-NWK-STM-01,Inter-Facility Dark Fiber Newark-Stamford,Inter-DC,outbound,2711.83,1651.75,2494.68,1440.89,767.46,389378,0.743,18,0,3,35.2,28.4,22.8,3.7,1.8,8.1,27.1,Bulk-Transfer
2025-02-24 03:00:00,WAN-NWK-01,WAN Primary - Facility A - AT&T MPLS,Newark,inbound,919.04,626.75,790.36,526.92,296.69,134195,0.282,5,1,1,31.4,23.3,20.4,1.3,1.4,22.2,9.2,Real-Time
2025-02-24 03:00:00,WAN-NWK-02,WAN Secondary - Facility A - Lumen MPLS,Newark,outbound,1212.05,645.76,1141.61,632.36,247.56,153642,0.291,2,4,0,27.7,24.1,20.1,1.6,2.7,23.8,12.1,Business-Critical
2025-02-24 05:00:00,IX-NWK-STM-01,Inter-Facility Dark Fiber Newark-Stamford,Inter-DC,outbound,1093.52,666.11,1026.52,660.09,357.99,138811,0.3,0,2,0,32.9,34.2,22.7,2.0,2.8,5.4,10.9,Real-Time
2025-02-24 06:00:00,WAN-STM-01,WAN Primary - Facility B - AT&T MPLS,Stamford,outbound,3886.57,2295.53,3228.6,2268.99,947.71,328310,1.033,15,4,1,36.2,30.8,17.6,4.3,2.6,8.5,38.9,Business-Critical
2025-02-24 07:00:00,WAN-NWK-01,WAN Primary - Facility A - AT&T MPLS,Newark,outbound,6123.78,4018.62,5102.18,3819.99,1843.15,793021,1.808,36,11,7,27.2,30.7,20.5,2.3,1.7,17.6,61.2,Business-Critical
2025-02-24 09:00:00,WAN-NWK-01,WAN Primary - Facility A - AT&T MPLS,Newark,inbound,6931.45,4198.77,5869.07,3993.85,1469.08,650460,1.889,12,19,0,29.9,27.3,17.0,3.4,1.6,20.8,69.3,Standard
2025-02-24 09:00:00,WAN-STM-01,WAN Primary - Facility B - AT&T MPLS,Stamford,inbound,5263.55,3371.01,4471.17,3202.67,1773.05,758255,1.517,10,14,5,27.5,32.2,17.5,1.0,1.2,20.6,52.6,Real-Time
2025-02-24 12:00:00,WAN-NWK-02,WAN Secondary - Facility A - Lumen MPLS,Newark,outbound,8319.52,4513.37,7070.33,3718.69,1571.51,820473,2.031,7,8,8,31.1,30.7,24.2,3.7,1.3,9.0,83.2,Real-Time
2025-02-24 14:00:00,WAN-NWK-01,WAN Primary - Facility A - AT&T MPLS,Newark,outbound,9500.0,6811.5,8631.06,5822.51,3574.09,1358536,3.065,37,14,6,26.3,26.9,24.2,4.2,1.2,17.2,95.0,Business-Critical
2025-02-24 16:00:00,IX-NWK-STM-01,Inter-Facility Dark Fiber Newark-Stamford,Inter-DC,inbound,2788.24,1794.87,2590.92,1749.02,905.53,360178,0.808,18,4,1,34.1,31.6,17.3,1.8,2.1,13.1,27.9,Business-Critical
2025-02-24 17:00:00,WAN-NWK-01,WAN Primary - Facility A - AT&T MPLS,Newark,inbound,2471.97,1570.23,2230.97,1368.66,676.47,236930,0.707,1,5,2,31.4,26.6,19.3,2.0,3.0,17.7,24.7,Bulk-Transfer
2025-02-24 17:00:00,IX-NWK-STM-01,Inter-Facility Dark Fiber Newark-Stamford,Inter-DC,inbound,2777.37,1903.85,2488.59,1837.35,816.81,267175,0.857,6,0,0,25.3,22.0,20.1,4.3,2.1,26.2,27.8,Business-Critical
2025-02-24 18:00:00,WAN-NWK-01,WAN Primary - Facility A - AT&T MPLS,Newark,inbound,2103.15,1211.18,1966.77,988.78,666.13,255298,0.545,0,0,0,33.4,30.6,23.4,1.5,1.1,10.0,21.0,Real-Time
2025-02-24 18:00:00,WAN-STM-01,WAN Primary - Facility B - AT&T MPLS,Stamford,inbound,2363.92,1502.79,2193.85,1326.74,746.22,286004,0.676,2,8,0,39.0,34.7,16.1,1.9,2.8,5.5,23.6,Standard
2025-02-24 18:00:00,WAN-STM-02,WAN Secondary - Facility B - Lumen MPLS,Stamford,inbound,2808.36,1717.31,2439.65,1539.71,793.53,410000,0.773,4,5,2,28.4,34.4,20.4,3.5,1.5,11.8,28.1,Business-Critical
2025-02-24 18:00:00,IX-NWK-STM-01,Inter-Facility Dark Fiber Newark-Stamford,Inter-DC,inbound,2387.19,1313.98,2071.04,1249.97,579.89,320680,0.591,14,8,2,34.6,33.7,23.0,3.8,1.6,3.3,23.9,Real-Time
2025-02-24 20:00:00,WAN-STM-01,WAN Primary - Facility B - AT&T MPLS,Stamford,outbound,1555.32,832.48,1325.46,705.9,429.35,170804,0.375,1,2,0,27.7,28.3,20.6,1.4,2.7,19.3,15.6,Business-Critical
2025-02-24 21:00:00,WAN-STM-01,WAN Primary - Facility B - AT&T MPLS,Stamford,outbound,2107.98,1153.41,1783.86,1122.29,410.18,244726,0.519,5,1,1,34.6,28.9,16.0,1.1,2.5,16.9,21.1,Standard
2025-02-24 22:00:00,WAN-NWK-01,WAN Primary - Facility A - AT&T MPLS,Newark,outbound,1953.65,1049.74,1825.25,957.23,618.77,189502,0.472,8,4,0,39.0,34.1,24.9,2.7,1.6,0,19.5,Real-Time
2025-02-24 22:00:00,WAN-STM-01,WAN Primary - Facility B - AT&T MPLS,Stamford,inbound,1339.78,772.91,1243.91,696.14,314.82,195972,0.348,5,5,1,36.3,28.3,22.3,2.2,1.1,9.8,13.4,Business-Critical
2025-02-25 01:00:00,IX-NWK-STM-01,Inter-Facility Dark Fiber Newark-Stamford,Inter-DC,outbound,1165.88,742.25,1008.55,619.09,375.98,130762,0.334,3,0,1,26.0,20.4,23.2,4.4,1.3,24.7,11.7,Standard
2025-02-25 02:00:00,WAN-STM-01,WAN Primary - Facility B - AT&T MPLS,Stamford,inbound,981.76,527.48,892.84,432.72,188.91,117200,0.237,5,1,0,27.3,21.8,20.0,3.2,2.5,25.2,9.8,Standard
2025-02-25 02:00:00,WAN-STM-01,WAN Primary - Facility B - AT&T MPLS,Stamford,outbound,1403.21,843.73,1319.98,759.28,445.69,202313,0.38,3,3,0,34.9,22.5,20.3,3.0,2.8,16.5,14.0,Bulk-Transfer
2025-02-25 05:00:00,WAN-STM-01,WAN Primary - Facility B - AT&T MPLS,Stamford,outbound,1241.31,710.83,1147.24,584.08,396.92,160141,0.32,0,3,1,31.8,26.5,16.2,3.6,2.1,19.8,12.4,Real-Time
2025-02-25 06:00:00,WAN-NWK-01,WAN Primary - Facility A - AT&T MPLS,Newark,outbound,4002.98,2129.95,3522.16,2086.11,1026.15,486818,0.958,20,1,2,37.2,20.1,24.2,3.7,2.1,12.7,40.0,Real-Time
2025-02-25 07:00:00,WAN-NWK-01,WAN Primary - Facility A - AT&T MPLS,Newark,outbound,5339.33,3181.05,5058.58,2588.06,1016.47,632799,1.431,16,9,0,33.4,33.0,24.8,1.0,1.0,6.8,53.4,Standard
2025-02-25 07:00:00,IX-NWK-STM-01,Inter-Facility Dark Fiber Newark-Stamford,Inter-DC,inbound,3175.41,2022.57,2662.67,2000.78,867.75,403034,0.91,0,4,1,31.0,24.0,19.8,3.5,2.8,18.9,31.8,Real-Time
2025-02-25 08:00:00,WAN-STM-02,WAN Secondary - Facility B - Lumen MPLS,Stamford,inbound,5605.86,3938.95,4874.0,3505.56,1581.09,521890,1.773,24,1,1,32.4,32.0,23.7,1.9,2.2,7.8,56.1,Real-Time
2025-02-25 14:00:00,WAN-STM-02,WAN Secondary - Facility B - Lumen MPLS,Stamford,inbound,7905.59,5686.66,7346.48,5662.67,1901.02,760483,2.559,5,16,5,26.6,21.7,18.4,3.5,1.1,28.7,79.1,Business-Critical
2025-02-25 15:00:00,WAN-STM-02,WAN Secondary - Facility B - Lumen MPLS,Stamford,outbound,8826.18,6340.73,7945.39,5107.33,2223.21,834188,2.853,40,17,4,36.3,30.4,19.3,3.8,1.2,9.0,88.3,Standard
2025-02-25 17:00:00,WAN-NWK-02,WAN Secondary - Facility A - Lumen MPLS,Newark,inbound,2503.19,1582.06,2084.27,1356.86,691.91,225506,0.712,6,0,2,25.6,25.7,17.6,2.8,2.8,25.5,25.0,Real-Time
2025-02-25 18:00:00,WAN-STM-01,WAN Primary - Facility B - AT&T MPLS,Stamford,outbound,3851.24,2333.59,3209.62,2026.05,1300.7,344755,1.05,1,10,0,33.4,22.6,17.5,2.6,2.1,21.8,38.5,Bulk-Transfer
2025-02-25 19:00:00,WAN-STM-01,WAN Primary - Facility B - AT&T MPLS,Stamford,inbound,1592.09,1120.31,1451.76,987.95,502.84,227447,0.504,0,3,2,31.4,28.4,16.7,1.0,2.2,20.3,15.9,Real-Time
2025-02-25 19:00:00,WAN-STM-02,WAN Secondary - Facility B - Lumen MPLS,Stamford,outbound,2715.24,1517.52,2269.8,1480.24,845.76,346553,0.683,9,2,2,39.9,34.5,20.9,4.5,2.6,0,27.2,Real-Time
2025-02-25 21:00:00,WAN-STM-02,WAN Secondary - Facility B - Lumen MPLS,Stamford,outbound,1569.13,874.09,1470.47,754.81,275.75,194540,0.393,2,0,1,32.6,23.0,22.9,2.7,2.0,16.8,15.7,Real-Time
2025-02-25 22:00:00,WAN-STM-02,WAN Secondary - Facility B - Lumen MPLS,Stamford,outbound,1645.27,1075.1,1446.78,966.09,540.58,169512,0.484,8,0,1,33.4,23.0,23.7,1.2,1.7,17.0,16.5,Business-Critical
2025-02-25 23:00:00,WAN-STM-01,WAN Primary - Facility B - AT&T MPLS,Stamford,inbound,1300.86,881.3,1069.66,876.05,440.85,134319,0.397,6,3,1,25.5,22.7,19.0,3.1,3.0,26.7,13.0,Standard
2025-02-26 02:00:00,WAN-NWK-01,WAN Primary - Facility A - AT&T MPLS,Newark,outbound,1133.57,795.07,969.56,641.11,435.86,156739,0.358,3,2,1,38.2,29.6,16.2,1.4,1.2,13.4,11.3,Bulk-Transfer
2025-02-26 02:00:00,WAN-NWK-02,WAN Secondary - Facility A - Lumen MPLS,Newark,outbound,1104.32,610.11,975.72,511.52,239.45,102573,0.275,4,0,1,30.8,20.1,15.9,2.7,2.8,27.7,11.0,Standard
2025-02-26 03:00:00,WAN-NWK-01,WAN Primary - Facility A - AT&T MPLS,Newark,outbound,1159.07,640.33,1014.88,544.81,300.61,135546,0.288,2,0,1,33.3,34.2,20.6,4.5,1.4,6.0,11.6,Business-Critical
2025-02-26 03:00:00,WAN-STM-02,WAN Secondary - Facility B - Lumen MPLS,Stamford,outbound,1074.1,607.29,924.7,576.99,292.55,117015,0.273,1,0,0,28.5,24.9,21.8,3.8,2.3,18.7,10.7,Real-Time
2025-02-26 04:00:00,WAN-NWK-01,WAN Primary - Facility A - AT&T MPLS,Newark,inbound,779.96,473.38,738.78,430.03,146.43,111944,0.213,1,1,1,33.9,33.3,20.4,3.3,1.8,7.3,7.8,Standard
2025-02-26 04:00:00,WAN-NWK-02,WAN Secondary - Facility A - Lumen MPLS,Newark,outbound,1406.91,1003.12,1205.12,946.66,411.23,168135,0.451,0,1,1,29.6,21.5,15.6,1.8,1.8,29.7,14.1,Business-Critical
2025-02-26 05:00:00,WAN-NWK-01,WAN Primary - Facility A - AT&T MPLS,Newark,outbound,1384.64,939.35,1151.23,849.44,558.5,188217,0.423,5,1,0,37.3,33.3,16.7,2.6,2.6,7.5,13.8,Standard
2025-02-26 05:00:00,WAN-STM-02,WAN Secondary - Facility B - Lumen MPLS,Stamford,inbound,928.75,488.64,860.1,402.81,209.92,85233,0.22,0,0,0,27.3,31.3,17.8,4.1,2.7,16.8,9.3,Real-Time
2025-02-26 08:00:00,WAN-STM-02,WAN Secondary - Facility B - Lumen MPLS,Stamford,outbound,6108.6,3983.65,5089.72,3766.16,2086.54,662097,1.793,14,18,4,38.1,28.5,20.2,2.8,1.2,9.2,61.1,Bulk-Transfer
2025-02-26 10:00:00,WAN-STM-01,WAN Primary - Facility B - AT&T MPLS,Stamford,inbound,7710.48,5149.02,6629.2,4170.39,1800.8,1039610,2.317,0,30,0,36.5,30.2,20.9,3.1,3.0,6.3,77.1,Standard
2025-02-26 10:00:00,WAN-STM-02,WAN Secondary - Facility B - Lumen MPLS,Stamford,outbound,8178.9,5673.9,7369.35,4666.24,2854.64,859798,2.553,35,16,7,34.1,23.1,18.7,3.1,2.0,19.0,81.8,Business-Critical
2025-02-26 12:00:00,WAN-NWK-01,WAN Primary - Facility A - AT&T MPLS,Newark,inbound,7323.38,5170.06,6135.15,4269.46,2534.48,725389,2.327,15,8,4,31.0,33.7,22.0,1.3,1.7,10.3,73.2,Bulk-Transfer
2025-02-26 12:00:00,WAN-NWK-02,WAN Secondary - Facility A - Lumen MPLS,Newark,outbound,8836.77,5215.08,7451.38,4375.88,2187.08,795442,2.347,34,5,0,25.6,28.4,24.5,1.4,1.6,18.5,88.4,Bulk-Transfer
2025-02-26 14:00:00,WAN-NWK-01,WAN Primary - Facility A - AT&T MPLS,Newark,inbound,9500.0,6454.68,8093.24,6367.31,3753.61,1252904,2.905,39,35,10,31.6,28.5,21.7,4.3,2.4,11.5,95.0,Standard
2025-02-26 14:00:00,IX-NWK-STM-01,Inter-Facility Dark Fiber Newark-Stamford,Inter-DC,outbound,9500.0,5693.73,8672.69,4629.58,2465.26,853570,2.562,33,6,4,38.5,26.9,15.2,3.6,1.2,14.6,95.0,Real-Time
2025-02-26 14:00:00,VLAN-110-SVR-NWK-091,Production VLAN - SVR-NWK-091 Traffic,Newark,inbound,228.97,98.51,201.49,88.66,39.41,20606,0.044,0,1,0,31.3,39.3,17.6,2.2,1.7,7.7,2.3,Standard
2025-02-26 18:00:00,WAN-NWK-02,WAN Secondary - Facility A - Lumen MPLS,Newark,outbound,3171.22,2006.41,2648.84,1846.26,978.66,364507,0.903,5,0,0,29.8,32.3,16.4,1.3,2.8,17.4,31.7,Standard
2025-02-26 21:00:00,WAN-NWK-02,WAN Secondary - Facility A - Lumen MPLS,Newark,outbound,1861.92,1175.29,1541.89,1035.76,657.12,179416,0.529,0,2,1,33.6,30.6,19.8,1.7,1.6,12.7,18.6,Bulk-Transfer
2025-02-27 00:00:00,WAN-STM-01,WAN Primary - Facility B - AT&T MPLS,Stamford,inbound,924.58,595.24,814.41,579.19,248.17,125654,0.268,2,3,0,37.3,22.0,18.9,1.4,1.8,18.6,9.2,Standard
2025-02-27 01:00:00,WAN-NWK-01,WAN Primary - Facility A - AT&T MPLS,Newark,outbound,1303.32,739.84,1174.09,625.64,309.53,106904,0.333,3,3,1,25.7,20.9,21.9,2.6,2.3,26.6,13.0,Business-Critical
2025-02-27 04:00:00,WAN-STM-01,WAN Primary - Facility B - AT&T MPLS,Stamford,outbound,1361.88,727.51,1265.27,662.2,315.18,130328,0.327,0,0,1,31.4,23.8,22.1,4.8,1.3,16.6,13.6,Bulk-Transfer
2025-02-27 04:00:00,WAN-STM-02,WAN Secondary - Facility B - Lumen MPLS,Stamford,inbound,803.91,477.75,691.98,447.01,281.41,104623,0.215,1,3,1,33.3,20.5,17.3,2.2,1.2,25.5,8.0,Standard
2025-02-27 05:00:00,WAN-NWK-02,WAN Secondary - Facility A - Lumen MPLS,Newark,inbound,935.34,644.15,798.33,632.21,364.81,97841,0.29,1,0,1,31.6,28.5,19.4,4.4,2.3,13.8,9.4,Real-Time
2025-02-27 06:00:00,WAN-NWK-02,WAN Secondary - Facility A - Lumen MPLS,Newark,outbound,3787.05,2212.87,3249.99,2112.31,1246.4,410443,0.996,12,6,3,39.2,27.0,17.8,4.5,1.0,10.5,37.9,Business-Critical
2025-02-27 07:00:00,WAN-STM-01,WAN Primary - Facility B - AT&T MPLS,Stamford,outbound,6103.65,4005.5,5123.32,3805.67,1876.28,525698,1.802,7,15,3,34.3,21.4,24.2,2.4,1.4,16.3,61.0,Standard
2025-02-27 10:00:00,WAN-NWK-01,WAN Primary - Facility A - AT&T MPLS,Newark,inbound,8866.31,6183.79,7943.83,5793.18,3156.42,1021079,2.783,45,21,6,34.1,31.7,19.7,1.7,1.1,11.7,88.7,Standard
2025-02-27 10:00:00,IX-NWK-STM-01,Inter-Facility Dark Fiber Newark-Stamford,Inter-DC,inbound,7012.62,4909.53,6569.15,4552.6,2731.77,576556,2.209,28,0,3,39.9,29.2,16.5,4.1,2.4,7.9,70.1,Bulk-Transfer
2025-02-27 11:00:00,WAN-STM-02,WAN Secondary - Facility B - Lumen MPLS,Stamford,inbound,6559.5,4066.95,6030.56,3527.53,2105.39,542532,1.83,19,12,2,26.4,29.5,19.0,4.4,2.9,17.8,65.6,Standard
2025-02-27 14:00:00,WAN-NWK-02,WAN Secondary - Facility A - Lumen MPLS,Newark,outbound,9500.0,6028.17,7917.63,5106.97,2239.34,1322918,2.713,13,31,1,28.7,24.1,19.7,4.6,1.9,21.0,95.0,Standard
2025-02-27 14:00:00,WAN-STM-01,WAN Primary - Facility B - AT&T MPLS,Stamford,inbound,8164.7,5195.28,6888.14,4979.84,2897.53,1212249,2.338,47,7,0,39.6,33.9,17.0,3.0,2.4,4.1,81.6,Standard
2025-02-27 14:00:00,WAN-STM-02,WAN Secondary - Facility B - Lumen MPLS,Stamford,inbound,6180.63,4362.47,5208.71,3934.46,2547.4,550223,1.963,2,1,3,36.2,33.3,19.1,5.0,1.2,5.2,61.8,Bulk-Transfer
2025-02-27 14:00:00,VLAN-110-SVR-NWK-091,Production VLAN - SVR-NWK-091 Traffic,Newark,inbound,656.85,334.82,578.02,301.34,133.93,59116,0.151,1,1,0,30.9,31.7,10.8,2.2,1.5,13.3,6.6,Standard
2025-02-27 15:00:00,IX-NWK-STM-01,Inter-Facility Dark Fiber Newark-Stamford,Inter-DC,inbound,7962.93,4264.4,6727.27,3741.06,1816.72,1161932,1.919,45,9,4,28.5,31.8,19.4,3.3,2.6,14.4,79.6,Business-Critical
2025-02-27 15:00:00,IX-NWK-STM-01,Inter-Facility Dark Fiber Newark-Stamford,Inter-DC,outbound,9500.0,5623.91,7974.17,5461.81,3279.77,812488,2.531,32,11,6,37.6,31.4,23.5,3.0,2.8,1.7,95.0,Business-Critical
2025-02-27 17:00:00,IX-NWK-STM-01,Inter-Facility Dark Fiber Newark-Stamford,Inter-DC,inbound,3308.75,1924.39,2817.07,1907.73,1139.26,362045,0.866,14,4,1,31.5,23.1,24.6,2.4,2.6,15.8,33.1,Business-Critical
2025-02-27 18:00:00,WAN-STM-02,WAN Secondary - Facility B - Lumen MPLS,Stamford,outbound,3259.25,1717.12,2844.49,1422.3,891.58,303231,0.773,12,2,0,35.1,27.8,20.9,4.5,1.8,9.9,32.6,Bulk-Transfer
2025-02-27 19:00:00,WAN-STM-01,WAN Primary - Facility B - AT&T MPLS,Stamford,outbound,2626.37,1407.37,2419.19,1270.89,603.52,390517,0.633,0,0,1,29.8,34.4,23.3,2.0,1.9,8.6,26.3,Standard
2025-02-27 21:00:00,WAN-NWK-02,WAN Secondary - Facility A - Lumen MPLS,Newark,outbound,1510.95,955.44,1411.96,771.68,447.44,184796,0.43,4,4,1,25.9,28.1,16.7,4.2,1.1,24.0,15.1,Business-Critical
2025-02-27 22:00:00,WAN-NWK-01,WAN Primary - Facility A - AT&T MPLS,Newark,inbound,1259.35,780.03,1149.14,743.39,464.95,134535,0.351,3,2,1,29.4,28.0,21.6,2.7,1.5,16.8,12.6,Business-Critical
2025-02-27 22:00:00,WAN-STM-01,WAN Primary - Facility B - AT&T MPLS,Stamford,inbound,1273.41,709.07,1126.7,705.46,260.32,187356,0.319,1,0,1,35.5,34.1,17.9,4.4,1.8,6.3,12.7,Real-Time
2025-02-28 01:00:00,WAN-NWK-02,WAN Secondary - Facility A - Lumen MPLS,Newark,inbound,880.97,571.86,794.84,461.84,205.52,90007,0.257,4,1,0,27.7,31.1,20.8,2.8,1.9,15.7,8.8,Real-Time
2025-02-28 01:00:00,WAN-STM-01,WAN Primary - Facility B - AT&T MPLS,Stamford,inbound,879.46,543.3,762.77,537.07,231.12,117911,0.244,1,1,1,33.2,20.6,23.1,2.0,2.7,18.4,8.8,Bulk-Transfer
2025-02-28 01:00:00,IX-NWK-STM-01,Inter-Facility Dark Fiber Newark-Stamford,Inter-DC,inbound,963.79,535.02,846.63,431.45,318.73,104696,0.241,2,2,0,26.4,34.9,17.4,1.0,2.1,18.2,9.6,Standard
2025-02-28 02:00:00,WAN-NWK-02,WAN Secondary - Facility A - Lumen MPLS,Newark,inbound,706.69,468.68,588.84,398.88,211.88,80989,0.211,0,1,1,36.1,21.8,23.4,2.3,1.0,15.4,7.1,Standard
2025-02-28 02:00:00,WAN-STM-01,WAN Primary - Facility B - AT&T MPLS,Stamford,inbound,750.23,428.33,625.68,349.1,191.86,112091,0.193,4,3,0,34.7,23.4,15.2,1.7,2.8,22.2,7.5,Standard
2025-02-28 03:00:00,WAN-NWK-02,WAN Secondary - Facility A - Lumen MPLS,Newark,outbound,1264.37,853.09,1154.23,826.71,342.55,188255,0.384,5,3,0,34.9,26.9,15.7,2.2,2.4,17.9,12.6,Business-Critical
2025-02-28 06:00:00,WAN-NWK-02,WAN Secondary - Facility A - Lumen MPLS,Newark,inbound,2816.14,1997.82,2662.41,1937.14,949.45,402385,0.899,1,5,1,37.4,31.6,20.1,4.8,3.0,3.1,28.2,Standard
2025-02-28 07:00:00,WAN-STM-01,WAN Primary - Facility B - AT&T MPLS,Stamford,inbound,3680.84,2546.36,3471.41,2398.88,798.05,509101,1.146,15,4,1,38.3,21.6,22.3,2.8,2.6,12.4,36.8,Bulk-Transfer
2025-02-28 12:00:00,WAN-STM-01,WAN Primary - Facility B - AT&T MPLS,Stamford,outbound,9500.0,6766.86,8553.6,6195.6,3276.38,1259374,3.045,24,9,12,25.5,34.9,22.0,3.3,2.7,11.6,95.0,Business-Critical
2025-02-28 13:00:00,WAN-STM-01,WAN Primary - Facility B - AT&T MPLS,Stamford,outbound,9500.0,5238.7,8997.68,5127.76,1781.2,1144882,2.357,43,22,1,25.3,31.6,24.0,1.4,2.2,15.5,95.0,Standard
2025-02-28 13:00:00,WAN-STM-02,WAN Secondary - Facility B - Lumen MPLS,Stamford,inbound,6661.93,4037.46,5479.9,3531.45,1346.27,891548,1.817,25,14,8,36.2,34.2,15.3,4.6,2.1,7.6,66.6,Bulk-Transfer
2025-02-28 14:00:00,IX-NWK-STM-01,Inter-Facility Dark Fiber Newark-Stamford,Inter-DC,inbound,7845.63,4312.59,6538.81,3500.09,1974.26,1029880,1.941,35,1,5,28.9,20.9,23.4,1.0,2.0,23.8,78.5,Real-Time
2025-02-28 15:00:00,WAN-NWK-01,WAN Primary - Facility A - AT&T MPLS,Newark,outbound,9381.92,6062.17,8060.26,5983.52,2858.77,818173,2.728,20,20,2,30.3,25.2,24.4,2.8,1.3,16.0,93.8,Bulk-Transfer
2025-02-28 15:00:00,IX-NWK-STM-01,Inter-Facility Dark Fiber Newark-Stamford,Inter-DC,outbound,8157.48,4692.21,6923.32,3981.95,2333.21,958926,2.111,11,18,7,31.9,22.6,16.7,1.1,2.2,25.5,81.6,Business-Critical
2025-02-28 16:00:00,IX-NWK-STM-01,Inter-Facility Dark Fiber Newark-Stamford,Inter-DC,inbound,2963.84,1692.39,2752.06,1541.64,883.1,343579,0.762,13,6,1,31.5,23.0,20.7,2.7,2.6,19.5,29.6,Bulk-Transfer
2025-02-28 17:00:00,IX-NWK-STM-01,Inter-Facility Dark Fiber Newark-Stamford,Inter-DC,inbound,2912.37,1610.78,2614.77,1302.83,685.6,374263,0.725,11,5,1,33.7,32.4,21.2,4.7,2.1,5.9,29.1,Standard
2025-02-28 18:00:00,WAN-STM-02,WAN Secondary - Facility B - Lumen MPLS,Stamford,inbound,2774.43,1740.5,2285.41,1462.9,834.95,251444,0.783,4,4,2,35.3,24.1,15.2,1.9,1.5,22.0,27.7,Real-Time
2025-02-28 18:00:00,IX-NWK-STM-01,Inter-Facility Dark Fiber Newark-Stamford,Inter-DC,outbound,2933.82,1529.14,2523.17,1418.27,496.68,362487,0.688,5,1,0,38.8,27.7,18.5,4.8,1.9,8.3,29.3,Real-Time
2025-02-28 19:00:00,WAN-STM-01,WAN Primary - Facility B - AT&T MPLS,Stamford,outbound,2229.95,1245.88,2100.18,1020.12,433.23,262229,0.561,4,1,0,26.3,20.3,23.2,2.6,1.1,26.5,22.3,Bulk-Transfer
2025-02-28 20:00:00,WAN-NWK-02,WAN Secondary - Facility A - Lumen MPLS,Newark,outbound,2021.39,1327.2,1660.28,1109.56,588.15,210416,0.597,3,5,0,31.0,25.4,18.7,2.3,1.6,21.0,20.2,Real-Time
2025-02-28 21:00:00,WAN-STM-01,WAN Primary - Facility B - AT&T MPLS,Stamford,outbound,1768.14,968.93,1593.8,878.96,435.56,252406,0.436,0,0,0,26.6,33.7,18.6,2.5,1.1,17.5,17.7,Bulk-Transfer
2025-02-28 22:00:00,WAN-NWK-02,WAN Secondary - Facility A - Lumen MPLS,Newark,inbound,1065.02,562.0,904.63,482.64,324.25,148772,0.253,0,2,0,30.3,32.5,24.3,2.3,2.4,8.2,10.7,Business-Critical
