timestamp,sensor_id,sensor_type,location,rack_id,facility,reading_value,unit,threshold_low,threshold_high,alert_status,calibration_date,sensor_firmware
2025-02-01 00:00:00,TEMP-STM-E-HOT,Temperature,Row E Hot Aisle,STM-R45,Stamford,35.7,°C,25.0,45.0,OK,2024-12-21,v2.1.4
2025-02-01 00:00:00,LEAK-NWK-05,Water Leak,Zone 5 Under-floor,,Newark,0,boolean,0,1,OK,2024-10-15,v2.2.0
2025-02-01 00:00:00,CRAC-NWK-3-RET,CRAC Return Temp,CRAC-N3 Return,,Newark,26.6,°C,20.0,35.0,OK,2024-11-21,v2.1.4
2025-02-01 00:00:00,LEAK-STM-02,Water Leak,Zone 2 Under-floor,,Stamford,0,boolean,0,1,OK,2024-08-07,v2.2.0
2025-02-01 01:00:00,TEMP-STM-E-HOT,Temperature,Row E Hot Aisle,STM-R45,Stamford,36.2,°C,25.0,45.0,OK,2024-07-05,v2.2.1
2025-02-01 01:00:00,TEMP-STM-B-HOT,Temperature,Row B Hot Aisle,STM-R15,Stamford,30.1,°C,25.0,45.0,OK,2024-08-11,v2.2.1
2025-02-01 01:00:00,CRAC-NWK-2-RET,CRAC Return Temp,CRAC-N2 Return,,Newark,31.1,°C,20.0,35.0,OK,2024-11-19,v2.2.0
2025-02-01 02:00:00,TEMP-STM-E-HOT,Temperature,Row E Hot Aisle,STM-R45,Stamford,36.5,°C,25.0,45.0,OK,2024-06-08,v2.1.4
2025-02-01 02:00:00,LEAK-NWK-08,Water Leak,Zone 8 Under-floor,,Newark,0,boolean,0,1,OK,2024-08-17,v2.2.1
2025-02-01 02:00:00,TEMP-STM-E-COLD,Temperature,Row E Cold Aisle,STM-R41,Stamford,20.9,°C,18.0,27.0,OK,2024-08-18,v2.1.4
2025-02-01 02:00:00,TEMP-NWK-B-HOT,Temperature,Row B Hot Aisle,NWK-R15,Newark,30.8,°C,25.0,45.0,OK,2024-08-16,v2.1.6
2025-02-01 03:00:00,TEMP-STM-E-HOT,Temperature,Row E Hot Aisle,STM-R45,Stamford,36.9,°C,25.0,45.0,OK,2024-06-06,v2.1.6
2025-02-01 04:00:00,TEMP-NWK-C-HOT,Temperature,Row C Hot Aisle,NWK-R25,Newark,35.7,°C,25.0,45.0,OK,2024-08-01,v2.2.0
2025-02-01 04:00:00,TEMP-STM-E-HOT,Temperature,Row E Hot Aisle,STM-R45,Stamford,38.0,°C,25.0,45.0,OK,2024-08-21,v2.2.1
2025-02-01 04:00:00,AIRFLOW-STM-B,Airflow,Row B Floor Tile,STM-R12,Stamford,730,CFM,200,2000,OK,2024-09-28,v2.1.6
2025-02-01 04:00:00,HUMID-NWK-G,Humidity,Row G,NWK-R63,Newark,50.7,%RH,30.0,60.0,OK,2024-11-14,v2.2.0
2025-02-01 04:00:00,PWR-NWK-UPS3,UPS Load,UPS-N3,,Newark,91.0,kW,0,200,OK,2024-10-02,v2.1.6
2025-02-01 05:00:00,TEMP-NWK-C-HOT,Temperature,Row C Hot Aisle,NWK-R25,Newark,35.6,°C,25.0,45.0,OK,2024-07-02,v2.1.6
2025-02-01 05:00:00,TEMP-STM-E-HOT,Temperature,Row E Hot Aisle,STM-R45,Stamford,38.3,°C,25.0,45.0,OK,2024-12-05,v2.2.0
2025-02-01 05:00:00,PWR-NWK-UPS3,UPS Load,UPS-N3,,Newark,85.0,kW,0,200,OK,2024-11-13,v2.1.6
2025-02-01 05:00:00,AIRFLOW-STM-D,Airflow,Row D Floor Tile,STM-R32,Stamford,1351,CFM,200,2000,OK,2024-11-02,v2.2.0
2025-02-01 06:00:00,TEMP-STM-E-HOT,Temperature,Row E Hot Aisle,STM-R45,Stamford,37.6,°C,25.0,45.0,OK,2024-09-16,v2.2.0
2025-02-01 07:00:00,TEMP-STM-E-HOT,Temperature,Row E Hot Aisle,STM-R45,Stamford,36.8,°C,25.0,45.0,OK,2024-06-19,v2.2.0
2025-02-01 07:00:00,TEMP-NWK-F-COLD,Temperature,Row F Cold Aisle,NWK-R51,Newark,21.0,°C,18.0,27.0,OK,2024-10-14,v2.2.1
2025-02-01 07:00:00,LEAK-NWK-01,Water Leak,Zone 1 Under-floor,,Newark,0,boolean,0,1,OK,2024-10-20,v2.1.6
2025-02-01 07:00:00,HUMID-STM-E,Humidity,Row E,STM-R43,Stamford,46.5,%RH,30.0,60.0,OK,2024-09-24,v2.2.1
2025-02-01 08:00:00,TEMP-NWK-C-HOT,Temperature,Row C Hot Aisle,NWK-R25,Newark,35.7,°C,25.0,45.0,OK,2024-10-22,v2.1.4
2025-02-01 08:00:00,TEMP-STM-E-HOT,Temperature,Row E Hot Aisle,STM-R45,Stamford,36.7,°C,25.0,45.0,OK,2024-06-16,v2.1.4
2025-02-01 08:00:00,CRAC-STM-1-RET,CRAC Return Temp,CRAC-S1 Return,,Stamford,32.6,°C,20.0,35.0,OK,2024-07-24,v2.2.0
2025-02-01 09:00:00,TEMP-STM-E-HOT,Temperature,Row E Hot Aisle,STM-R45,Stamford,37.7,°C,25.0,45.0,OK,2024-10-22,v2.2.1
2025-02-01 09:00:00,TEMP-STM-D-COLD,Temperature,Row D Cold Aisle,STM-R31,Stamford,21.3,°C,18.0,27.0,OK,2024-11-05,v2.1.4
2025-02-01 09:00:00,CRAC-NWK-6-RET,CRAC Return Temp,CRAC-N6 Return,,Newark,30.1,°C,20.0,35.0,OK,2024-09-11,v2.1.4
2025-02-01 10:00:00,TEMP-STM-E-HOT,Temperature,Row E Hot Aisle,STM-R45,Stamford,35.7,°C,25.0,45.0,OK,2024-07-06,v2.1.6
2025-02-01 10:00:00,CRAC-STM-3-SUP,CRAC Supply Temp,CRAC-S3 Supply,,Stamford,14.8,°C,10.0,18.0,OK,2024-12-25,v2.1.6
2025-02-01 11:00:00,TEMP-STM-E-HOT,Temperature,Row E Hot Aisle,STM-R45,Stamford,36.6,°C,25.0,45.0,OK,2024-12-18,v2.1.6
2025-02-01 11:00:00,CRAC-NWK-2-RET,CRAC Return Temp,CRAC-N2 Return,,Newark,31.7,°C,20.0,35.0,OK,2024-10-03,v2.1.6
2025-02-01 12:00:00,TEMP-STM-E-HOT,Temperature,Row E Hot Aisle,STM-R45,Stamford,35.4,°C,25.0,45.0,OK,2024-07-07,v2.1.4
2025-02-01 13:00:00,HUMID-NWK-B,Humidity,Row B,NWK-R13,Newark,48.2,%RH,30.0,60.0,OK,2024-06-17,v2.2.0
2025-02-01 14:00:00,CRAC-STM-4-RET,CRAC Return Temp,CRAC-S4 Return,,Stamford,26.7,°C,20.0,35.0,OK,2024-07-06,v2.1.6
2025-02-01 14:00:00,LEAK-STM-04,Water Leak,Zone 4 Under-floor,,Stamford,0,boolean,0,1,OK,2024-09-22,v2.2.1
2025-02-01 14:00:00,CRAC-STM-1-RET,CRAC Return Temp,CRAC-S1 Return,,Stamford,30.8,°C,20.0,35.0,OK,2024-08-19,v2.2.0
2025-02-01 15:00:00,AIRFLOW-NWK-B,Airflow,Row B Floor Tile,NWK-R12,Newark,1348,CFM,200,2000,OK,2024-10-10,v2.1.6
2025-02-01 15:00:00,CRAC-STM-2-RET,CRAC Return Temp,CRAC-S2 Return,,Stamford,28.0,°C,20.0,35.0,OK,2024-08-16,v2.1.6
2025-02-01 16:00:00,TEMP-NWK-B-COLD,Temperature,Row B Cold Aisle,NWK-R11,Newark,19.3,°C,18.0,27.0,OK,2024-06-06,v2.2.1
2025-02-01 18:00:00,TEMP-STM-A-HOT,Temperature,Row A Hot Aisle,STM-R05,Stamford,35.5,°C,25.0,45.0,OK,2024-07-06,v2.1.4
2025-02-01 18:00:00,LEAK-STM-01,Water Leak,Zone 1 Under-floor,,Stamford,0,boolean,0,1,OK,2024-09-24,v2.1.6
2025-02-01 18:00:00,TEMP-NWK-A-COLD,Temperature,Row A Cold Aisle,NWK-R01,Newark,19.7,°C,18.0,27.0,OK,2024-10-15,v2.1.4
2025-02-01 18:00:00,AIRFLOW-NWK-F,Airflow,Row F Floor Tile,NWK-R52,Newark,746,CFM,200,2000,OK,2024-09-24,v2.2.0
2025-02-01 19:00:00,TEMP-STM-D-HOT,Temperature,Row D Hot Aisle,STM-R35,Stamford,35.4,°C,25.0,45.0,OK,2024-09-19,v2.1.6
2025-02-01 19:00:00,TEMP-NWK-B-HOT,Temperature,Row B Hot Aisle,NWK-R15,Newark,27.8,°C,25.0,45.0,OK,2024-12-11,v2.2.1
2025-02-01 19:00:00,AIRFLOW-NWK-B,Airflow,Row B Floor Tile,NWK-R12,Newark,1128,CFM,200,2000,OK,2024-08-22,v2.2.1
2025-02-01 19:00:00,TEMP-STM-E-COLD,Temperature,Row E Cold Aisle,STM-R41,Stamford,19.2,°C,18.0,27.0,OK,2024-07-06,v2.1.4
2025-02-01 20:00:00,HUMID-NWK-D,Humidity,Row D,NWK-R33,Newark,46.4,%RH,30.0,60.0,OK,2024-10-09,v2.1.4
2025-02-01 20:00:00,AIRFLOW-STM-E,Airflow,Row E Floor Tile,STM-R42,Stamford,814,CFM,200,2000,OK,2024-12-26,v2.2.1
2025-02-01 20:00:00,AIRFLOW-NWK-A,Airflow,Row A Floor Tile,NWK-R02,Newark,1051,CFM,200,2000,OK,2024-11-23,v2.2.0
2025-02-01 20:00:00,TEMP-STM-B-COLD,Temperature,Row B Cold Aisle,STM-R11,Stamford,19.1,°C,18.0,27.0,OK,2024-11-19,v2.2.0
2025-02-01 21:00:00,TEMP-STM-E-HOT,Temperature,Row E Hot Aisle,STM-R45,Stamford,35.1,°C,25.0,45.0,OK,2024-06-14,v2.1.4
2025-02-01 21:00:00,CRAC-STM-3-RET,CRAC Return Temp,CRAC-S3 Return,,Stamford,29.9,°C,20.0,35.0,OK,2024-06-13,v2.1.6
2025-02-01 22:00:00,TEMP-NWK-E-COLD,Temperature,Row E Cold Aisle,NWK-R41,Newark,37.2,°C,18.0,27.0,OK,2024-09-15,v2.1.4
2025-02-01 22:00:00,TEMP-STM-E-HOT,Temperature,Row E Hot Aisle,STM-R45,Stamford,35.6,°C,25.0,45.0,OK,2024-06-20,v2.1.6
2025-02-01 22:00:00,TEMP-STM-D-COLD,Temperature,Row D Cold Aisle,STM-R31,Stamford,19.5,°C,18.0,27.0,OK,2024-11-10,v2.2.1
2025-02-01 22:00:00,TEMP-NWK-D-HOT,Temperature,Row D Hot Aisle,NWK-R35,Newark,27.6,°C,25.0,45.0,OK,2024-11-18,v2.2.0
2025-02-01 23:00:00,TEMP-STM-B-HOT,Temperature,Row B Hot Aisle,STM-R15,Stamford,37.9,°C,25.0,45.0,OK,2024-11-18,v2.2.1
2025-02-01 23:00:00,TEMP-STM-E-HOT,Temperature,Row E Hot Aisle,STM-R45,Stamford,35.6,°C,25.0,45.0,OK,2024-11-11,v2.2.1
2025-02-01 23:00:00,PWR-STM-UPS1,UPS Load,UPS-S1,,Stamford,72.5,kW,0,200,OK,2024-08-03,v2.2.1
2025-02-01 23:00:00,TEMP-STM-A-HOT,Temperature,Row A Hot Aisle,STM-R05,Stamford,28.8,°C,25.0,45.0,OK,2024-11-13,v2.2.1
2025-02-02 00:00:00,HUMID-NWK-D,Humidity,Row D,NWK-R33,Newark,49.0,%RH,30.0,60.0,OK,2024-09-12,v2.1.4
2025-02-02 00:00:00,LEAK-NWK-06,Water Leak,Zone 6 Under-floor,,Newark,0,boolean,0,1,OK,2024-08-07,v2.2.0
2025-02-02 00:00:00,CRAC-STM-4-RET,CRAC Return Temp,CRAC-S4 Return,,Stamford,27.2,°C,20.0,35.0,OK,2024-10-02,v2.1.4
2025-02-02 01:00:00,TEMP-STM-E-HOT,Temperature,Row E Hot Aisle,STM-R45,Stamford,35.1,°C,25.0,45.0,OK,2024-12-15,v2.2.0
2025-02-02 02:00:00,TEMP-NWK-C-HOT,Temperature,Row C Hot Aisle,NWK-R25,Newark,35.1,°C,25.0,45.0,OK,2024-12-23,v2.1.4
2025-02-02 02:00:00,TEMP-STM-E-HOT,Temperature,Row E Hot Aisle,STM-R45,Stamford,36.6,°C,25.0,45.0,OK,2024-09-04,v2.1.4
2025-02-02 03:00:00,TEMP-STM-E-HOT,Temperature,Row E Hot Aisle,STM-R45,Stamford,37.1,°C,25.0,45.0,OK,2024-09-16,v2.1.6
2025-02-02 03:00:00,LEAK-NWK-06,Water Leak,Zone 6 Under-floor,,Newark,0,boolean,0,1,OK,2024-12-13,v2.1.4
2025-02-02 03:00:00,AIRFLOW-STM-A,Airflow,Row A Floor Tile,STM-R02,Stamford,862,CFM,200,2000,OK,2024-09-08,v2.1.4
2025-02-02 04:00:00,TEMP-STM-E-HOT,Temperature,Row E Hot Aisle,STM-R45,Stamford,36.1,°C,25.0,45.0,OK,2024-06-18,v2.2.0
2025-02-02 05:00:00,TEMP-STM-E-HOT,Temperature,Row E Hot Aisle,STM-R45,Stamford,36.8,°C,25.0,45.0,OK,2024-10-19,v2.2.1
2025-02-02 05:00:00,PWR-NWK-UPS2,UPS Load,UPS-N2,,Newark,85.4,kW,0,200,OK,2024-06-25,v2.2.1
2025-02-02 05:00:00,TEMP-NWK-G-COLD,Temperature,Row G Cold Aisle,NWK-R61,Newark,20.5,°C,18.0,27.0,OK,2024-10-16,v2.2.1
2025-02-02 06:00:00,TEMP-NWK-C-HOT,Temperature,Row C Hot Aisle,NWK-R25,Newark,35.2,°C,25.0,45.0,OK,2024-07-09,v2.2.1
2025-02-02 06:00:00,TEMP-STM-E-HOT,Temperature,Row E Hot Aisle,STM-R45,Stamford,37.0,°C,25.0,45.0,OK,2024-10-26,v2.1.4
2025-02-02 06:00:00,CRAC-NWK-2-RET,CRAC Return Temp,CRAC-N2 Return,,Newark,33.1,°C,20.0,35.0,OK,2024-07-27,v2.2.1
2025-02-02 06:00:00,LEAK-NWK-02,Water Leak,Zone 2 Under-floor,,Newark,0,boolean,0,1,OK,2024-07-23,v2.2.0
2025-02-02 06:00:00,TEMP-STM-D-COLD,Temperature,Row D Cold Aisle,STM-R31,Stamford,22.1,°C,18.0,27.0,OK,2024-12-11,v2.1.4
2025-02-02 06:00:00,CRAC-NWK-6-RET,CRAC Return Temp,CRAC-N6 Return,,Newark,30.6,°C,20.0,35.0,OK,2024-11-10,v2.2.1
2025-02-02 06:00:00,TEMP-STM-C-COLD,Temperature,Row C Cold Aisle,STM-R21,Stamford,22.0,°C,18.0,27.0,OK,2024-10-22,v2.2.1
2025-02-02 07:00:00,TEMP-NWK-C-HOT,Temperature,Row C Hot Aisle,NWK-R25,Newark,35.2,°C,25.0,45.0,OK,2024-08-17,v2.1.4
2025-02-02 07:00:00,TEMP-STM-E-HOT,Temperature,Row E Hot Aisle,STM-R45,Stamford,37.5,°C,25.0,45.0,OK,2024-07-13,v2.2.1
2025-02-02 07:00:00,LEAK-STM-03,Water Leak,Zone 3 Under-floor,,Stamford,0,boolean,0,1,OK,2024-06-06,v2.1.6
2025-02-02 07:00:00,CRAC-NWK-3-RET,CRAC Return Temp,CRAC-N3 Return,,Newark,28.1,°C,20.0,35.0,OK,2024-06-04,v2.1.6
2025-02-02 08:00:00,TEMP-STM-E-HOT,Temperature,Row E Hot Aisle,STM-R45,Stamford,36.4,°C,25.0,45.0,OK,2024-09-09,v2.1.4
2025-02-02 09:00:00,TEMP-NWK-C-HOT,Temperature,Row C Hot Aisle,NWK-R25,Newark,35.6,°C,25.0,45.0,OK,2024-07-18,v2.1.4
2025-02-02 09:00:00,TEMP-STM-E-HOT,Temperature,Row E Hot Aisle,STM-R45,Stamford,36.8,°C,25.0,45.0,OK,2024-12-08,v2.2.1
2025-02-02 09:00:00,TEMP-NWK-F-HOT,Temperature,Row F Hot Aisle,NWK-R55,Newark,32.5,°C,25.0,45.0,OK,2024-06-18,v2.1.4
2025-02-02 09:00:00,TEMP-STM-A-HOT,Temperature,Row A Hot Aisle,STM-R05,Stamford,30.6,°C,25.0,45.0,OK,2024-09-15,v2.2.1
2025-02-02 09:00:00,CRAC-STM-4-SUP,CRAC Supply Temp,CRAC-S4 Supply,,Stamford,15.1,°C,10.0,18.0,OK,2024-08-05,v2.1.4
2025-02-02 10:00:00,TEMP-STM-E-HOT,Temperature,Row E Hot Aisle,STM-R45,Stamford,36.4,°C,25.0,45.0,OK,2024-11-09,v2.2.0
2025-02-02 10:00:00,AIRFLOW-STM-A,Airflow,Row A Floor Tile,STM-R02,Stamford,867,CFM,200,2000,OK,2024-11-15,v2.2.1
2025-02-02 10:00:00,TEMP-STM-E-COLD,Temperature,Row E Cold Aisle,STM-R41,Stamford,20.4,°C,18.0,27.0,OK,2024-11-15,v2.2.1
2025-02-02 11:00:00,TEMP-STM-E-HOT,Temperature,Row E Hot Aisle,STM-R45,Stamford,35.8,°C,25.0,45.0,OK,2024-10-12,v2.1.6
2025-02-02 11:00:00,PWR-STM-UPS1,UPS Load,UPS-S1,,Stamford,71.3,kW,0,200,OK,2024-08-19,v2.2.1
2025-02-02 11:00:00,HUMID-NWK-G,Humidity,Row G,NWK-R63,Newark,50.4,%RH,30.0,60.0,OK,2024-08-17,v2.2.0
2025-02-02 12:00:00,TEMP-STM-E-HOT,Temperature,Row E Hot Aisle,STM-R45,Stamford,36.2,°C,25.0,45.0,OK,2024-10-22,v2.1.6
2025-02-02 14:00:00,AIRFLOW-NWK-D,Airflow,Row D Floor Tile,NWK-R32,Newark,1134,CFM,200,2000,OK,2024-06-09,v2.1.6
2025-02-02 14:00:00,HUMID-NWK-F,Humidity,Row F,NWK-R53,Newark,39.8,%RH,30.0,60.0,OK,2024-06-01,v2.2.0
2025-02-02 14:00:00,HUMID-STM-A,Humidity,Row A,STM-R03,Stamford,46.3,%RH,30.0,60.0,OK,2024-09-15,v2.2.0
2025-02-02 14:00:00,CRAC-NWK-2-RET,CRAC Return Temp,CRAC-N2 Return,,Newark,30.8,°C,20.0,35.0,OK,2024-08-12,v2.2.0
2025-02-02 14:00:00,CRAC-NWK-4-RET,CRAC Return Temp,CRAC-N4 Return,,Newark,30.5,°C,20.0,35.0,OK,2024-06-28,v2.2.0
2025-02-02 15:00:00,TEMP-STM-D-HOT,Temperature,Row D Hot Aisle,STM-R35,Stamford,29.0,°C,25.0,45.0,OK,2024-08-06,v2.1.6
2025-02-02 15:00:00,TEMP-NWK-G-HOT,Temperature,Row G Hot Aisle,NWK-R65,Newark,28.1,°C,25.0,45.0,OK,2024-08-24,v2.1.4
2025-02-02 16:00:00,CRAC-STM-3-RET,CRAC Return Temp,CRAC-S3 Return,,Stamford,28.3,°C,20.0,35.0,OK,2024-07-04,v2.2.0
2025-02-02 17:00:00,CRAC-NWK-1-RET,CRAC Return Temp,CRAC-N1 Return,,Newark,26.7,°C,20.0,35.0,OK,2024-11-28,v2.1.6
2025-02-02 17:00:00,AIRFLOW-NWK-A,Airflow,Row A Floor Tile,NWK-R02,Newark,1039,CFM,200,2000,OK,2024-10-12,v2.1.6
2025-02-02 18:00:00,AIRFLOW-NWK-F,Airflow,Row F Floor Tile,NWK-R52,Newark,757,CFM,200,2000,OK,2024-11-11,v2.1.4
2025-02-02 19:00:00,PWR-NWK-UPS4,UPS Load,UPS-N4,,Newark,87.3,kW,0,200,OK,2024-11-01,v2.2.0
2025-02-02 19:00:00,CRAC-NWK-3-SUP,CRAC Supply Temp,CRAC-N3 Supply,,Newark,13.8,°C,10.0,18.0,OK,2024-10-12,v2.1.6
2025-02-02 20:00:00,TEMP-NWK-D-HOT,Temperature,Row D Hot Aisle,NWK-R35,Newark,28.0,°C,25.0,45.0,OK,2024-06-03,v2.2.0
2025-02-02 20:00:00,CRAC-STM-2-SUP,CRAC Supply Temp,CRAC-S2 Supply,,Stamford,14.2,°C,10.0,18.0,OK,2024-07-17,v2.2.0
2025-02-02 20:00:00,TEMP-STM-A-HOT,Temperature,Row A Hot Aisle,STM-R05,Stamford,27.8,°C,25.0,45.0,OK,2024-09-04,v2.2.1
2025-02-02 20:00:00,PWR-NWK-UPS3,UPS Load,UPS-N3,,Newark,77.0,kW,0,200,OK,2024-08-14,v2.2.0
2025-02-02 21:00:00,CRAC-STM-3-SUP,CRAC Supply Temp,CRAC-S3 Supply,,Stamford,14.4,°C,10.0,18.0,OK,2024-12-22,v2.2.1
2025-02-02 21:00:00,CRAC-NWK-6-RET,CRAC Return Temp,CRAC-N6 Return,,Newark,28.4,°C,20.0,35.0,OK,2024-10-06,v2.1.6
2025-02-02 22:00:00,TEMP-NWK-E-HOT,Temperature,Row E Hot Aisle,NWK-R45,Newark,27.0,°C,25.0,45.0,OK,2024-08-17,v2.1.6
2025-02-02 22:00:00,CRAC-NWK-6-SUP,CRAC Supply Temp,CRAC-N6 Supply,,Newark,15.0,°C,10.0,18.0,OK,2024-12-17,v2.2.1
2025-02-02 23:00:00,TEMP-STM-E-HOT,Temperature,Row E Hot Aisle,STM-R45,Stamford,36.0,°C,25.0,45.0,OK,2024-09-09,v2.2.0
2025-02-02 23:00:00,CRAC-NWK-5-RET,CRAC Return Temp,CRAC-N5 Return,,Newark,29.3,°C,20.0,35.0,OK,2024-10-02,v2.2.1
2025-02-03 00:00:00,CRAC-NWK-4-SUP,CRAC Supply Temp,CRAC-N4 Supply,,Newark,13.4,°C,10.0,18.0,OK,2024-10-01,v2.1.4
2025-02-03 00:00:00,TEMP-STM-E-COLD,Temperature,Row E Cold Aisle,STM-R41,Stamford,20.3,°C,18.0,27.0,OK,2024-10-21,v2.1.6
2025-02-03 00:00:00,CRAC-STM-4-SUP,CRAC Supply Temp,CRAC-S4 Supply,,Stamford,15.1,°C,10.0,18.0,OK,2024-06-23,v2.1.6
2025-02-03 01:00:00,TEMP-STM-D-HOT,Temperature,Row D Hot Aisle,STM-R35,Stamford,29.7,°C,25.0,45.0,OK,2024-12-21,v2.2.1
2025-02-03 02:00:00,TEMP-STM-E-HOT,Temperature,Row E Hot Aisle,STM-R45,Stamford,35.4,°C,25.0,45.0,OK,2024-11-16,v2.2.1
2025-02-03 02:00:00,CRAC-NWK-4-SUP,CRAC Supply Temp,CRAC-N4 Supply,,Newark,13.9,°C,10.0,18.0,OK,2024-11-12,v2.2.1
2025-02-03 03:00:00,TEMP-STM-E-HOT,Temperature,Row E Hot Aisle,STM-R45,Stamford,36.3,°C,25.0,45.0,OK,2024-07-06,v2.1.4
2025-02-03 03:00:00,CRAC-NWK-1-SUP,CRAC Supply Temp,CRAC-N1 Supply,,Newark,15.7,°C,10.0,18.0,OK,2024-08-08,v2.1.6
2025-02-03 03:00:00,TEMP-STM-C-HOT,Temperature,Row C Hot Aisle,STM-R25,Stamford,32.8,°C,25.0,45.0,OK,2024-09-18,v2.1.6
2025-02-03 04:00:00,TEMP-NWK-C-HOT,Temperature,Row C Hot Aisle,NWK-R25,Newark,35.8,°C,25.0,45.0,OK,2024-11-19,v2.2.0
2025-02-03 04:00:00,TEMP-STM-E-HOT,Temperature,Row E Hot Aisle,STM-R45,Stamford,36.0,°C,25.0,45.0,OK,2024-09-11,v2.2.1
2025-02-03 04:00:00,LEAK-STM-04,Water Leak,Zone 4 Under-floor,,Stamford,0,boolean,0,1,OK,2024-12-11,v2.1.6
2025-02-03 04:00:00,TEMP-STM-B-COLD,Temperature,Row B Cold Aisle,STM-R11,Stamford,20.1,°C,18.0,27.0,OK,2024-09-13,v2.2.1
2025-02-03 04:00:00,TEMP-NWK-E-HOT,Temperature,Row E Hot Aisle,NWK-R45,Newark,30.2,°C,25.0,45.0,OK,2024-06-14,v2.1.6
2025-02-03 04:00:00,CRAC-NWK-4-SUP,CRAC Supply Temp,CRAC-N4 Supply,,Newark,14.3,°C,10.0,18.0,OK,2024-06-13,v2.2.0
2025-02-03 04:00:00,CRAC-STM-2-SUP,CRAC Supply Temp,CRAC-S2 Supply,,Stamford,15.5,°C,10.0,18.0,OK,2024-08-13,v2.2.0
2025-02-03 04:00:00,HUMID-NWK-B,Humidity,Row B,NWK-R13,Newark,48.8,%RH,30.0,60.0,OK,2024-10-09,v2.2.1
2025-02-03 04:00:00,LEAK-NWK-06,Water Leak,Zone 6 Under-floor,,Newark,0,boolean,0,1,OK,2024-10-15,v2.1.6
2025-02-03 05:00:00,TEMP-STM-E-HOT,Temperature,Row E Hot Aisle,STM-R45,Stamford,37.1,°C,25.0,45.0,OK,2024-11-19,v2.1.6
2025-02-03 05:00:00,AIRFLOW-STM-E,Airflow,Row E Floor Tile,STM-R42,Stamford,817,CFM,200,2000,OK,2024-07-28,v2.1.4
2025-02-03 05:00:00,LEAK-STM-03,Water Leak,Zone 3 Under-floor,,Stamford,0,boolean,0,1,OK,2024-07-18,v2.2.0
2025-02-03 05:00:00,HUMID-NWK-E,Humidity,Row E,NWK-R43,Newark,51.0,%RH,30.0,60.0,OK,2024-08-27,v2.1.6
2025-02-03 06:00:00,TEMP-NWK-C-HOT,Temperature,Row C Hot Aisle,NWK-R25,Newark,35.7,°C,25.0,45.0,OK,2024-08-26,v2.1.4
2025-02-03 06:00:00,TEMP-STM-E-HOT,Temperature,Row E Hot Aisle,STM-R45,Stamford,36.2,°C,25.0,45.0,OK,2024-06-13,v2.2.0
2025-02-03 06:00:00,CRAC-NWK-4-SUP,CRAC Supply Temp,CRAC-N4 Supply,,Newark,14.2,°C,10.0,18.0,OK,2024-12-04,v2.1.4
2025-02-03 06:00:00,TEMP-NWK-G-COLD,Temperature,Row G Cold Aisle,NWK-R61,Newark,20.0,°C,18.0,27.0,OK,2024-12-13,v2.2.1
2025-02-03 07:00:00,TEMP-NWK-C-HOT,Temperature,Row C Hot Aisle,NWK-R25,Newark,35.6,°C,25.0,45.0,OK,2024-11-18,v2.2.0
2025-02-03 07:00:00,TEMP-STM-E-HOT,Temperature,Row E Hot Aisle,STM-R45,Stamford,37.9,°C,25.0,45.0,OK,2024-07-02,v2.1.4
2025-02-03 07:00:00,HUMID-NWK-D,Humidity,Row D,NWK-R33,Newark,49.4,%RH,30.0,60.0,OK,2024-12-02,v2.2.0
2025-02-03 07:00:00,HUMID-STM-D,Humidity,Row D,STM-R33,Stamford,50.3,%RH,30.0,60.0,OK,2024-09-28,v2.2.0
2025-02-03 07:00:00,LEAK-NWK-03,Water Leak,Zone 3 Under-floor,,Newark,0,boolean,0,1,OK,2024-11-09,v2.2.0
2025-02-03 08:00:00,TEMP-NWK-C-HOT,Temperature,Row C Hot Aisle,NWK-R25,Newark,35.9,°C,25.0,45.0,OK,2024-08-22,v2.1.4
2025-02-03 08:00:00,TEMP-STM-E-HOT,Temperature,Row E Hot Aisle,STM-R45,Stamford,37.4,°C,25.0,45.0,OK,2024-08-16,v2.2.1
2025-02-03 08:00:00,LEAK-NWK-01,Water Leak,Zone 1 Under-floor,,Newark,0,boolean,0,1,OK,2024-09-26,v2.1.6
2025-02-03 09:00:00,TEMP-STM-E-HOT,Temperature,Row E Hot Aisle,STM-R45,Stamford,37.5,°C,25.0,45.0,OK,2024-10-07,v2.2.1
2025-02-03 09:00:00,CRAC-NWK-6-RET,CRAC Return Temp,CRAC-N6 Return,,Newark,30.2,°C,20.0,35.0,OK,2024-07-11,v2.1.6
2025-02-03 09:00:00,CRAC-NWK-2-SUP,CRAC Supply Temp,CRAC-N2 Supply,,Newark,14.5,°C,10.0,18.0,OK,2024-08-19,v2.2.0
2025-02-03 09:00:00,CRAC-STM-4-SUP,CRAC Supply Temp,CRAC-S4 Supply,,Stamford,15.2,°C,10.0,18.0,OK,2024-07-07,v2.2.0
2025-02-03 09:00:00,TEMP-NWK-F-HOT,Temperature,Row F Hot Aisle,NWK-R55,Newark,33.5,°C,25.0,45.0,OK,2024-09-23,v2.1.4
2025-02-03 10:00:00,TEMP-STM-E-HOT,Temperature,Row E Hot Aisle,STM-R45,Stamford,36.3,°C,25.0,45.0,OK,2024-09-07,v2.2.0
2025-02-03 10:00:00,AIRFLOW-STM-C,Airflow,Row C Floor Tile,STM-R22,Stamford,1410,CFM,200,2000,OK,2024-08-26,v2.1.4
2025-02-03 11:00:00,TEMP-STM-E-HOT,Temperature,Row E Hot Aisle,STM-R45,Stamford,36.9,°C,25.0,45.0,OK,2024-06-11,v2.2.0
2025-02-03 11:00:00,AIRFLOW-STM-D,Airflow,Row D Floor Tile,STM-R32,Stamford,1256,CFM,200,2000,OK,2024-10-16,v2.2.1
2025-02-03 11:00:00,AIRFLOW-STM-A,Airflow,Row A Floor Tile,STM-R02,Stamford,763,CFM,200,2000,OK,2024-06-26,v2.1.4
2025-02-03 12:00:00,HUMID-STM-B,Humidity,Row B,STM-R13,Stamford,48.9,%RH,30.0,60.0,OK,2024-12-26,v2.1.4
2025-02-03 12:00:00,AIRFLOW-STM-C,Airflow,Row C Floor Tile,STM-R22,Stamford,1383,CFM,200,2000,OK,2024-07-27,v2.2.1
2025-02-03 13:00:00,TEMP-STM-E-HOT,Temperature,Row E Hot Aisle,STM-R45,Stamford,35.9,°C,25.0,45.0,OK,2024-09-01,v2.1.6
2025-02-03 13:00:00,CRAC-NWK-4-SUP,CRAC Supply Temp,CRAC-N4 Supply,,Newark,13.2,°C,10.0,18.0,OK,2024-09-02,v2.2.0
2025-02-03 13:00:00,CRAC-STM-1-RET,CRAC Return Temp,CRAC-S1 Return,,Stamford,30.1,°C,20.0,35.0,OK,2024-09-18,v2.2.0
2025-02-03 13:00:00,HUMID-NWK-E,Humidity,Row E,NWK-R43,Newark,48.6,%RH,30.0,60.0,OK,2024-08-02,v2.2.1
2025-02-03 14:00:00,LEAK-NWK-01,Water Leak,Zone 1 Under-floor,,Newark,0,boolean,0,1,OK,2024-07-07,v2.1.4
2025-02-03 14:00:00,CRAC-NWK-4-RET,CRAC Return Temp,CRAC-N4 Return,,Newark,30.1,°C,20.0,35.0,OK,2024-08-06,v2.1.4
2025-02-03 15:00:00,LEAK-STM-01,Water Leak,Zone 1 Under-floor,,Stamford,0,boolean,0,1,OK,2024-09-20,v2.2.0
2025-02-03 16:00:00,TEMP-STM-D-COLD,Temperature,Row D Cold Aisle,STM-R31,Stamford,38.4,°C,18.0,27.0,OK,2024-06-22,v2.2.0
2025-02-03 16:00:00,PWR-NWK-UPS4,UPS Load,UPS-N4,,Newark,86.1,kW,0,200,OK,2024-12-21,v2.1.6
2025-02-03 16:00:00,CRAC-STM-2-RET,CRAC Return Temp,CRAC-S2 Return,,Stamford,27.3,°C,20.0,35.0,OK,2024-09-23,v2.2.0
2025-02-03 17:00:00,HUMID-NWK-A,Humidity,Row A,NWK-R03,Newark,45.4,%RH,30.0,60.0,OK,2024-07-10,v2.1.6
2025-02-03 17:00:00,PWR-STM-UPS1,UPS Load,UPS-S1,,Stamford,72.3,kW,0,200,OK,2024-09-16,v2.1.4
2025-02-03 17:00:00,TEMP-NWK-F-HOT,Temperature,Row F Hot Aisle,NWK-R55,Newark,29.8,°C,25.0,45.0,OK,2024-09-06,v2.1.6
2025-02-03 18:00:00,TEMP-NWK-F-HOT,Temperature,Row F Hot Aisle,NWK-R55,Newark,30.5,°C,25.0,45.0,OK,2024-09-20,v2.1.4
2025-02-03 18:00:00,AIRFLOW-STM-D,Airflow,Row D Floor Tile,STM-R32,Stamford,1337,CFM,200,2000,OK,2024-07-06,v2.2.0
2025-02-03 21:00:00,TEMP-STM-E-COLD,Temperature,Row E Cold Aisle,STM-R41,Stamford,38.0,°C,18.0,27.0,OK,2024-12-14,v2.2.1
2025-02-03 21:00:00,TEMP-NWK-F-COLD,Temperature,Row F Cold Aisle,NWK-R51,Newark,19.7,°C,18.0,27.0,OK,2024-11-20,v2.1.4
2025-02-03 21:00:00,LEAK-NWK-06,Water Leak,Zone 6 Under-floor,,Newark,0,boolean,0,1,OK,2024-07-15,v2.2.1
2025-02-03 21:00:00,CRAC-NWK-6-RET,CRAC Return Temp,CRAC-N6 Return,,Newark,28.3,°C,20.0,35.0,OK,2024-12-11,v2.2.0
2025-02-03 22:00:00,AIRFLOW-NWK-A,Airflow,Row A Floor Tile,NWK-R02,Newark,1083,CFM,200,2000,OK,2024-09-16,v2.1.4
2025-02-03 22:00:00,LEAK-STM-05,Water Leak,Zone 5 Under-floor,,Stamford,0,boolean,0,1,OK,2024-10-16,v2.2.0
2025-02-03 22:00:00,HUMID-NWK-B,Humidity,Row B,NWK-R13,Newark,46.1,%RH,30.0,60.0,OK,2024-08-25,v2.1.4
2025-02-03 22:00:00,HUMID-STM-D,Humidity,Row D,STM-R33,Stamford,48.0,%RH,30.0,60.0,OK,2024-11-27,v2.2.0
2025-02-03 23:00:00,TEMP-STM-E-HOT,Temperature,Row E Hot Aisle,STM-R45,Stamford,35.4,°C,25.0,45.0,OK,2024-06-02,v2.1.6
2025-02-03 23:00:00,HUMID-NWK-G,Humidity,Row G,NWK-R63,Newark,49.5,%RH,30.0,60.0,OK,2024-10-24,v2.2.0
2025-02-03 23:00:00,HUMID-STM-A,Humidity,Row A,STM-R03,Stamford,47.8,%RH,30.0,60.0,OK,2024-10-01,v2.2.0
2025-02-03 23:00:00,TEMP-NWK-A-COLD,Temperature,Row A Cold Aisle,NWK-R01,Newark,20.4,°C,18.0,27.0,OK,2024-06-13,v2.2.0
2025-02-04 00:00:00,TEMP-STM-E-HOT,Temperature,Row E Hot Aisle,STM-R45,Stamford,36.1,°C,25.0,45.0,OK,2024-12-27,v2.1.4
2025-02-04 01:00:00,TEMP-STM-E-HOT,Temperature,Row E Hot Aisle,STM-R45,Stamford,35.5,°C,25.0,45.0,OK,2024-06-17,v2.2.0
2025-02-04 01:00:00,AIRFLOW-NWK-B,Airflow,Row B Floor Tile,NWK-R12,Newark,1258,CFM,200,2000,OK,2024-10-19,v2.1.4
2025-02-04 01:00:00,TEMP-STM-E-COLD,Temperature,Row E Cold Aisle,STM-R41,Stamford,20.2,°C,18.0,27.0,OK,2024-08-17,v2.2.1
2025-02-04 02:00:00,TEMP-STM-E-HOT,Temperature,Row E Hot Aisle,STM-R45,Stamford,37.1,°C,25.0,45.0,OK,2024-08-02,v2.1.6
2025-02-04 02:00:00,CRAC-STM-3-RET,CRAC Return Temp,CRAC-S3 Return,,Stamford,31.8,°C,20.0,35.0,OK,2024-09-08,v2.1.6
2025-02-04 02:00:00,LEAK-NWK-06,Water Leak,Zone 6 Under-floor,,Newark,0,boolean,0,1,OK,2024-08-21,v2.2.0
2025-02-04 03:00:00,TEMP-NWK-C-HOT,Temperature,Row C Hot Aisle,NWK-R25,Newark,35.2,°C,25.0,45.0,OK,2024-07-04,v2.2.1
2025-02-04 03:00:00,TEMP-STM-E-HOT,Temperature,Row E Hot Aisle,STM-R45,Stamford,36.2,°C,25.0,45.0,OK,2024-08-11,v2.1.4
2025-02-04 03:00:00,LEAK-NWK-08,Water Leak,Zone 8 Under-floor,,Newark,0,boolean,0,1,OK,2024-11-24,v2.2.0
2025-02-04 04:00:00,CRAC-NWK-1-SUP,CRAC Supply Temp,CRAC-N1 Supply,,Newark,37.9,°C,10.0,18.0,OK,2024-10-09,v2.2.0
2025-02-04 04:00:00,TEMP-STM-E-HOT,Temperature,Row E Hot Aisle,STM-R45,Stamford,36.9,°C,25.0,45.0,OK,2024-11-11,v2.2.0
2025-02-04 04:00:00,CRAC-STM-3-RET,CRAC Return Temp,CRAC-S3 Return,,Stamford,32.4,°C,20.0,35.0,OK,2024-07-20,v2.1.4
2025-02-04 04:00:00,TEMP-NWK-B-HOT,Temperature,Row B Hot Aisle,NWK-R15,Newark,31.7,°C,25.0,45.0,OK,2024-11-07,v2.1.6
2025-02-04 04:00:00,LEAK-NWK-08,Water Leak,Zone 8 Under-floor,,Newark,0,boolean,0,1,OK,2024-09-27,v2.1.4
2025-02-04 05:00:00,TEMP-NWK-C-HOT,Temperature,Row C Hot Aisle,NWK-R25,Newark,36.0,°C,25.0,45.0,OK,2024-06-05,v2.2.0
2025-02-04 05:00:00,TEMP-STM-E-HOT,Temperature,Row E Hot Aisle,STM-R45,Stamford,37.9,°C,25.0,45.0,OK,2024-10-23,v2.2.1
2025-02-04 05:00:00,AIRFLOW-STM-D,Airflow,Row D Floor Tile,STM-R32,Stamford,1495,CFM,200,2000,OK,2024-07-26,v2.2.1
2025-02-04 05:00:00,HUMID-STM-E,Humidity,Row E,STM-R43,Stamford,44.9,%RH,30.0,60.0,OK,2024-09-27,v2.1.6
2025-02-04 05:00:00,AIRFLOW-NWK-A,Airflow,Row A Floor Tile,NWK-R02,Newark,1201,CFM,200,2000,OK,2024-10-07,v2.2.0
2025-02-04 06:00:00,TEMP-NWK-C-HOT,Temperature,Row C Hot Aisle,NWK-R25,Newark,35.1,°C,25.0,45.0,OK,2024-09-14,v2.1.4
2025-02-04 06:00:00,TEMP-STM-E-HOT,Temperature,Row E Hot Aisle,STM-R45,Stamford,36.6,°C,25.0,45.0,OK,2024-11-27,v2.2.0
2025-02-04 06:00:00,CRAC-STM-3-SUP,CRAC Supply Temp,CRAC-S3 Supply,,Stamford,15.9,°C,10.0,18.0,OK,2024-09-25,v2.2.0
2025-02-04 06:00:00,HUMID-NWK-E,Humidity,Row E,NWK-R43,Newark,52.8,%RH,30.0,60.0,OK,2024-09-19,v2.1.4
2025-02-04 06:00:00,TEMP-NWK-C-COLD,Temperature,Row C Cold Aisle,NWK-R21,Newark,22.0,°C,18.0,27.0,OK,2024-09-22,v2.2.1
2025-02-04 07:00:00,TEMP-NWK-C-HOT,Temperature,Row C Hot Aisle,NWK-R25,Newark,35.4,°C,25.0,45.0,OK,2024-12-28,v2.1.4
2025-02-04 07:00:00,TEMP-STM-E-HOT,Temperature,Row E Hot Aisle,STM-R45,Stamford,37.4,°C,25.0,45.0,OK,2024-10-27,v2.2.1
2025-02-04 07:00:00,TEMP-STM-A-COLD,Temperature,Row A Cold Aisle,STM-R01,Stamford,21.2,°C,18.0,27.0,OK,2024-12-13,v2.1.6
2025-02-04 08:00:00,TEMP-STM-E-HOT,Temperature,Row E Hot Aisle,STM-R45,Stamford,36.3,°C,25.0,45.0,OK,2024-08-06,v2.1.6
2025-02-04 08:00:00,AIRFLOW-STM-D,Airflow,Row D Floor Tile,STM-R32,Stamford,1471,CFM,200,2000,OK,2024-07-03,v2.2.1
2025-02-04 08:00:00,CRAC-NWK-4-SUP,CRAC Supply Temp,CRAC-N4 Supply,,Newark,14.6,°C,10.0,18.0,OK,2024-11-27,v2.1.4
2025-02-04 09:00:00,TEMP-STM-E-HOT,Temperature,Row E Hot Aisle,STM-R45,Stamford,36.5,°C,25.0,45.0,OK,2024-06-12,v2.2.1
2025-02-04 09:00:00,LEAK-NWK-07,Water Leak,Zone 7 Under-floor,,Newark,0,boolean,0,1,OK,2024-06-15,v2.1.4
2025-02-04 09:00:00,TEMP-NWK-F-COLD,Temperature,Row F Cold Aisle,NWK-R51,Newark,20.7,°C,18.0,27.0,OK,2024-06-12,v2.1.4
2025-02-04 10:00:00,TEMP-NWK-C-HOT,Temperature,Row C Hot Aisle,NWK-R25,Newark,35.2,°C,25.0,45.0,OK,2024-07-22,v2.2.0
2025-02-04 10:00:00,TEMP-STM-E-HOT,Temperature,Row E Hot Aisle,STM-R45,Stamford,37.2,°C,25.0,45.0,OK,2024-12-15,v2.2.0
2025-02-04 10:00:00,CRAC-NWK-2-RET,CRAC Return Temp,CRAC-N2 Return,,Newark,31.9,°C,20.0,35.0,OK,2024-12-26,v2.2.1
2025-02-04 10:00:00,PWR-NWK-UPS4,UPS Load,UPS-N4,,Newark,88.8,kW,0,200,OK,2024-11-03,v2.2.0
2025-02-04 11:00:00,TEMP-STM-E-HOT,Temperature,Row E Hot Aisle,STM-R45,Stamford,36.0,°C,25.0,45.0,OK,2024-10-17,v2.2.1
2025-02-04 11:00:00,LEAK-NWK-07,Water Leak,Zone 7 Under-floor,,Newark,0,boolean,0,1,OK,2024-08-03,v2.1.4
2025-02-04 11:00:00,HUMID-NWK-B,Humidity,Row B,NWK-R13,Newark,47.0,%RH,30.0,60.0,OK,2024-09-01,v2.2.0
2025-02-04 12:00:00,HUMID-STM-C,Humidity,Row C,STM-R23,Stamford,42.6,%RH,30.0,60.0,OK,2024-12-15,v2.1.4
2025-02-04 12:00:00,LEAK-STM-04,Water Leak,Zone 4 Under-floor,,Stamford,0,boolean,0,1,OK,2024-12-09,v2.1.4
2025-02-04 13:00:00,TEMP-NWK-G-COLD,Temperature,Row G Cold Aisle,NWK-R61,Newark,19.4,°C,18.0,27.0,OK,2024-08-03,v2.1.4
2025-02-04 14:00:00,CRAC-STM-2-RET,CRAC Return Temp,CRAC-S2 Return,,Stamford,28.2,°C,20.0,35.0,OK,2024-08-06,v2.2.1
2025-02-04 15:00:00,HUMID-NWK-A,Humidity,Row A,NWK-R03,Newark,48.2,%RH,30.0,60.0,OK,2024-10-20,v2.1.6
2025-02-04 15:00:00,CRAC-STM-3-SUP,CRAC Supply Temp,CRAC-S3 Supply,,Stamford,14.3,°C,10.0,18.0,OK,2024-07-25,v2.2.0
2025-02-04 15:00:00,HUMID-STM-E,Humidity,Row E,STM-R43,Stamford,41.5,%RH,30.0,60.0,OK,2024-12-13,v2.1.4
2025-02-04 15:00:00,AIRFLOW-STM-D,Airflow,Row D Floor Tile,STM-R32,Stamford,1355,CFM,200,2000,OK,2024-09-20,v2.2.0
2025-02-04 15:00:00,TEMP-NWK-B-HOT,Temperature,Row B Hot Aisle,NWK-R15,Newark,29.2,°C,25.0,45.0,OK,2024-06-01,v2.1.4
2025-02-04 15:00:00,TEMP-NWK-G-HOT,Temperature,Row G Hot Aisle,NWK-R65,Newark,29.2,°C,25.0,45.0,OK,2024-10-07,v2.1.6
2025-02-04 15:00:00,CRAC-NWK-4-RET,CRAC Return Temp,CRAC-N4 Return,,Newark,29.5,°C,20.0,35.0,OK,2024-12-23,v2.1.6
2025-02-04 16:00:00,HUMID-NWK-D,Humidity,Row D,NWK-R33,Newark,44.7,%RH,30.0,60.0,OK,2024-09-21,v2.2.1
2025-02-04 18:00:00,PWR-STM-UPS2,UPS Load,UPS-S2,,Stamford,74.8,kW,0,200,OK,2024-10-27,v2.1.4
2025-02-04 18:00:00,TEMP-NWK-E-COLD,Temperature,Row E Cold Aisle,NWK-R41,Newark,19.2,°C,18.0,27.0,OK,2024-09-20,v2.2.0
2025-02-04 19:00:00,HUMID-NWK-B,Humidity,Row B,NWK-R13,Newark,45.2,%RH,30.0,60.0,OK,2024-09-18,v2.2.1
2025-02-04 19:00:00,HUMID-STM-E,Humidity,Row E,STM-R43,Stamford,40.9,%RH,30.0,60.0,OK,2024-06-03,v2.2.1
2025-02-04 20:00:00,TEMP-NWK-B-COLD,Temperature,Row B Cold Aisle,NWK-R11,Newark,19.5,°C,18.0,27.0,OK,2024-12-14,v2.2.0
2025-02-04 20:00:00,CRAC-NWK-3-SUP,CRAC Supply Temp,CRAC-N3 Supply,,Newark,13.6,°C,10.0,18.0,OK,2024-12-24,v2.2.0
2025-02-04 20:00:00,TEMP-NWK-C-HOT,Temperature,Row C Hot Aisle,NWK-R25,Newark,31.5,°C,25.0,45.0,OK,2024-06-27,v2.2.0
2025-02-04 22:00:00,LEAK-STM-04,Water Leak,Zone 4 Under-floor,,Stamford,0,boolean,0,1,OK,2024-12-23,v2.2.1
2025-02-04 22:00:00,HUMID-STM-D,Humidity,Row D,STM-R33,Stamford,46.7,%RH,30.0,60.0,OK,2024-09-04,v2.2.0
2025-02-04 22:00:00,AIRFLOW-NWK-C,Airflow,Row C Floor Tile,NWK-R22,Newark,1094,CFM,200,2000,OK,2024-08-05,v2.1.6
2025-02-04 23:00:00,TEMP-STM-E-HOT,Temperature,Row E Hot Aisle,STM-R45,Stamford,36.0,°C,25.0,45.0,OK,2024-09-02,v2.1.4
2025-02-04 23:00:00,TEMP-STM-A-COLD,Temperature,Row A Cold Aisle,STM-R01,Stamford,19.2,°C,18.0,27.0,OK,2024-09-25,v2.2.0
2025-02-04 23:00:00,AIRFLOW-STM-C,Airflow,Row C Floor Tile,STM-R22,Stamford,1277,CFM,200,2000,OK,2024-09-22,v2.2.0
2025-02-05 00:00:00,TEMP-STM-E-HOT,Temperature,Row E Hot Aisle,STM-R45,Stamford,35.8,°C,25.0,45.0,OK,2024-09-19,v2.1.4
2025-02-05 00:00:00,LEAK-STM-04,Water Leak,Zone 4 Under-floor,,Stamford,0,boolean,0,1,OK,2024-12-12,v2.1.6
2025-02-05 00:00:00,CRAC-STM-1-SUP,CRAC Supply Temp,CRAC-S1 Supply,,Stamford,14.6,°C,10.0,18.0,OK,2024-08-18,v2.1.6
2025-02-05 00:00:00,HUMID-NWK-G,Humidity,Row G,NWK-R63,Newark,51.0,%RH,30.0,60.0,OK,2024-10-10,v2.1.4
2025-02-05 00:00:00,TEMP-NWK-A-COLD,Temperature,Row A Cold Aisle,NWK-R01,Newark,20.7,°C,18.0,27.0,OK,2024-06-18,v2.2.1
2025-02-05 01:00:00,TEMP-STM-E-HOT,Temperature,Row E Hot Aisle,STM-R45,Stamford,35.5,°C,25.0,45.0,OK,2024-12-07,v2.2.0
2025-02-05 01:00:00,TEMP-STM-A-HOT,Temperature,Row A Hot Aisle,STM-R05,Stamford,30.4,°C,25.0,45.0,OK,2024-11-21,v2.2.0
2025-02-05 01:00:00,TEMP-NWK-B-HOT,Temperature,Row B Hot Aisle,NWK-R15,Newark,30.9,°C,25.0,45.0,OK,2024-06-26,v2.2.0
2025-02-05 02:00:00,TEMP-STM-E-HOT,Temperature,Row E Hot Aisle,STM-R45,Stamford,36.3,°C,25.0,45.0,OK,2024-11-08,v2.1.6
2025-02-05 03:00:00,TEMP-NWK-C-HOT,Temperature,Row C Hot Aisle,NWK-R25,Newark,35.3,°C,25.0,45.0,OK,2024-12-20,v2.1.6
2025-02-05 03:00:00,TEMP-STM-E-HOT,Temperature,Row E Hot Aisle,STM-R45,Stamford,35.7,°C,25.0,45.0,OK,2024-08-15,v2.2.0
2025-02-05 03:00:00,AIRFLOW-NWK-A,Airflow,Row A Floor Tile,NWK-R02,Newark,1096,CFM,200,2000,OK,2024-11-04,v2.2.1
2025-02-05 03:00:00,PWR-NWK-UPS1,UPS Load,UPS-N1,,Newark,99.8,kW,0,200,OK,2024-11-25,v2.2.0
2025-02-05 04:00:00,TEMP-STM-E-HOT,Temperature,Row E Hot Aisle,STM-R45,Stamford,37.2,°C,25.0,45.0,OK,2024-09-07,v2.2.0
2025-02-05 04:00:00,TEMP-STM-A-HOT,Temperature,Row A Hot Aisle,STM-R05,Stamford,31.9,°C,25.0,45.0,OK,2024-10-26,v2.1.4
2025-02-05 04:00:00,HUMID-STM-B,Humidity,Row B,STM-R13,Stamford,49.1,%RH,30.0,60.0,OK,2024-10-16,v2.2.0
2025-02-05 05:00:00,TEMP-STM-E-HOT,Temperature,Row E Hot Aisle,STM-R45,Stamford,37.5,°C,25.0,45.0,OK,2024-11-14,v2.2.1
2025-02-05 05:00:00,LEAK-NWK-02,Water Leak,Zone 2 Under-floor,,Newark,0,boolean,0,1,OK,2024-08-16,v2.1.4
2025-02-05 06:00:00,TEMP-STM-E-HOT,Temperature,Row E Hot Aisle,STM-R45,Stamford,36.7,°C,25.0,45.0,OK,2024-06-14,v2.2.1
2025-02-05 06:00:00,TEMP-NWK-F-COLD,Temperature,Row F Cold Aisle,NWK-R51,Newark,20.5,°C,18.0,27.0,OK,2024-10-09,v2.1.4
2025-02-05 07:00:00,TEMP-NWK-C-HOT,Temperature,Row C Hot Aisle,NWK-R25,Newark,35.3,°C,25.0,45.0,OK,2024-07-01,v2.2.1
2025-02-05 07:00:00,TEMP-STM-E-HOT,Temperature,Row E Hot Aisle,STM-R45,Stamford,37.9,°C,25.0,45.0,OK,2024-09-24,v2.1.6
2025-02-05 07:00:00,CRAC-STM-3-SUP,CRAC Supply Temp,CRAC-S3 Supply,,Stamford,37.2,°C,10.0,18.0,OK,2024-06-03,v2.1.4
2025-02-05 07:00:00,HUMID-NWK-E,Humidity,Row E,NWK-R43,Newark,51.3,%RH,30.0,60.0,OK,2024-10-28,v2.2.0
2025-02-05 08:00:00,TEMP-NWK-C-HOT,Temperature,Row C Hot Aisle,NWK-R25,Newark,35.6,°C,25.0,45.0,OK,2024-09-15,v2.1.6
2025-02-05 08:00:00,TEMP-STM-E-HOT,Temperature,Row E Hot Aisle,STM-R45,Stamford,36.1,°C,25.0,45.0,OK,2024-07-05,v2.1.4
2025-02-05 09:00:00,TEMP-NWK-C-HOT,Temperature,Row C Hot Aisle,NWK-R25,Newark,35.2,°C,25.0,45.0,OK,2024-10-16,v2.1.4
2025-02-05 09:00:00,TEMP-STM-E-HOT,Temperature,Row E Hot Aisle,STM-R45,Stamford,36.3,°C,25.0,45.0,OK,2024-08-03,v2.1.4
2025-02-05 09:00:00,CRAC-NWK-1-SUP,CRAC Supply Temp,CRAC-N1 Supply,,Newark,15.6,°C,10.0,18.0,OK,2024-09-05,v2.1.6
2025-02-05 09:00:00,CRAC-NWK-2-RET,CRAC Return Temp,CRAC-N2 Return,,Newark,32.4,°C,20.0,35.0,OK,2024-07-07,v2.2.0
2025-02-05 10:00:00,TEMP-STM-E-HOT,Temperature,Row E Hot Aisle,STM-R45,Stamford,36.4,°C,25.0,45.0,OK,2024-10-07,v2.2.1
2025-02-05 10:00:00,HUMID-NWK-A,Humidity,Row A,NWK-R03,Newark,49.2,%RH,30.0,60.0,OK,2024-12-22,v2.1.4
2025-02-05 10:00:00,HUMID-NWK-G,Humidity,Row G,NWK-R63,Newark,50.0,%RH,30.0,60.0,OK,2024-10-07,v2.1.6
2025-02-05 10:00:00,TEMP-STM-C-COLD,Temperature,Row C Cold Aisle,STM-R21,Stamford,22.1,°C,18.0,27.0,OK,2024-11-07,v2.1.4
2025-02-05 11:00:00,TEMP-STM-E-HOT,Temperature,Row E Hot Aisle,STM-R45,Stamford,36.0,°C,25.0,45.0,OK,2024-06-26,v2.2.0
2025-02-05 12:00:00,TEMP-STM-E-HOT,Temperature,Row E Hot Aisle,STM-R45,Stamford,36.5,°C,25.0,45.0,OK,2024-07-09,v2.1.4
2025-02-05 12:00:00,HUMID-STM-A,Humidity,Row A,STM-R03,Stamford,47.4,%RH,30.0,60.0,OK,2024-10-05,v2.2.0
2025-02-05 12:00:00,HUMID-NWK-F,Humidity,Row F,NWK-R53,Newark,41.7,%RH,30.0,60.0,OK,2024-12-03,v2.2.1
2025-02-05 14:00:00,TEMP-STM-E-HOT,Temperature,Row E Hot Aisle,STM-R45,Stamford,35.5,°C,25.0,45.0,OK,2024-12-27,v2.2.1
2025-02-05 16:00:00,TEMP-STM-C-HOT,Temperature,Row C Hot Aisle,STM-R25,Stamford,29.0,°C,25.0,45.0,OK,2024-12-17,v2.2.0
2025-02-05 16:00:00,TEMP-NWK-E-COLD,Temperature,Row E Cold Aisle,NWK-R41,Newark,19.7,°C,18.0,27.0,OK,2024-07-25,v2.2.0
2025-02-05 16:00:00,CRAC-NWK-2-SUP,CRAC Supply Temp,CRAC-N2 Supply,,Newark,12.8,°C,10.0,18.0,OK,2024-12-27,v2.1.4
2025-02-05 17:00:00,LEAK-NWK-01,Water Leak,Zone 1 Under-floor,,Newark,0,boolean,0,1,OK,2024-06-20,v2.1.4
2025-02-05 17:00:00,PWR-NWK-UPS2,UPS Load,UPS-N2,,Newark,76.7,kW,0,200,OK,2024-09-26,v2.1.4
2025-02-05 17:00:00,CRAC-NWK-5-SUP,CRAC Supply Temp,CRAC-N5 Supply,,Newark,13.7,°C,10.0,18.0,OK,2024-11-07,v2.1.6
2025-02-05 18:00:00,HUMID-STM-A,Humidity,Row A,STM-R03,Stamford,47.2,%RH,30.0,60.0,OK,2024-07-11,v2.2.0
2025-02-05 19:00:00,TEMP-STM-E-COLD,Temperature,Row E Cold Aisle,STM-R41,Stamford,35.7,°C,18.0,27.0,OK,2024-08-08,v2.1.6
2025-02-05 19:00:00,LEAK-STM-04,Water Leak,Zone 4 Under-floor,,Stamford,0,boolean,0,1,OK,2024-11-28,v2.2.1
2025-02-05 19:00:00,LEAK-NWK-02,Water Leak,Zone 2 Under-floor,,Newark,0,boolean,0,1,OK,2024-07-18,v2.2.0
2025-02-05 20:00:00,CRAC-NWK-1-SUP,CRAC Supply Temp,CRAC-N1 Supply,,Newark,14.6,°C,10.0,18.0,OK,2024-07-25,v2.2.1
2025-02-05 20:00:00,HUMID-NWK-F,Humidity,Row F,NWK-R53,Newark,40.4,%RH,30.0,60.0,OK,2024-08-06,v2.1.4
2025-02-05 20:00:00,CRAC-NWK-6-SUP,CRAC Supply Temp,CRAC-N6 Supply,,Newark,14.0,°C,10.0,18.0,OK,2024-12-16,v2.2.0
2025-02-05 21:00:00,TEMP-STM-E-HOT,Temperature,Row E Hot Aisle,STM-R45,Stamford,35.2,°C,25.0,45.0,OK,2024-08-02,v2.1.6
2025-02-05 21:00:00,HUMID-STM-B,Humidity,Row B,STM-R13,Stamford,45.6,%RH,30.0,60.0,OK,2024-07-21,v2.1.4
2025-02-05 21:00:00,AIRFLOW-NWK-B,Airflow,Row B Floor Tile,NWK-R12,Newark,1241,CFM,200,2000,OK,2024-06-25,v2.1.4
2025-02-05 22:00:00,CRAC-STM-2-RET,CRAC Return Temp,CRAC-S2 Return,,Stamford,37.3,°C,20.0,35.0,OK,2024-06-04,v2.1.6
2025-02-05 22:00:00,CRAC-NWK-1-SUP,CRAC Supply Temp,CRAC-N1 Supply,,Newark,14.4,°C,10.0,18.0,OK,2024-08-20,v2.2.0
2025-02-05 22:00:00,HUMID-NWK-F,Humidity,Row F,NWK-R53,Newark,40.4,%RH,30.0,60.0,OK,2024-08-01,v2.2.1
2025-02-05 23:00:00,TEMP-STM-E-HOT,Temperature,Row E Hot Aisle,STM-R45,Stamford,35.2,°C,25.0,45.0,OK,2024-12-14,v2.1.6
2025-02-05 23:00:00,HUMID-STM-C,Humidity,Row C,STM-R23,Stamford,43.4,%RH,30.0,60.0,OK,2024-09-04,v2.1.4
2025-02-05 23:00:00,AIRFLOW-STM-D,Airflow,Row D Floor Tile,STM-R32,Stamford,1184,CFM,200,2000,OK,2024-06-12,v2.2.1
2025-02-05 23:00:00,LEAK-NWK-06,Water Leak,Zone 6 Under-floor,,Newark,0,boolean,0,1,OK,2024-07-15,v2.1.4
2025-02-05 23:00:00,TEMP-NWK-C-COLD,Temperature,Row C Cold Aisle,NWK-R21,Newark,21.0,°C,18.0,27.0,OK,2024-12-21,v2.1.6
2025-02-06 00:00:00,CRAC-NWK-3-SUP,CRAC Supply Temp,CRAC-N3 Supply,,Newark,14.1,°C,10.0,18.0,OK,2024-09-02,v2.2.0
2025-02-06 01:00:00,TEMP-STM-E-HOT,Temperature,Row E Hot Aisle,STM-R45,Stamford,36.5,°C,25.0,45.0,OK,2024-07-22,v2.1.6
2025-02-06 01:00:00,LEAK-NWK-04,Water Leak,Zone 4 Under-floor,,Newark,0,boolean,0,1,OK,2024-12-26,v2.2.1
2025-02-06 01:00:00,TEMP-STM-C-HOT,Temperature,Row C Hot Aisle,STM-R25,Stamford,32.2,°C,25.0,45.0,OK,2024-12-08,v2.1.6
2025-02-06 01:00:00,TEMP-NWK-D-COLD,Temperature,Row D Cold Aisle,NWK-R31,Newark,22.1,°C,18.0,27.0,OK,2024-10-19,v2.2.0
2025-02-06 01:00:00,TEMP-NWK-B-HOT,Temperature,Row B Hot Aisle,NWK-R15,Newark,29.4,°C,25.0,45.0,OK,2024-09-09,v2.2.1
2025-02-06 02:00:00,TEMP-STM-E-HOT,Temperature,Row E Hot Aisle,STM-R45,Stamford,36.0,°C,25.0,45.0,OK,2024-12-16,v2.1.4
2025-02-06 02:00:00,LEAK-STM-01,Water Leak,Zone 1 Under-floor,,Stamford,0,boolean,0,1,OK,2024-11-23,v2.1.4
2025-02-06 02:00:00,LEAK-STM-03,Water Leak,Zone 3 Under-floor,,Stamford,0,boolean,0,1,OK,2024-09-10,v2.1.6
2025-02-06 02:00:00,CRAC-NWK-3-RET,CRAC Return Temp,CRAC-N3 Return,,Newark,28.3,°C,20.0,35.0,OK,2024-12-06,v2.1.4
2025-02-06 03:00:00,TEMP-NWK-C-HOT,Temperature,Row C Hot Aisle,NWK-R25,Newark,35.1,°C,25.0,45.0,OK,2024-12-24,v2.1.6
2025-02-06 03:00:00,TEMP-STM-E-HOT,Temperature,Row E Hot Aisle,STM-R45,Stamford,35.7,°C,25.0,45.0,OK,2024-08-27,v2.1.6
2025-02-06 03:00:00,HUMID-STM-A,Humidity,Row A,STM-R03,Stamford,50.5,%RH,30.0,60.0,OK,2024-12-08,v2.2.0
2025-02-06 03:00:00,AIRFLOW-NWK-G,Airflow,Row G Floor Tile,NWK-R62,Newark,934,CFM,200,2000,OK,2024-12-27,v2.1.4
2025-02-06 04:00:00,TEMP-STM-E-HOT,Temperature,Row E Hot Aisle,STM-R45,Stamford,37.2,°C,25.0,45.0,OK,2024-08-26,v2.2.0
2025-02-06 04:00:00,CRAC-NWK-2-RET,CRAC Return Temp,CRAC-N2 Return,,Newark,32.8,°C,20.0,35.0,OK,2024-09-10,v2.1.4
2025-02-06 04:00:00,AIRFLOW-NWK-D,Airflow,Row D Floor Tile,NWK-R32,Newark,1222,CFM,200,2000,OK,2024-08-28,v2.1.6
2025-02-06 05:00:00,TEMP-NWK-C-HOT,Temperature,Row C Hot Aisle,NWK-R25,Newark,35.5,°C,25.0,45.0,OK,2024-08-22,v2.2.0
2025-02-06 05:00:00,TEMP-STM-E-HOT,Temperature,Row E Hot Aisle,STM-R45,Stamford,36.5,°C,25.0,45.0,OK,2024-12-24,v2.1.6
2025-02-06 05:00:00,TEMP-STM-A-COLD,Temperature,Row A Cold Aisle,STM-R01,Stamford,20.5,°C,18.0,27.0,OK,2024-07-20,v2.1.6
2025-02-06 05:00:00,HUMID-NWK-G,Humidity,Row G,NWK-R63,Newark,52.3,%RH,30.0,60.0,OK,2024-09-16,v2.2.1
2025-02-06 05:00:00,AIRFLOW-NWK-C,Airflow,Row C Floor Tile,NWK-R22,Newark,1118,CFM,200,2000,OK,2024-09-18,v2.1.4
2025-02-06 06:00:00,TEMP-NWK-C-HOT,Temperature,Row C Hot Aisle,NWK-R25,Newark,36.0,°C,25.0,45.0,OK,2024-08-08,v2.2.1
2025-02-06 06:00:00,TEMP-STM-E-HOT,Temperature,Row E Hot Aisle,STM-R45,Stamford,38.1,°C,25.0,45.0,OK,2024-09-22,v2.1.6
2025-02-06 06:00:00,AIRFLOW-NWK-A,Airflow,Row A Floor Tile,NWK-R02,Newark,1050,CFM,200,2000,OK,2024-07-16,v2.1.6
2025-02-06 06:00:00,HUMID-NWK-F,Humidity,Row F,NWK-R53,Newark,43.2,%RH,30.0,60.0,OK,2024-08-06,v2.1.6
2025-02-06 07:00:00,TEMP-STM-E-HOT,Temperature,Row E Hot Aisle,STM-R45,Stamford,37.4,°C,25.0,45.0,OK,2024-12-25,v2.2.0
2025-02-06 07:00:00,TEMP-STM-C-COLD,Temperature,Row C Cold Aisle,STM-R21,Stamford,22.0,°C,18.0,27.0,OK,2024-09-05,v2.2.1
2025-02-06 08:00:00,TEMP-STM-E-HOT,Temperature,Row E Hot Aisle,STM-R45,Stamford,36.9,°C,25.0,45.0,OK,2024-12-06,v2.2.1
2025-02-06 09:00:00,TEMP-STM-E-HOT,Temperature,Row E Hot Aisle,STM-R45,Stamford,37.8,°C,25.0,45.0,OK,2024-11-15,v2.2.1
2025-02-06 09:00:00,TEMP-NWK-E-COLD,Temperature,Row E Cold Aisle,NWK-R41,Newark,20.7,°C,18.0,27.0,OK,2024-09-02,v2.2.0
2025-02-06 10:00:00,TEMP-STM-E-HOT,Temperature,Row E Hot Aisle,STM-R45,Stamford,37.3,°C,25.0,45.0,OK,2024-07-02,v2.1.6
2025-02-06 10:00:00,HUMID-NWK-D,Humidity,Row D,NWK-R33,Newark,48.3,%RH,30.0,60.0,OK,2024-11-11,v2.2.1
2025-02-06 11:00:00,TEMP-STM-E-HOT,Temperature,Row E Hot Aisle,STM-R45,Stamford,35.2,°C,25.0,45.0,OK,2024-09-24,v2.2.0
2025-02-06 12:00:00,TEMP-STM-E-HOT,Temperature,Row E Hot Aisle,STM-R45,Stamford,35.6,°C,25.0,45.0,OK,2024-09-24,v2.2.0
2025-02-06 12:00:00,LEAK-NWK-03,Water Leak,Zone 3 Under-floor,,Newark,0,boolean,0,1,OK,2024-06-26,v2.1.4
2025-02-06 12:00:00,CRAC-NWK-1-SUP,CRAC Supply Temp,CRAC-N1 Supply,,Newark,14.9,°C,10.0,18.0,OK,2024-07-15,v2.2.1
2025-02-06 13:00:00,TEMP-STM-E-HOT,Temperature,Row E Hot Aisle,STM-R45,Stamford,36.0,°C,25.0,45.0,OK,2024-10-23,v2.1.6
2025-02-06 13:00:00,CRAC-STM-3-SUP,CRAC Supply Temp,CRAC-S3 Supply,,Stamford,14.6,°C,10.0,18.0,OK,2024-09-14,v2.2.0
2025-02-06 13:00:00,CRAC-NWK-3-SUP,CRAC Supply Temp,CRAC-N3 Supply,,Newark,13.7,°C,10.0,18.0,OK,2024-12-11,v2.1.6
2025-02-06 14:00:00,TEMP-STM-E-HOT,Temperature,Row E Hot Aisle,STM-R45,Stamford,33.8,°C,25.0,45.0,OK,2024-11-10,v2.1.6
2025-02-06 14:00:00,TEMP-NWK-A-HOT,Temperature,Row A Hot Aisle,NWK-R05,Newark,27.2,°C,25.0,45.0,OK,2024-06-05,v2.2.0
2025-02-06 15:00:00,LEAK-STM-05,Water Leak,Zone 5 Under-floor,,Stamford,0,boolean,0,1,OK,2024-09-04,v2.1.6
2025-02-06 15:00:00,CRAC-STM-4-SUP,CRAC Supply Temp,CRAC-S4 Supply,,Stamford,14.5,°C,10.0,18.0,OK,2024-12-03,v2.1.4
2025-02-06 16:00:00,LEAK-NWK-06,Water Leak,Zone 6 Under-floor,,Newark,0,boolean,0,1,OK,2024-10-13,v2.2.1
2025-02-06 16:00:00,PWR-NWK-UPS3,UPS Load,UPS-N3,,Newark,77.8,kW,0,200,OK,2024-06-18,v2.1.4
2025-02-06 18:00:00,HUMID-NWK-F,Humidity,Row F,NWK-R53,Newark,41.1,%RH,30.0,60.0,OK,2024-06-04,v2.1.6
2025-02-06 18:00:00,CRAC-NWK-4-SUP,CRAC Supply Temp,CRAC-N4 Supply,,Newark,13.2,°C,10.0,18.0,OK,2024-10-28,v2.1.4
2025-02-06 18:00:00,TEMP-NWK-C-COLD,Temperature,Row C Cold Aisle,NWK-R21,Newark,20.5,°C,18.0,27.0,OK,2024-08-22,v2.1.6
2025-02-06 19:00:00,AIRFLOW-NWK-D,Airflow,Row D Floor Tile,NWK-R32,Newark,1106,CFM,200,2000,OK,2024-10-14,v2.2.0
2025-02-06 20:00:00,CRAC-STM-2-SUP,CRAC Supply Temp,CRAC-S2 Supply,,Stamford,14.3,°C,10.0,18.0,OK,2024-08-17,v2.1.4
2025-02-06 20:00:00,HUMID-NWK-E,Humidity,Row E,NWK-R43,Newark,47.1,%RH,30.0,60.0,OK,2024-12-25,v2.1.4
2025-02-06 21:00:00,CRAC-NWK-4-SUP,CRAC Supply Temp,CRAC-N4 Supply,,Newark,13.1,°C,10.0,18.0,OK,2024-08-10,v2.1.4
2025-02-06 23:00:00,TEMP-STM-E-HOT,Temperature,Row E Hot Aisle,STM-R45,Stamford,35.2,°C,25.0,45.0,OK,2024-12-22,v2.2.0
2025-02-07 00:00:00,CRAC-STM-1-SUP,CRAC Supply Temp,CRAC-S1 Supply,,Stamford,14.4,°C,10.0,18.0,OK,2024-12-21,v2.1.6
2025-02-07 00:00:00,TEMP-STM-B-COLD,Temperature,Row B Cold Aisle,STM-R11,Stamford,19.3,°C,18.0,27.0,OK,2024-06-22,v2.2.1
2025-02-07 00:00:00,LEAK-NWK-02,Water Leak,Zone 2 Under-floor,,Newark,0,boolean,0,1,OK,2024-09-04,v2.1.4
2025-02-07 00:00:00,AIRFLOW-NWK-B,Airflow,Row B Floor Tile,NWK-R12,Newark,1403,CFM,200,2000,OK,2024-10-20,v2.1.4
2025-02-07 01:00:00,TEMP-STM-E-HOT,Temperature,Row E Hot Aisle,STM-R45,Stamford,35.9,°C,25.0,45.0,OK,2024-12-23,v2.2.0
2025-02-07 01:00:00,TEMP-STM-D-COLD,Temperature,Row D Cold Aisle,STM-R31,Stamford,20.3,°C,18.0,27.0,OK,2024-12-21,v2.1.4
2025-02-07 01:00:00,LEAK-STM-01,Water Leak,Zone 1 Under-floor,,Stamford,0,boolean,0,1,OK,2024-07-28,v2.2.0
2025-02-07 01:00:00,CRAC-NWK-2-SUP,CRAC Supply Temp,CRAC-N2 Supply,,Newark,14.0,°C,10.0,18.0,OK,2024-06-24,v2.1.4
2025-02-07 01:00:00,TEMP-STM-B-COLD,Temperature,Row B Cold Aisle,STM-R11,Stamford,20.5,°C,18.0,27.0,OK,2024-08-04,v2.1.6
2025-02-07 02:00:00,TEMP-STM-E-HOT,Temperature,Row E Hot Aisle,STM-R45,Stamford,37.2,°C,25.0,45.0,OK,2024-12-21,v2.1.4
2025-02-07 02:00:00,HUMID-NWK-D,Humidity,Row D,NWK-R33,Newark,50.4,%RH,30.0,60.0,OK,2024-10-16,v2.1.6
2025-02-07 02:00:00,CRAC-STM-4-SUP,CRAC Supply Temp,CRAC-S4 Supply,,Stamford,15.8,°C,10.0,18.0,OK,2024-09-14,v2.2.0
2025-02-07 02:00:00,LEAK-NWK-05,Water Leak,Zone 5 Under-floor,,Newark,0,boolean,0,1,OK,2024-07-10,v2.2.1
2025-02-07 03:00:00,TEMP-STM-E-HOT,Temperature,Row E Hot Aisle,STM-R45,Stamford,37.4,°C,25.0,45.0,OK,2024-06-08,v2.2.1
2025-02-07 03:00:00,CRAC-STM-4-SUP,CRAC Supply Temp,CRAC-S4 Supply,,Stamford,15.7,°C,10.0,18.0,OK,2024-06-28,v2.2.1
2025-02-07 03:00:00,AIRFLOW-NWK-G,Airflow,Row G Floor Tile,NWK-R62,Newark,842,CFM,200,2000,OK,2024-12-25,v2.2.1
2025-02-07 04:00:00,TEMP-NWK-B-HOT,Temperature,Row B Hot Aisle,NWK-R15,Newark,36.2,°C,25.0,45.0,OK,2024-06-18,v2.2.0
2025-02-07 04:00:00,TEMP-STM-E-HOT,Temperature,Row E Hot Aisle,STM-R45,Stamford,37.4,°C,25.0,45.0,OK,2024-08-19,v2.2.0
2025-02-07 05:00:00,TEMP-STM-E-HOT,Temperature,Row E Hot Aisle,STM-R45,Stamford,37.1,°C,25.0,45.0,OK,2024-09-05,v2.2.1
2025-02-07 05:00:00,CRAC-STM-3-RET,CRAC Return Temp,CRAC-S3 Return,,Stamford,32.6,°C,20.0,35.0,OK,2024-12-27,v2.2.0
2025-02-07 06:00:00,TEMP-NWK-C-HOT,Temperature,Row C Hot Aisle,NWK-R25,Newark,36.0,°C,25.0,45.0,OK,2024-08-10,v2.2.1
2025-02-07 06:00:00,TEMP-STM-E-HOT,Temperature,Row E Hot Aisle,STM-R45,Stamford,36.9,°C,25.0,45.0,OK,2024-09-07,v2.1.4
2025-02-07 06:00:00,CRAC-STM-3-RET,CRAC Return Temp,CRAC-S3 Return,,Stamford,32.6,°C,20.0,35.0,OK,2024-07-16,v2.1.4
2025-02-07 06:00:00,LEAK-NWK-06,Water Leak,Zone 6 Under-floor,,Newark,0,boolean,0,1,OK,2024-09-19,v2.1.6
2025-02-07 07:00:00,TEMP-NWK-C-HOT,Temperature,Row C Hot Aisle,NWK-R25,Newark,35.3,°C,25.0,45.0,OK,2024-08-08,v2.1.4
2025-02-07 07:00:00,TEMP-STM-E-HOT,Temperature,Row E Hot Aisle,STM-R45,Stamford,36.5,°C,25.0,45.0,OK,2024-11-05,v2.1.6
2025-02-07 07:00:00,HUMID-NWK-G,Humidity,Row G,NWK-R63,Newark,52.2,%RH,30.0,60.0,OK,2024-07-02,v2.1.6
2025-02-07 07:00:00,CRAC-NWK-2-RET,CRAC Return Temp,CRAC-N2 Return,,Newark,31.9,°C,20.0,35.0,OK,2024-09-05,v2.1.4
2025-02-07 07:00:00,CRAC-STM-2-SUP,CRAC Supply Temp,CRAC-S2 Supply,,Stamford,15.8,°C,10.0,18.0,OK,2024-06-07,v2.1.6
2025-02-07 07:00:00,LEAK-NWK-07,Water Leak,Zone 7 Under-floor,,Newark,0,boolean,0,1,OK,2024-07-05,v2.1.6
2025-02-07 07:00:00,TEMP-STM-B-COLD,Temperature,Row B Cold Aisle,STM-R11,Stamford,20.1,°C,18.0,27.0,OK,2024-06-14,v2.2.1
2025-02-07 08:00:00,TEMP-STM-E-HOT,Temperature,Row E Hot Aisle,STM-R45,Stamford,37.0,°C,25.0,45.0,OK,2024-08-15,v2.2.1
2025-02-07 08:00:00,AIRFLOW-STM-E,Airflow,Row E Floor Tile,STM-R42,Stamford,878,CFM,200,2000,OK,2024-09-20,v2.2.0
2025-02-07 09:00:00,TEMP-STM-E-HOT,Temperature,Row E Hot Aisle,STM-R45,Stamford,37.4,°C,25.0,45.0,OK,2024-10-12,v2.1.4
2025-02-07 10:00:00,TEMP-STM-E-HOT,Temperature,Row E Hot Aisle,STM-R45,Stamford,37.4,°C,25.0,45.0,OK,2024-07-27,v2.1.6
2025-02-07 10:00:00,CRAC-STM-4-RET,CRAC Return Temp,CRAC-S4 Return,,Stamford,28.3,°C,20.0,35.0,OK,2024-07-21,v2.1.6
2025-02-07 11:00:00,TEMP-STM-E-HOT,Temperature,Row E Hot Aisle,STM-R45,Stamford,35.1,°C,25.0,45.0,OK,2024-09-23,v2.2.0
2025-02-07 11:00:00,CRAC-NWK-6-SUP,CRAC Supply Temp,CRAC-N6 Supply,,Newark,15.0,°C,10.0,18.0,OK,2024-06-07,v2.1.4
2025-02-07 12:00:00,TEMP-STM-E-HOT,Temperature,Row E Hot Aisle,STM-R45,Stamford,35.1,°C,25.0,45.0,OK,2024-10-04,v2.1.4
2025-02-07 13:00:00,CRAC-NWK-4-RET,CRAC Return Temp,CRAC-N4 Return,,Newark,29.6,°C,20.0,35.0,OK,2024-11-12,v2.2.1
2025-02-07 14:00:00,TEMP-NWK-B-HOT,Temperature,Row B Hot Aisle,NWK-R15,Newark,29.4,°C,25.0,45.0,OK,2024-12-07,v2.1.6
2025-02-07 15:00:00,CRAC-NWK-5-SUP,CRAC Supply Temp,CRAC-N5 Supply,,Newark,14.5,°C,10.0,18.0,OK,2024-10-21,v2.2.0
2025-02-07 15:00:00,HUMID-STM-E,Humidity,Row E,STM-R43,Stamford,43.1,%RH,30.0,60.0,OK,2024-06-03,v2.1.6
2025-02-07 15:00:00,CRAC-STM-4-SUP,CRAC Supply Temp,CRAC-S4 Supply,,Stamford,14.7,°C,10.0,18.0,OK,2024-11-14,v2.1.6
2025-02-07 16:00:00,CRAC-NWK-1-RET,CRAC Return Temp,CRAC-N1 Return,,Newark,36.5,°C,20.0,35.0,OK,2024-07-01,v2.1.6
2025-02-07 16:00:00,LEAK-NWK-07,Water Leak,Zone 7 Under-floor,,Newark,0,boolean,0,1,OK,2024-09-06,v2.2.0
2025-02-07 16:00:00,HUMID-NWK-B,Humidity,Row B,NWK-R13,Newark,44.7,%RH,30.0,60.0,OK,2024-08-18,v2.1.6
2025-02-07 16:00:00,AIRFLOW-STM-C,Airflow,Row C Floor Tile,STM-R22,Stamford,1401,CFM,200,2000,OK,2024-10-18,v2.2.0
2025-02-07 16:00:00,PWR-NWK-UPS2,UPS Load,UPS-N2,,Newark,79.6,kW,0,200,OK,2024-11-21,v2.1.6
2025-02-07 17:00:00,TEMP-STM-E-COLD,Temperature,Row E Cold Aisle,STM-R41,Stamford,19.4,°C,18.0,27.0,OK,2024-12-21,v2.1.4
2025-02-07 17:00:00,TEMP-NWK-D-COLD,Temperature,Row D Cold Aisle,NWK-R31,Newark,21.2,°C,18.0,27.0,OK,2024-12-24,v2.2.0
2025-02-07 17:00:00,CRAC-NWK-4-SUP,CRAC Supply Temp,CRAC-N4 Supply,,Newark,13.4,°C,10.0,18.0,OK,2024-11-08,v2.1.4
2025-02-07 18:00:00,LEAK-STM-05,Water Leak,Zone 5 Under-floor,,Stamford,0,boolean,0,1,OK,2024-10-11,v2.1.6
2025-02-07 18:00:00,AIRFLOW-NWK-C,Airflow,Row C Floor Tile,NWK-R22,Newark,1040,CFM,200,2000,OK,2024-06-26,v2.2.0
2025-02-07 18:00:00,TEMP-NWK-E-COLD,Temperature,Row E Cold Aisle,NWK-R41,Newark,18.9,°C,18.0,27.0,OK,2024-12-04,v2.2.1
2025-02-07 18:00:00,PWR-NWK-UPS4,UPS Load,UPS-N4,,Newark,89.4,kW,0,200,OK,2024-10-01,v2.1.4
2025-02-07 18:00:00,TEMP-STM-E-COLD,Temperature,Row E Cold Aisle,STM-R41,Stamford,19.0,°C,18.0,27.0,OK,2024-07-15,v2.2.0
2025-02-07 19:00:00,HUMID-STM-A,Humidity,Row A,STM-R03,Stamford,46.9,%RH,30.0,60.0,OK,2024-09-02,v2.2.1
2025-02-07 20:00:00,TEMP-NWK-D-HOT,Temperature,Row D Hot Aisle,NWK-R35,Newark,36.1,°C,25.0,45.0,OK,2024-10-12,v2.2.1
2025-02-07 20:00:00,AIRFLOW-NWK-B,Airflow,Row B Floor Tile,NWK-R12,Newark,1111,CFM,200,2000,OK,2024-08-21,v2.2.0
2025-02-07 21:00:00,AIRFLOW-NWK-B,Airflow,Row B Floor Tile,NWK-R12,Newark,1336,CFM,200,2000,OK,2024-06-18,v2.2.1
2025-02-07 21:00:00,HUMID-STM-B,Humidity,Row B,STM-R13,Stamford,47.6,%RH,30.0,60.0,OK,2024-11-11,v2.2.1
2025-02-07 22:00:00,TEMP-NWK-F-COLD,Temperature,Row F Cold Aisle,NWK-R51,Newark,38.0,°C,18.0,27.0,OK,2024-06-05,v2.1.4
2025-02-07 22:00:00,CRAC-NWK-1-SUP,CRAC Supply Temp,CRAC-N1 Supply,,Newark,14.1,°C,10.0,18.0,OK,2024-07-03,v2.1.6
2025-02-07 22:00:00,AIRFLOW-STM-D,Airflow,Row D Floor Tile,STM-R32,Stamford,1304,CFM,200,2000,OK,2024-09-14,v2.1.4
2025-02-07 22:00:00,HUMID-STM-E,Humidity,Row E,STM-R43,Stamford,42.9,%RH,30.0,60.0,OK,2024-06-23,v2.2.0
2025-02-07 22:00:00,LEAK-NWK-02,Water Leak,Zone 2 Under-floor,,Newark,0,boolean,0,1,OK,2024-08-24,v2.1.4
2025-02-07 22:00:00,CRAC-STM-4-SUP,CRAC Supply Temp,CRAC-S4 Supply,,Stamford,14.8,°C,10.0,18.0,OK,2024-09-21,v2.2.1
2025-02-07 23:00:00,TEMP-STM-E-HOT,Temperature,Row E Hot Aisle,STM-R45,Stamford,35.3,°C,25.0,45.0,OK,2024-12-02,v2.1.6
2025-02-07 23:00:00,TEMP-STM-A-COLD,Temperature,Row A Cold Aisle,STM-R01,Stamford,19.3,°C,18.0,27.0,OK,2024-10-26,v2.2.1
2025-02-07 23:00:00,LEAK-NWK-06,Water Leak,Zone 6 Under-floor,,Newark,0,boolean,0,1,OK,2024-09-23,v2.1.6
2025-02-07 23:00:00,TEMP-STM-D-HOT,Temperature,Row D Hot Aisle,STM-R35,Stamford,29.6,°C,25.0,45.0,OK,2024-12-15,v2.2.0
2025-02-08 00:00:00,TEMP-STM-E-HOT,Temperature,Row E Hot Aisle,STM-R45,Stamford,35.2,°C,25.0,45.0,OK,2024-11-28,v2.2.0
2025-02-08 00:00:00,PWR-NWK-UPS2,UPS Load,UPS-N2,,Newark,80.5,kW,0,200,OK,2024-09-11,v2.1.6
2025-02-08 01:00:00,TEMP-STM-E-HOT,Temperature,Row E Hot Aisle,STM-R45,Stamford,36.2,°C,25.0,45.0,OK,2024-08-16,v2.2.1
2025-02-08 01:00:00,HUMID-STM-B,Humidity,Row B,STM-R13,Stamford,49.4,%RH,30.0,60.0,OK,2024-09-17,v2.1.4
2025-02-08 01:00:00,TEMP-NWK-F-HOT,Temperature,Row F Hot Aisle,NWK-R55,Newark,32.8,°C,25.0,45.0,OK,2024-07-11,v2.2.0
2025-02-08 01:00:00,PWR-NWK-UPS3,UPS Load,UPS-N3,,Newark,85.3,kW,0,200,OK,2024-09-08,v2.2.1
2025-02-08 02:00:00,TEMP-STM-E-HOT,Temperature,Row E Hot Aisle,STM-R45,Stamford,36.0,°C,25.0,45.0,OK,2024-08-21,v2.2.1
2025-02-08 02:00:00,CRAC-STM-4-RET,CRAC Return Temp,CRAC-S4 Return,,Stamford,28.1,°C,20.0,35.0,OK,2024-08-04,v2.1.4
2025-02-08 02:00:00,CRAC-STM-3-SUP,CRAC Supply Temp,CRAC-S3 Supply,,Stamford,15.3,°C,10.0,18.0,OK,2024-06-14,v2.2.0
2025-02-08 02:00:00,PWR-NWK-UPS2,UPS Load,UPS-N2,,Newark,78.7,kW,0,200,OK,2024-11-19,v2.1.6
2025-02-08 02:00:00,AIRFLOW-STM-A,Airflow,Row A Floor Tile,STM-R02,Stamford,855,CFM,200,2000,OK,2024-07-05,v2.1.4
2025-02-08 03:00:00,TEMP-STM-E-HOT,Temperature,Row E Hot Aisle,STM-R45,Stamford,37.5,°C,25.0,45.0,OK,2024-09-10,v2.2.1
2025-02-08 03:00:00,TEMP-STM-A-COLD,Temperature,Row A Cold Aisle,STM-R01,Stamford,19.8,°C,18.0,27.0,OK,2024-07-24,v2.2.1
2025-02-08 04:00:00,TEMP-NWK-C-HOT,Temperature,Row C Hot Aisle,NWK-R25,Newark,35.3,°C,25.0,45.0,OK,2024-10-15,v2.2.1
2025-02-08 04:00:00,TEMP-STM-E-HOT,Temperature,Row E Hot Aisle,STM-R45,Stamford,36.4,°C,25.0,45.0,OK,2024-09-25,v2.2.0
2025-02-08 04:00:00,AIRFLOW-STM-E,Airflow,Row E Floor Tile,STM-R42,Stamford,862,CFM,200,2000,OK,2024-11-19,v2.2.0
2025-02-08 05:00:00,TEMP-NWK-C-HOT,Temperature,Row C Hot Aisle,NWK-R25,Newark,35.3,°C,25.0,45.0,OK,2024-11-14,v2.1.4
2025-02-08 05:00:00,TEMP-NWK-F-HOT,Temperature,Row F Hot Aisle,NWK-R55,Newark,37.1,°C,25.0,45.0,OK,2024-11-05,v2.2.1
2025-02-08 05:00:00,TEMP-STM-E-HOT,Temperature,Row E Hot Aisle,STM-R45,Stamford,36.4,°C,25.0,45.0,OK,2024-07-04,v2.2.1
2025-02-08 05:00:00,CRAC-NWK-4-RET,CRAC Return Temp,CRAC-N4 Return,,Newark,31.3,°C,20.0,35.0,OK,2024-07-23,v2.2.1
2025-02-08 05:00:00,TEMP-NWK-D-HOT,Temperature,Row D Hot Aisle,NWK-R35,Newark,30.2,°C,25.0,45.0,OK,2024-07-08,v2.2.1
2025-02-08 06:00:00,TEMP-STM-E-HOT,Temperature,Row E Hot Aisle,STM-R45,Stamford,36.7,°C,25.0,45.0,OK,2024-06-12,v2.1.6
2025-02-08 06:00:00,HUMID-NWK-D,Humidity,Row D,NWK-R33,Newark,50.7,%RH,30.0,60.0,OK,2024-09-05,v2.2.1
2025-02-08 06:00:00,TEMP-NWK-F-COLD,Temperature,Row F Cold Aisle,NWK-R51,Newark,21.3,°C,18.0,27.0,OK,2024-09-25,v2.2.0
2025-02-08 06:00:00,TEMP-NWK-E-HOT,Temperature,Row E Hot Aisle,NWK-R45,Newark,29.3,°C,25.0,45.0,OK,2024-07-08,v2.2.1
2025-02-08 07:00:00,TEMP-NWK-C-HOT,Temperature,Row C Hot Aisle,NWK-R25,Newark,35.7,°C,25.0,45.0,OK,2024-07-25,v2.1.6
2025-02-08 07:00:00,TEMP-STM-E-HOT,Temperature,Row E Hot Aisle,STM-R45,Stamford,37.1,°C,25.0,45.0,OK,2024-10-20,v2.1.4
2025-02-08 07:00:00,TEMP-NWK-A-HOT,Temperature,Row A Hot Aisle,NWK-R05,Newark,29.1,°C,25.0,45.0,OK,2024-09-12,v2.2.1
2025-02-08 07:00:00,LEAK-STM-04,Water Leak,Zone 4 Under-floor,,Stamford,0,boolean,0,1,OK,2024-10-06,v2.1.6
2025-02-08 07:00:00,CRAC-NWK-5-RET,CRAC Return Temp,CRAC-N5 Return,,Newark,31.5,°C,20.0,35.0,OK,2024-08-22,v2.1.4
2025-02-08 08:00:00,TEMP-NWK-C-HOT,Temperature,Row C Hot Aisle,NWK-R25,Newark,35.1,°C,25.0,45.0,OK,2024-12-19,v2.2.1
2025-02-08 08:00:00,TEMP-STM-E-HOT,Temperature,Row E Hot Aisle,STM-R45,Stamford,38.1,°C,25.0,45.0,OK,2024-11-13,v2.1.4
2025-02-08 08:00:00,AIRFLOW-STM-D,Airflow,Row D Floor Tile,STM-R32,Stamford,1254,CFM,200,2000,OK,2024-07-08,v2.2.1
2025-02-08 08:00:00,TEMP-NWK-D-HOT,Temperature,Row D Hot Aisle,NWK-R35,Newark,29.2,°C,25.0,45.0,OK,2024-10-21,v2.1.4
2025-02-08 09:00:00,TEMP-NWK-C-HOT,Temperature,Row C Hot Aisle,NWK-R25,Newark,35.1,°C,25.0,45.0,OK,2024-10-21,v2.1.4
2025-02-08 09:00:00,TEMP-STM-E-HOT,Temperature,Row E Hot Aisle,STM-R45,Stamford,36.1,°C,25.0,45.0,OK,2024-09-23,v2.2.1
2025-02-08 09:00:00,TEMP-NWK-E-COLD,Temperature,Row E Cold Aisle,NWK-R41,Newark,21.7,°C,18.0,27.0,OK,2024-07-06,v2.1.4
2025-02-08 09:00:00,AIRFLOW-NWK-E,Airflow,Row E Floor Tile,NWK-R42,Newark,723,CFM,200,2000,OK,2024-11-04,v2.2.1
2025-02-08 10:00:00,TEMP-STM-E-HOT,Temperature,Row E Hot Aisle,STM-R45,Stamford,35.7,°C,25.0,45.0,OK,2024-11-16,v2.2.1
2025-02-08 10:00:00,PWR-STM-UPS2,UPS Load,UPS-S2,,Stamford,82.9,kW,0,200,OK,2024-09-27,v2.1.4
2025-02-08 10:00:00,TEMP-STM-D-COLD,Temperature,Row D Cold Aisle,STM-R31,Stamford,21.4,°C,18.0,27.0,OK,2024-07-15,v2.2.0
2025-02-08 10:00:00,LEAK-NWK-01,Water Leak,Zone 1 Under-floor,,Newark,0,boolean,0,1,OK,2024-09-28,v2.1.6
2025-02-08 11:00:00,TEMP-STM-E-HOT,Temperature,Row E Hot Aisle,STM-R45,Stamford,36.5,°C,25.0,45.0,OK,2024-10-11,v2.2.1
2025-02-08 11:00:00,CRAC-STM-3-RET,CRAC Return Temp,CRAC-S3 Return,,Stamford,29.8,°C,20.0,35.0,OK,2024-07-10,v2.2.0
2025-02-08 12:00:00,TEMP-NWK-E-COLD,Temperature,Row E Cold Aisle,NWK-R41,Newark,20.3,°C,18.0,27.0,OK,2024-10-11,v2.1.6
2025-02-08 13:00:00,TEMP-NWK-C-COLD,Temperature,Row C Cold Aisle,NWK-R21,Newark,20.6,°C,18.0,27.0,OK,2024-12-12,v2.2.0
2025-02-08 13:00:00,AIRFLOW-NWK-E,Airflow,Row E Floor Tile,NWK-R42,Newark,569,CFM,200,2000,OK,2024-09-21,v2.1.6
2025-02-08 13:00:00,AIRFLOW-STM-E,Airflow,Row E Floor Tile,STM-R42,Stamford,812,CFM,200,2000,OK,2024-11-17,v2.2.0
2025-02-08 13:00:00,LEAK-NWK-08,Water Leak,Zone 8 Under-floor,,Newark,0,boolean,0,1,OK,2024-11-08,v2.2.1
2025-02-08 14:00:00,TEMP-NWK-G-COLD,Temperature,Row G Cold Aisle,NWK-R61,Newark,19.0,°C,18.0,27.0,OK,2024-09-04,v2.1.6
2025-02-08 14:00:00,CRAC-STM-2-SUP,CRAC Supply Temp,CRAC-S2 Supply,,Stamford,14.8,°C,10.0,18.0,OK,2024-12-11,v2.1.4
2025-02-08 14:00:00,LEAK-NWK-07,Water Leak,Zone 7 Under-floor,,Newark,0,boolean,0,1,OK,2024-09-27,v2.2.1
2025-02-08 15:00:00,HUMID-NWK-E,Humidity,Row E,NWK-R43,Newark,47.1,%RH,30.0,60.0,OK,2024-08-03,v2.2.1
2025-02-08 15:00:00,AIRFLOW-NWK-F,Airflow,Row F Floor Tile,NWK-R52,Newark,754,CFM,200,2000,OK,2024-06-21,v2.2.0
2025-02-08 16:00:00,CRAC-STM-3-SUP,CRAC Supply Temp,CRAC-S3 Supply,,Stamford,13.9,°C,10.0,18.0,OK,2024-12-07,v2.1.4
2025-02-08 16:00:00,TEMP-STM-E-HOT,Temperature,Row E Hot Aisle,STM-R45,Stamford,33.5,°C,25.0,45.0,OK,2024-06-07,v2.1.6
2025-02-08 17:00:00,CRAC-STM-1-RET,CRAC Return Temp,CRAC-S1 Return,,Stamford,28.7,°C,20.0,35.0,OK,2024-09-06,v2.2.0
2025-02-08 17:00:00,AIRFLOW-NWK-D,Airflow,Row D Floor Tile,NWK-R32,Newark,1209,CFM,200,2000,OK,2024-09-20,v2.1.6
2025-02-08 17:00:00,LEAK-NWK-08,Water Leak,Zone 8 Under-floor,,Newark,0,boolean,0,1,OK,2024-11-22,v2.1.6
2025-02-08 17:00:00,TEMP-NWK-C-COLD,Temperature,Row C Cold Aisle,NWK-R21,Newark,20.2,°C,18.0,27.0,OK,2024-07-08,v2.1.4
2025-02-08 18:00:00,CRAC-NWK-1-SUP,CRAC Supply Temp,CRAC-N1 Supply,,Newark,14.2,°C,10.0,18.0,OK,2024-09-21,v2.1.4
2025-02-08 18:00:00,HUMID-NWK-B,Humidity,Row B,NWK-R13,Newark,46.3,%RH,30.0,60.0,OK,2024-06-13,v2.1.6
2025-02-08 18:00:00,HUMID-NWK-E,Humidity,Row E,NWK-R43,Newark,46.2,%RH,30.0,60.0,OK,2024-10-03,v2.2.0
2025-02-08 18:00:00,TEMP-STM-E-COLD,Temperature,Row E Cold Aisle,STM-R41,Stamford,18.7,°C,18.0,27.0,OK,2024-06-20,v2.1.4
2025-02-08 19:00:00,AIRFLOW-NWK-C,Airflow,Row C Floor Tile,NWK-R22,Newark,964,CFM,200,2000,OK,2024-06-06,v2.2.0
2025-02-08 19:00:00,HUMID-NWK-G,Humidity,Row G,NWK-R63,Newark,48.8,%RH,30.0,60.0,OK,2024-06-11,v2.1.4
2025-02-08 20:00:00,PWR-NWK-UPS4,UPS Load,UPS-N4,,Newark,90.0,kW,0,200,OK,2024-10-22,v2.1.6
2025-02-08 20:00:00,TEMP-STM-E-HOT,Temperature,Row E Hot Aisle,STM-R45,Stamford,33.9,°C,25.0,45.0,OK,2024-07-24,v2.1.4
2025-02-08 20:00:00,TEMP-NWK-A-HOT,Temperature,Row A Hot Aisle,NWK-R05,Newark,26.2,°C,25.0,45.0,OK,2024-08-05,v2.1.6
2025-02-08 20:00:00,TEMP-NWK-B-HOT,Temperature,Row B Hot Aisle,NWK-R15,Newark,28.9,°C,25.0,45.0,OK,2024-08-05,v2.1.6
2025-02-08 20:00:00,HUMID-STM-B,Humidity,Row B,STM-R13,Stamford,46.5,%RH,30.0,60.0,OK,2024-08-07,v2.2.1
2025-02-08 21:00:00,TEMP-NWK-D-COLD,Temperature,Row D Cold Aisle,NWK-R31,Newark,21.5,°C,18.0,27.0,OK,2024-12-17,v2.1.6
2025-02-08 21:00:00,AIRFLOW-STM-A,Airflow,Row A Floor Tile,STM-R02,Stamford,781,CFM,200,2000,OK,2024-06-21,v2.1.4
2025-02-08 21:00:00,HUMID-STM-C,Humidity,Row C,STM-R23,Stamford,42.6,%RH,30.0,60.0,OK,2024-12-04,v2.1.6
2025-02-08 21:00:00,PWR-NWK-UPS2,UPS Load,UPS-N2,,Newark,79.5,kW,0,200,OK,2024-08-21,v2.1.6
2025-02-08 22:00:00,PWR-STM-UPS2,UPS Load,UPS-S2,,Stamford,80.6,kW,0,200,OK,2024-10-24,v2.1.4
2025-02-08 22:00:00,CRAC-NWK-6-RET,CRAC Return Temp,CRAC-N6 Return,,Newark,28.9,°C,20.0,35.0,OK,2024-08-16,v2.1.4
2025-02-08 23:00:00,TEMP-NWK-G-HOT,Temperature,Row G Hot Aisle,NWK-R65,Newark,29.1,°C,25.0,45.0,OK,2024-07-16,v2.2.0
2025-02-08 23:00:00,CRAC-STM-2-SUP,CRAC Supply Temp,CRAC-S2 Supply,,Stamford,14.6,°C,10.0,18.0,OK,2024-09-28,v2.2.0
2025-02-08 23:00:00,TEMP-NWK-G-COLD,Temperature,Row G Cold Aisle,NWK-R61,Newark,19.7,°C,18.0,27.0,OK,2024-12-06,v2.2.0
2025-02-08 23:00:00,AIRFLOW-STM-B,Airflow,Row B Floor Tile,STM-R12,Stamford,791,CFM,200,2000,OK,2024-07-21,v2.2.1
2025-02-08 23:00:00,LEAK-STM-04,Water Leak,Zone 4 Under-floor,,Stamford,0,boolean,0,1,OK,2024-07-09,v2.2.1
2025-02-09 00:00:00,TEMP-STM-E-HOT,Temperature,Row E Hot Aisle,STM-R45,Stamford,36.5,°C,25.0,45.0,OK,2024-09-08,v2.1.4
2025-02-09 01:00:00,TEMP-STM-E-HOT,Temperature,Row E Hot Aisle,STM-R45,Stamford,36.2,°C,25.0,45.0,OK,2024-07-10,v2.1.4
2025-02-09 01:00:00,TEMP-STM-C-HOT,Temperature,Row C Hot Aisle,STM-R25,Stamford,31.7,°C,25.0,45.0,OK,2024-06-02,v2.1.4
2025-02-09 02:00:00,TEMP-STM-E-HOT,Temperature,Row E Hot Aisle,STM-R45,Stamford,36.9,°C,25.0,45.0,OK,2024-09-28,v2.2.1
2025-02-09 02:00:00,CRAC-STM-3-RET,CRAC Return Temp,CRAC-S3 Return,,Stamford,30.7,°C,20.0,35.0,OK,2024-12-10,v2.1.4
2025-02-09 03:00:00,TEMP-STM-E-HOT,Temperature,Row E Hot Aisle,STM-R45,Stamford,36.9,°C,25.0,45.0,OK,2024-07-21,v2.1.4
2025-02-09 04:00:00,TEMP-STM-E-HOT,Temperature,Row E Hot Aisle,STM-R45,Stamford,37.1,°C,25.0,45.0,OK,2024-07-10,v2.2.1
2025-02-09 04:00:00,LEAK-NWK-05,Water Leak,Zone 5 Under-floor,,Newark,0,boolean,0,1,OK,2024-10-28,v2.2.0
2025-02-09 05:00:00,TEMP-NWK-C-HOT,Temperature,Row C Hot Aisle,NWK-R25,Newark,35.4,°C,25.0,45.0,OK,2024-10-15,v2.1.4
2025-02-09 05:00:00,TEMP-STM-E-HOT,Temperature,Row E Hot Aisle,STM-R45,Stamford,37.5,°C,25.0,45.0,OK,2024-11-27,v2.1.4
2025-02-09 05:00:00,TEMP-NWK-D-HOT,Temperature,Row D Hot Aisle,NWK-R35,Newark,29.4,°C,25.0,45.0,OK,2024-06-04,v2.1.6
2025-02-09 05:00:00,CRAC-STM-3-SUP,CRAC Supply Temp,CRAC-S3 Supply,,Stamford,15.6,°C,10.0,18.0,OK,2024-12-15,v2.1.6
2025-02-09 06:00:00,TEMP-STM-E-HOT,Temperature,Row E Hot Aisle,STM-R45,Stamford,37.1,°C,25.0,45.0,OK,2024-12-01,v2.2.0
2025-02-09 06:00:00,CRAC-NWK-2-RET,CRAC Return Temp,CRAC-N2 Return,,Newark,32.1,°C,20.0,35.0,OK,2024-08-23,v2.2.0
2025-02-09 06:00:00,TEMP-STM-A-HOT,Temperature,Row A Hot Aisle,STM-R05,Stamford,30.8,°C,25.0,45.0,OK,2024-06-02,v2.2.0
2025-02-09 07:00:00,TEMP-NWK-C-HOT,Temperature,Row C Hot Aisle,NWK-R25,Newark,35.3,°C,25.0,45.0,OK,2024-12-10,v2.1.6
2025-02-09 07:00:00,TEMP-STM-E-HOT,Temperature,Row E Hot Aisle,STM-R45,Stamford,37.1,°C,25.0,45.0,OK,2024-06-22,v2.1.4
2025-02-09 07:00:00,CRAC-STM-2-RET,CRAC Return Temp,CRAC-S2 Return,,Stamford,30.8,°C,20.0,35.0,OK,2024-09-02,v2.2.1
2025-02-09 07:00:00,HUMID-NWK-D,Humidity,Row D,NWK-R33,Newark,50.9,%RH,30.0,60.0,OK,2024-08-11,v2.1.6
2025-02-09 08:00:00,TEMP-NWK-C-HOT,Temperature,Row C Hot Aisle,NWK-R25,Newark,35.4,°C,25.0,45.0,OK,2024-09-04,v2.1.6
2025-02-09 08:00:00,TEMP-STM-E-HOT,Temperature,Row E Hot Aisle,STM-R45,Stamford,36.0,°C,25.0,45.0,OK,2024-07-15,v2.1.6
2025-02-09 08:00:00,CRAC-NWK-3-RET,CRAC Return Temp,CRAC-N3 Return,,Newark,28.4,°C,20.0,35.0,OK,2024-10-10,v2.1.4
2025-02-09 08:00:00,HUMID-STM-E,Humidity,Row E,STM-R43,Stamford,45.9,%RH,30.0,60.0,OK,2024-12-26,v2.1.6
2025-02-09 09:00:00,TEMP-STM-E-HOT,Temperature,Row E Hot Aisle,STM-R45,Stamford,37.6,°C,25.0,45.0,OK,2024-09-08,v2.1.6
2025-02-09 09:00:00,HUMID-NWK-A,Humidity,Row A,NWK-R03,Newark,50.3,%RH,30.0,60.0,OK,2024-10-17,v2.1.4
2025-02-09 09:00:00,LEAK-NWK-06,Water Leak,Zone 6 Under-floor,,Newark,0,boolean,0,1,OK,2024-06-21,v2.2.1
2025-02-09 09:00:00,AIRFLOW-NWK-E,Airflow,Row E Floor Tile,NWK-R42,Newark,671,CFM,200,2000,OK,2024-08-22,v2.2.1
2025-02-09 09:00:00,TEMP-STM-D-HOT,Temperature,Row D Hot Aisle,STM-R35,Stamford,29.9,°C,25.0,45.0,OK,2024-09-11,v2.1.6
2025-02-09 09:00:00,TEMP-NWK-F-HOT,Temperature,Row F Hot Aisle,NWK-R55,Newark,32.6,°C,25.0,45.0,OK,2024-09-05,v2.2.0
2025-02-09 09:00:00,LEAK-STM-03,Water Leak,Zone 3 Under-floor,,Stamford,0,boolean,0,1,OK,2024-12-08,v2.2.1
2025-02-09 09:00:00,CRAC-NWK-1-RET,CRAC Return Temp,CRAC-N1 Return,,Newark,30.1,°C,20.0,35.0,OK,2024-06-08,v2.2.0
2025-02-09 09:00:00,HUMID-NWK-C,Humidity,Row C,NWK-R23,Newark,45.9,%RH,30.0,60.0,OK,2024-11-06,v2.2.0
2025-02-09 10:00:00,TEMP-STM-E-HOT,Temperature,Row E Hot Aisle,STM-R45,Stamford,36.0,°C,25.0,45.0,OK,2024-11-20,v2.2.0
2025-02-09 10:00:00,PWR-STM-UPS1,UPS Load,UPS-S1,,Stamford,72.0,kW,0,200,OK,2024-09-20,v2.2.1
2025-02-09 10:00:00,TEMP-NWK-A-COLD,Temperature,Row A Cold Aisle,NWK-R01,Newark,22.1,°C,18.0,27.0,OK,2024-11-22,v2.2.1
2025-02-09 10:00:00,LEAK-STM-05,Water Leak,Zone 5 Under-floor,,Stamford,0,boolean,0,1,OK,2024-10-25,v2.1.4
2025-02-09 10:00:00,TEMP-NWK-A-HOT,Temperature,Row A Hot Aisle,NWK-R05,Newark,28.4,°C,25.0,45.0,OK,2024-10-04,v2.1.4
2025-02-09 11:00:00,TEMP-STM-E-HOT,Temperature,Row E Hot Aisle,STM-R45,Stamford,35.5,°C,25.0,45.0,OK,2024-08-23,v2.2.1
2025-02-09 11:00:00,TEMP-NWK-B-HOT,Temperature,Row B Hot Aisle,NWK-R15,Newark,30.7,°C,25.0,45.0,OK,2024-06-20,v2.2.0
2025-02-09 11:00:00,TEMP-STM-A-HOT,Temperature,Row A Hot Aisle,STM-R05,Stamford,29.5,°C,25.0,45.0,OK,2024-07-14,v2.1.6
2025-02-09 12:00:00,TEMP-STM-E-HOT,Temperature,Row E Hot Aisle,STM-R45,Stamford,35.6,°C,25.0,45.0,OK,2024-08-10,v2.2.0
2025-02-09 12:00:00,TEMP-NWK-F-COLD,Temperature,Row F Cold Aisle,NWK-R51,Newark,20.1,°C,18.0,27.0,OK,2024-10-23,v2.2.1
2025-02-09 12:00:00,AIRFLOW-STM-C,Airflow,Row C Floor Tile,STM-R22,Stamford,1310,CFM,200,2000,OK,2024-09-28,v2.2.0
2025-02-09 13:00:00,TEMP-STM-E-HOT,Temperature,Row E Hot Aisle,STM-R45,Stamford,35.3,°C,25.0,45.0,OK,2024-06-25,v2.1.4
2025-02-09 13:00:00,CRAC-NWK-3-RET,CRAC Return Temp,CRAC-N3 Return,,Newark,27.2,°C,20.0,35.0,OK,2024-09-03,v2.1.6
2025-02-09 13:00:00,LEAK-NWK-03,Water Leak,Zone 3 Under-floor,,Newark,0,boolean,0,1,OK,2024-07-21,v2.1.6
2025-02-09 14:00:00,TEMP-STM-E-HOT,Temperature,Row E Hot Aisle,STM-R45,Stamford,35.4,°C,25.0,45.0,OK,2024-07-18,v2.2.0
2025-02-09 14:00:00,CRAC-STM-3-RET,CRAC Return Temp,CRAC-S3 Return,,Stamford,37.6,°C,20.0,35.0,OK,2024-07-14,v2.2.1
2025-02-09 14:00:00,TEMP-STM-C-COLD,Temperature,Row C Cold Aisle,STM-R21,Stamford,21.0,°C,18.0,27.0,OK,2024-06-27,v2.2.0
2025-02-09 14:00:00,TEMP-NWK-B-HOT,Temperature,Row B Hot Aisle,NWK-R15,Newark,29.8,°C,25.0,45.0,OK,2024-08-23,v2.1.4
2025-02-09 15:00:00,TEMP-NWK-D-HOT,Temperature,Row D Hot Aisle,NWK-R35,Newark,36.4,°C,25.0,45.0,OK,2024-10-08,v2.1.4
2025-02-09 15:00:00,TEMP-NWK-G-HOT,Temperature,Row G Hot Aisle,NWK-R65,Newark,28.6,°C,25.0,45.0,OK,2024-06-13,v2.1.6
2025-02-09 15:00:00,TEMP-STM-A-COLD,Temperature,Row A Cold Aisle,STM-R01,Stamford,18.5,°C,18.0,27.0,OK,2024-09-05,v2.2.1
2025-02-09 15:00:00,TEMP-NWK-C-HOT,Temperature,Row C Hot Aisle,NWK-R25,Newark,32.5,°C,25.0,45.0,OK,2024-07-16,v2.2.0
2025-02-09 16:00:00,CRAC-STM-4-RET,CRAC Return Temp,CRAC-S4 Return,,Stamford,27.4,°C,20.0,35.0,OK,2024-12-12,v2.1.6
2025-02-09 16:00:00,TEMP-STM-B-HOT,Temperature,Row B Hot Aisle,STM-R15,Stamford,28.1,°C,25.0,45.0,OK,2024-11-28,v2.2.0
2025-02-09 17:00:00,HUMID-NWK-B,Humidity,Row B,NWK-R13,Newark,46.5,%RH,30.0,60.0,OK,2024-06-09,v2.1.4
2025-02-09 18:00:00,LEAK-NWK-04,Water Leak,Zone 4 Under-floor,,Newark,0,boolean,0,1,OK,2024-10-27,v2.2.1
2025-02-09 18:00:00,LEAK-STM-03,Water Leak,Zone 3 Under-floor,,Stamford,0,boolean,0,1,OK,2024-08-08,v2.2.0
2025-02-09 18:00:00,TEMP-NWK-E-HOT,Temperature,Row E Hot Aisle,NWK-R45,Newark,26.3,°C,25.0,45.0,OK,2024-07-25,v2.2.0
2025-02-09 18:00:00,CRAC-NWK-2-RET,CRAC Return Temp,CRAC-N2 Return,,Newark,28.9,°C,20.0,35.0,OK,2024-06-14,v2.2.0
2025-02-09 19:00:00,AIRFLOW-NWK-D,Airflow,Row D Floor Tile,NWK-R32,Newark,1100,CFM,200,2000,OK,2024-06-25,v2.2.0
2025-02-09 19:00:00,CRAC-NWK-4-SUP,CRAC Supply Temp,CRAC-N4 Supply,,Newark,12.7,°C,10.0,18.0,OK,2024-10-06,v2.1.6
2025-02-09 19:00:00,LEAK-NWK-02,Water Leak,Zone 2 Under-floor,,Newark,0,boolean,0,1,OK,2024-06-16,v2.1.6
2025-02-09 19:00:00,CRAC-STM-1-SUP,CRAC Supply Temp,CRAC-S1 Supply,,Stamford,13.6,°C,10.0,18.0,OK,2024-09-11,v2.1.6
2025-02-09 19:00:00,CRAC-STM-3-SUP,CRAC Supply Temp,CRAC-S3 Supply,,Stamford,14.1,°C,10.0,18.0,OK,2024-12-20,v2.1.6
2025-02-09 19:00:00,LEAK-STM-01,Water Leak,Zone 1 Under-floor,,Stamford,0,boolean,0,1,OK,2024-11-22,v2.2.0
2025-02-09 19:00:00,TEMP-STM-A-COLD,Temperature,Row A Cold Aisle,STM-R01,Stamford,19.2,°C,18.0,27.0,OK,2024-06-17,v2.1.4
2025-02-09 19:00:00,AIRFLOW-NWK-B,Airflow,Row B Floor Tile,NWK-R12,Newark,1337,CFM,200,2000,OK,2024-11-22,v2.2.1
2025-02-09 20:00:00,CRAC-NWK-1-RET,CRAC Return Temp,CRAC-N1 Return,,Newark,27.5,°C,20.0,35.0,OK,2024-06-23,v2.1.6
2025-02-09 20:00:00,TEMP-NWK-E-HOT,Temperature,Row E Hot Aisle,NWK-R45,Newark,26.5,°C,25.0,45.0,OK,2024-10-01,v2.1.4
2025-02-09 20:00:00,TEMP-STM-C-HOT,Temperature,Row C Hot Aisle,STM-R25,Stamford,30.3,°C,25.0,45.0,OK,2024-12-25,v2.2.0
2025-02-09 22:00:00,CRAC-NWK-1-SUP,CRAC Supply Temp,CRAC-N1 Supply,,Newark,14.3,°C,10.0,18.0,OK,2024-10-12,v2.1.6
2025-02-09 22:00:00,AIRFLOW-STM-C,Airflow,Row C Floor Tile,STM-R22,Stamford,1366,CFM,200,2000,OK,2024-09-12,v2.2.0
2025-02-09 23:00:00,TEMP-STM-E-HOT,Temperature,Row E Hot Aisle,STM-R45,Stamford,35.7,°C,25.0,45.0,OK,2024-10-13,v2.2.0
2025-02-09 23:00:00,CRAC-STM-1-RET,CRAC Return Temp,CRAC-S1 Return,,Stamford,30.9,°C,20.0,35.0,OK,2024-11-02,v2.1.6
2025-02-09 23:00:00,HUMID-NWK-B,Humidity,Row B,NWK-R13,Newark,45.9,%RH,30.0,60.0,OK,2024-09-04,v2.1.6
2025-02-10 00:00:00,TEMP-STM-E-HOT,Temperature,Row E Hot Aisle,STM-R45,Stamford,36.6,°C,25.0,45.0,OK,2024-10-22,v2.2.1
2025-02-10 00:00:00,LEAK-STM-04,Water Leak,Zone 4 Under-floor,,Stamford,0,boolean,0,1,OK,2024-09-10,v2.1.4
2025-02-10 00:00:00,TEMP-STM-D-HOT,Temperature,Row D Hot Aisle,STM-R35,Stamford,30.2,°C,25.0,45.0,OK,2024-06-01,v2.2.0
2025-02-10 00:00:00,HUMID-NWK-D,Humidity,Row D,NWK-R33,Newark,47.8,%RH,30.0,60.0,OK,2024-11-08,v2.2.1
2025-02-10 01:00:00,TEMP-STM-E-HOT,Temperature,Row E Hot Aisle,STM-R45,Stamford,36.0,°C,25.0,45.0,OK,2024-10-11,v2.1.6
2025-02-10 01:00:00,CRAC-NWK-1-RET,CRAC Return Temp,CRAC-N1 Return,,Newark,29.1,°C,20.0,35.0,OK,2024-11-09,v2.1.6
2025-02-10 02:00:00,TEMP-STM-E-HOT,Temperature,Row E Hot Aisle,STM-R45,Stamford,36.7,°C,25.0,45.0,OK,2024-12-25,v2.1.6
2025-02-10 02:00:00,HUMID-NWK-A,Humidity,Row A,NWK-R03,Newark,48.3,%RH,30.0,60.0,OK,2024-07-24,v2.1.4
2025-02-10 03:00:00,TEMP-STM-E-HOT,Temperature,Row E Hot Aisle,STM-R45,Stamford,36.3,°C,25.0,45.0,OK,2024-08-27,v2.2.1
2025-02-10 03:00:00,TEMP-NWK-D-COLD,Temperature,Row D Cold Aisle,NWK-R31,Newark,22.7,°C,18.0,27.0,OK,2024-08-17,v2.1.6
2025-02-10 03:00:00,LEAK-NWK-07,Water Leak,Zone 7 Under-floor,,Newark,0,boolean,0,1,OK,2024-08-22,v2.1.6
2025-02-10 03:00:00,TEMP-NWK-G-HOT,Temperature,Row G Hot Aisle,NWK-R65,Newark,30.4,°C,25.0,45.0,OK,2024-06-12,v2.1.4
2025-02-10 04:00:00,TEMP-NWK-C-HOT,Temperature,Row C Hot Aisle,NWK-R25,Newark,35.1,°C,25.0,45.0,OK,2024-06-26,v2.2.1
2025-02-10 04:00:00,TEMP-STM-E-HOT,Temperature,Row E Hot Aisle,STM-R45,Stamford,37.6,°C,25.0,45.0,OK,2024-09-05,v2.2.0
2025-02-10 04:00:00,TEMP-NWK-C-COLD,Temperature,Row C Cold Aisle,NWK-R21,Newark,22.2,°C,18.0,27.0,OK,2024-12-12,v2.1.6
2025-02-10 05:00:00,TEMP-NWK-C-HOT,Temperature,Row C Hot Aisle,NWK-R25,Newark,36.1,°C,25.0,45.0,OK,2024-08-27,v2.1.6
2025-02-10 05:00:00,TEMP-STM-E-HOT,Temperature,Row E Hot Aisle,STM-R45,Stamford,37.9,°C,25.0,45.0,OK,2024-12-04,v2.2.1
2025-02-10 05:00:00,PWR-NWK-UPS2,UPS Load,UPS-N2,,Newark,86.9,kW,0,200,OK,2024-12-25,v2.2.1
2025-02-10 06:00:00,TEMP-STM-E-HOT,Temperature,Row E Hot Aisle,STM-R45,Stamford,38.2,°C,25.0,45.0,OK,2024-06-16,v2.2.0
2025-02-10 06:00:00,AIRFLOW-STM-B,Airflow,Row B Floor Tile,STM-R12,Stamford,826,CFM,200,2000,OK,2024-10-26,v2.2.0
2025-02-10 06:00:00,HUMID-NWK-A,Humidity,Row A,NWK-R03,Newark,49.4,%RH,30.0,60.0,OK,2024-07-26,v2.1.4
2025-02-10 07:00:00,TEMP-STM-E-HOT,Temperature,Row E Hot Aisle,STM-R45,Stamford,37.1,°C,25.0,45.0,OK,2024-10-28,v2.1.6
2025-02-10 07:00:00,HUMID-NWK-D,Humidity,Row D,NWK-R33,Newark,49.6,%RH,30.0,60.0,OK,2024-11-15,v2.2.1
2025-02-10 07:00:00,CRAC-STM-1-SUP,CRAC Supply Temp,CRAC-S1 Supply,,Stamford,15.2,°C,10.0,18.0,OK,2024-11-13,v2.2.0
2025-02-10 08:00:00,TEMP-NWK-C-HOT,Temperature,Row C Hot Aisle,NWK-R25,Newark,35.6,°C,25.0,45.0,OK,2024-08-21,v2.1.6
2025-02-10 08:00:00,TEMP-STM-E-HOT,Temperature,Row E Hot Aisle,STM-R45,Stamford,37.1,°C,25.0,45.0,OK,2024-06-04,v2.1.4
2025-02-10 08:00:00,LEAK-STM-01,Water Leak,Zone 1 Under-floor,,Stamford,0,boolean,0,1,OK,2024-07-06,v2.1.6
2025-02-10 09:00:00,TEMP-STM-E-HOT,Temperature,Row E Hot Aisle,STM-R45,Stamford,37.8,°C,25.0,45.0,OK,2024-06-24,v2.1.6
2025-02-10 09:00:00,TEMP-STM-C-HOT,Temperature,Row C Hot Aisle,STM-R25,Stamford,32.7,°C,25.0,45.0,OK,2024-07-05,v2.2.1
2025-02-10 09:00:00,CRAC-NWK-3-RET,CRAC Return Temp,CRAC-N3 Return,,Newark,28.4,°C,20.0,35.0,OK,2024-11-22,v2.1.6
2025-02-10 10:00:00,TEMP-STM-E-HOT,Temperature,Row E Hot Aisle,STM-R45,Stamford,36.7,°C,25.0,45.0,OK,2024-10-17,v2.2.1
2025-02-10 10:00:00,AIRFLOW-STM-D,Airflow,Row D Floor Tile,STM-R32,Stamford,1302,CFM,200,2000,OK,2024-06-09,v2.1.4
2025-02-10 10:00:00,TEMP-NWK-G-HOT,Temperature,Row G Hot Aisle,NWK-R65,Newark,29.8,°C,25.0,45.0,OK,2024-06-22,v2.2.1
2025-02-10 11:00:00,TEMP-STM-E-HOT,Temperature,Row E Hot Aisle,STM-R45,Stamford,36.3,°C,25.0,45.0,OK,2024-08-27,v2.1.6
2025-02-10 11:00:00,TEMP-STM-E-COLD,Temperature,Row E Cold Aisle,STM-R41,Stamford,20.4,°C,18.0,27.0,OK,2024-11-01,v2.1.6
2025-02-10 11:00:00,TEMP-NWK-E-HOT,Temperature,Row E Hot Aisle,NWK-R45,Newark,28.9,°C,25.0,45.0,OK,2024-12-14,v2.1.4
2025-02-10 12:00:00,TEMP-STM-E-HOT,Temperature,Row E Hot Aisle,STM-R45,Stamford,36.4,°C,25.0,45.0,OK,2024-12-18,v2.1.4
2025-02-10 12:00:00,HUMID-NWK-A,Humidity,Row A,NWK-R03,Newark,49.6,%RH,30.0,60.0,OK,2024-07-22,v2.1.6
2025-02-10 12:00:00,LEAK-NWK-03,Water Leak,Zone 3 Under-floor,,Newark,0,boolean,0,1,OK,2024-08-22,v2.1.4
2025-02-10 12:00:00,LEAK-STM-04,Water Leak,Zone 4 Under-floor,,Stamford,0,boolean,0,1,OK,2024-12-03,v2.2.0
2025-02-10 13:00:00,TEMP-STM-E-HOT,Temperature,Row E Hot Aisle,STM-R45,Stamford,35.5,°C,25.0,45.0,OK,2024-12-20,v2.2.1
2025-02-10 13:00:00,CRAC-NWK-6-RET,CRAC Return Temp,CRAC-N6 Return,,Newark,28.2,°C,20.0,35.0,OK,2024-10-07,v2.1.4
2025-02-10 13:00:00,LEAK-STM-04,Water Leak,Zone 4 Under-floor,,Stamford,0,boolean,0,1,OK,2024-09-15,v2.1.6
2025-02-10 14:00:00,TEMP-NWK-D-HOT,Temperature,Row D Hot Aisle,NWK-R35,Newark,27.8,°C,25.0,45.0,OK,2024-07-16,v2.1.4
2025-02-10 15:00:00,TEMP-NWK-E-HOT,Temperature,Row E Hot Aisle,NWK-R45,Newark,27.9,°C,25.0,45.0,OK,2024-11-27,v2.2.1
2025-02-10 15:00:00,TEMP-NWK-D-HOT,Temperature,Row D Hot Aisle,NWK-R35,Newark,27.3,°C,25.0,45.0,OK,2024-11-16,v2.1.4
2025-02-10 15:00:00,CRAC-NWK-2-SUP,CRAC Supply Temp,CRAC-N2 Supply,,Newark,13.4,°C,10.0,18.0,OK,2024-06-27,v2.1.4
2025-02-10 16:00:00,TEMP-NWK-E-COLD,Temperature,Row E Cold Aisle,NWK-R41,Newark,20.2,°C,18.0,27.0,OK,2024-12-06,v2.2.0
2025-02-10 16:00:00,LEAK-STM-01,Water Leak,Zone 1 Under-floor,,Stamford,0,boolean,0,1,OK,2024-12-13,v2.2.0
2025-02-10 16:00:00,CRAC-NWK-1-SUP,CRAC Supply Temp,CRAC-N1 Supply,,Newark,14.5,°C,10.0,18.0,OK,2024-11-22,v2.1.6
2025-02-10 17:00:00,CRAC-STM-4-RET,CRAC Return Temp,CRAC-S4 Return,,Stamford,26.7,°C,20.0,35.0,OK,2024-10-17,v2.1.6
2025-02-10 17:00:00,HUMID-NWK-B,Humidity,Row B,NWK-R13,Newark,46.3,%RH,30.0,60.0,OK,2024-07-22,v2.2.1
2025-02-10 17:00:00,PWR-STM-UPS1,UPS Load,UPS-S1,,Stamford,68.7,kW,0,200,OK,2024-07-24,v2.2.0
2025-02-10 18:00:00,LEAK-NWK-04,Water Leak,Zone 4 Under-floor,,Newark,0,boolean,0,1,OK,2024-11-04,v2.1.4
2025-02-10 19:00:00,HUMID-NWK-C,Humidity,Row C,NWK-R23,Newark,42.6,%RH,30.0,60.0,OK,2024-11-13,v2.1.4
2025-02-10 20:00:00,TEMP-NWK-B-HOT,Temperature,Row B Hot Aisle,NWK-R15,Newark,27.9,°C,25.0,45.0,OK,2024-08-07,v2.1.4
2025-02-10 20:00:00,PWR-NWK-UPS4,UPS Load,UPS-N4,,Newark,91.2,kW,0,200,OK,2024-11-23,v2.1.6
2025-02-10 21:00:00,TEMP-NWK-A-HOT,Temperature,Row A Hot Aisle,NWK-R05,Newark,26.7,°C,25.0,45.0,OK,2024-07-06,v2.2.1
2025-02-10 21:00:00,HUMID-NWK-D,Humidity,Row D,NWK-R33,Newark,46.4,%RH,30.0,60.0,OK,2024-12-09,v2.1.4
2025-02-10 22:00:00,LEAK-NWK-06,Water Leak,Zone 6 Under-floor,,Newark,0,boolean,0,1,OK,2024-10-14,v2.2.0
2025-02-10 22:00:00,LEAK-STM-02,Water Leak,Zone 2 Under-floor,,Stamford,0,boolean,0,1,OK,2024-11-02,v2.1.6
2025-02-10 22:00:00,PWR-NWK-UPS3,UPS Load,UPS-N3,,Newark,80.6,kW,0,200,OK,2024-08-26,v2.2.0
2025-02-10 22:00:00,TEMP-STM-D-COLD,Temperature,Row D Cold Aisle,STM-R31,Stamford,20.1,°C,18.0,27.0,OK,2024-11-23,v2.2.1
2025-02-10 23:00:00,TEMP-STM-E-HOT,Temperature,Row E Hot Aisle,STM-R45,Stamford,36.0,°C,25.0,45.0,OK,2024-08-18,v2.2.1
2025-02-10 23:00:00,CRAC-STM-4-SUP,CRAC Supply Temp,CRAC-S4 Supply,,Stamford,14.5,°C,10.0,18.0,OK,2024-12-12,v2.1.4
2025-02-10 23:00:00,CRAC-NWK-1-SUP,CRAC Supply Temp,CRAC-N1 Supply,,Newark,14.6,°C,10.0,18.0,OK,2024-09-05,v2.1.4
2025-02-10 23:00:00,LEAK-STM-05,Water Leak,Zone 5 Under-floor,,Stamford,0,boolean,0,1,OK,2024-09-10,v2.2.1
2025-02-10 23:00:00,TEMP-NWK-F-HOT,Temperature,Row F Hot Aisle,NWK-R55,Newark,30.7,°C,25.0,45.0,OK,2024-07-26,v2.1.4
2025-02-11 00:00:00,TEMP-STM-E-HOT,Temperature,Row E Hot Aisle,STM-R45,Stamford,36.3,°C,25.0,45.0,OK,2024-10-11,v2.1.6
2025-02-11 00:00:00,AIRFLOW-NWK-B,Airflow,Row B Floor Tile,NWK-R12,Newark,1340,CFM,200,2000,OK,2024-11-21,v2.2.1
2025-02-11 00:00:00,LEAK-NWK-01,Water Leak,Zone 1 Under-floor,,Newark,0,boolean,0,1,OK,2024-07-17,v2.1.4
2025-02-11 01:00:00,TEMP-STM-E-HOT,Temperature,Row E Hot Aisle,STM-R45,Stamford,37.0,°C,25.0,45.0,OK,2024-06-28,v2.1.6
2025-02-11 01:00:00,CRAC-NWK-1-SUP,CRAC Supply Temp,CRAC-N1 Supply,,Newark,14.9,°C,10.0,18.0,OK,2024-12-28,v2.2.0
2025-02-11 02:00:00,TEMP-STM-E-HOT,Temperature,Row E Hot Aisle,STM-R45,Stamford,37.4,°C,25.0,45.0,OK,2024-12-11,v2.1.6
2025-02-11 03:00:00,TEMP-STM-E-HOT,Temperature,Row E Hot Aisle,STM-R45,Stamford,35.8,°C,25.0,45.0,OK,2024-09-03,v2.1.6
2025-02-11 03:00:00,TEMP-NWK-D-HOT,Temperature,Row D Hot Aisle,NWK-R35,Newark,29.8,°C,25.0,45.0,OK,2024-12-12,v2.2.1
2025-02-11 04:00:00,TEMP-NWK-C-HOT,Temperature,Row C Hot Aisle,NWK-R25,Newark,35.9,°C,25.0,45.0,OK,2024-12-19,v2.1.4
2025-02-11 04:00:00,TEMP-STM-E-HOT,Temperature,Row E Hot Aisle,STM-R45,Stamford,37.0,°C,25.0,45.0,OK,2024-07-05,v2.1.6
2025-02-11 04:00:00,TEMP-NWK-F-COLD,Temperature,Row F Cold Aisle,NWK-R51,Newark,21.5,°C,18.0,27.0,OK,2024-11-26,v2.1.6
2025-02-11 05:00:00,TEMP-STM-E-HOT,Temperature,Row E Hot Aisle,STM-R45,Stamford,36.2,°C,25.0,45.0,OK,2024-07-13,v2.2.0
2025-02-11 05:00:00,TEMP-NWK-B-COLD,Temperature,Row B Cold Aisle,NWK-R11,Newark,20.8,°C,18.0,27.0,OK,2024-08-12,v2.1.6
2025-02-11 05:00:00,TEMP-NWK-D-COLD,Temperature,Row D Cold Aisle,NWK-R31,Newark,23.0,°C,18.0,27.0,OK,2024-08-09,v2.1.6
2025-02-11 05:00:00,TEMP-NWK-D-HOT,Temperature,Row D Hot Aisle,NWK-R35,Newark,30.6,°C,25.0,45.0,OK,2024-10-11,v2.2.0
2025-02-11 05:00:00,CRAC-STM-3-SUP,CRAC Supply Temp,CRAC-S3 Supply,,Stamford,15.6,°C,10.0,18.0,OK,2024-08-27,v2.1.6
2025-02-11 06:00:00,TEMP-NWK-C-HOT,Temperature,Row C Hot Aisle,NWK-R25,Newark,35.5,°C,25.0,45.0,OK,2024-09-03,v2.1.4
2025-02-11 06:00:00,TEMP-STM-E-HOT,Temperature,Row E Hot Aisle,STM-R45,Stamford,37.6,°C,25.0,45.0,OK,2024-08-15,v2.1.4
2025-02-11 06:00:00,AIRFLOW-NWK-G,Airflow,Row G Floor Tile,NWK-R62,Newark,959,CFM,200,2000,OK,2024-12-01,v2.1.6
2025-02-11 06:00:00,PWR-NWK-UPS2,UPS Load,UPS-N2,,Newark,85.7,kW,0,200,OK,2024-10-22,v2.1.4
2025-02-11 07:00:00,TEMP-NWK-C-HOT,Temperature,Row C Hot Aisle,NWK-R25,Newark,35.2,°C,25.0,45.0,OK,2024-11-21,v2.1.4
2025-02-11 07:00:00,TEMP-STM-E-HOT,Temperature,Row E Hot Aisle,STM-R45,Stamford,38.2,°C,25.0,45.0,OK,2024-12-19,v2.2.1
2025-02-11 07:00:00,HUMID-NWK-A,Humidity,Row A,NWK-R03,Newark,51.0,%RH,30.0,60.0,OK,2024-09-10,v2.2.1
2025-02-11 08:00:00,TEMP-STM-E-HOT,Temperature,Row E Hot Aisle,STM-R45,Stamford,36.9,°C,25.0,45.0,OK,2024-08-28,v2.1.6
2025-02-11 08:00:00,TEMP-NWK-C-COLD,Temperature,Row C Cold Aisle,NWK-R21,Newark,22.6,°C,18.0,27.0,OK,2024-08-28,v2.1.4
2025-02-11 08:00:00,AIRFLOW-STM-A,Airflow,Row A Floor Tile,STM-R02,Stamford,867,CFM,200,2000,OK,2024-08-08,v2.1.4
2025-02-11 08:00:00,AIRFLOW-NWK-D,Airflow,Row D Floor Tile,NWK-R32,Newark,1331,CFM,200,2000,OK,2024-09-06,v2.1.6
2025-02-11 09:00:00,TEMP-STM-E-HOT,Temperature,Row E Hot Aisle,STM-R45,Stamford,36.0,°C,25.0,45.0,OK,2024-12-21,v2.2.0
2025-02-11 09:00:00,TEMP-STM-B-COLD,Temperature,Row B Cold Aisle,STM-R11,Stamford,19.9,°C,18.0,27.0,OK,2024-12-19,v2.1.4
2025-02-11 10:00:00,TEMP-NWK-C-HOT,Temperature,Row C Hot Aisle,NWK-R25,Newark,35.2,°C,25.0,45.0,OK,2024-10-08,v2.1.4
2025-02-11 10:00:00,TEMP-STM-E-HOT,Temperature,Row E Hot Aisle,STM-R45,Stamford,36.2,°C,25.0,45.0,OK,2024-11-20,v2.2.0
2025-02-11 10:00:00,CRAC-STM-3-RET,CRAC Return Temp,CRAC-S3 Return,,Stamford,30.6,°C,20.0,35.0,OK,2024-11-28,v2.1.4
2025-02-11 11:00:00,TEMP-STM-E-HOT,Temperature,Row E Hot Aisle,STM-R45,Stamford,36.2,°C,25.0,45.0,OK,2024-12-18,v2.1.4
2025-02-11 11:00:00,CRAC-NWK-3-SUP,CRAC Supply Temp,CRAC-N3 Supply,,Newark,13.9,°C,10.0,18.0,OK,2024-07-02,v2.1.4
2025-02-11 11:00:00,CRAC-STM-4-RET,CRAC Return Temp,CRAC-S4 Return,,Stamford,28.6,°C,20.0,35.0,OK,2024-11-09,v2.1.4
2025-02-11 11:00:00,TEMP-NWK-F-COLD,Temperature,Row F Cold Aisle,NWK-R51,Newark,20.0,°C,18.0,27.0,OK,2024-10-14,v2.1.6
2025-02-11 11:00:00,TEMP-STM-B-HOT,Temperature,Row B Hot Aisle,STM-R15,Stamford,31.1,°C,25.0,45.0,OK,2024-12-28,v2.1.4
2025-02-11 11:00:00,AIRFLOW-NWK-E,Airflow,Row E Floor Tile,NWK-R42,Newark,640,CFM,200,2000,OK,2024-10-24,v2.1.6
2025-02-11 12:00:00,TEMP-STM-E-HOT,Temperature,Row E Hot Aisle,STM-R45,Stamford,36.3,°C,25.0,45.0,OK,2024-11-14,v2.1.4
2025-02-11 12:00:00,TEMP-STM-B-HOT,Temperature,Row B Hot Aisle,STM-R15,Stamford,30.1,°C,25.0,45.0,OK,2024-06-15,v2.2.0
2025-02-11 13:00:00,CRAC-NWK-2-RET,CRAC Return Temp,CRAC-N2 Return,,Newark,35.8,°C,20.0,35.0,OK,2024-10-04,v2.1.6
2025-02-11 13:00:00,TEMP-STM-D-HOT,Temperature,Row D Hot Aisle,STM-R35,Stamford,30.1,°C,25.0,45.0,OK,2024-09-21,v2.2.0
2025-02-11 13:00:00,PWR-NWK-UPS3,UPS Load,UPS-N3,,Newark,85.7,kW,0,200,OK,2024-07-07,v2.2.1
2025-02-11 14:00:00,LEAK-STM-05,Water Leak,Zone 5 Under-floor,,Stamford,0,boolean,0,1,OK,2024-12-08,v2.1.4
2025-02-11 15:00:00,TEMP-STM-E-HOT,Temperature,Row E Hot Aisle,STM-R45,Stamford,35.3,°C,25.0,45.0,OK,2024-07-28,v2.2.0
2025-02-11 15:00:00,AIRFLOW-STM-E,Airflow,Row E Floor Tile,STM-R42,Stamford,773,CFM,200,2000,OK,2024-09-04,v2.1.4
2025-02-11 15:00:00,LEAK-NWK-04,Water Leak,Zone 4 Under-floor,,Newark,0,boolean,0,1,OK,2024-06-18,v2.1.4
2025-02-11 15:00:00,TEMP-STM-B-COLD,Temperature,Row B Cold Aisle,STM-R11,Stamford,19.2,°C,18.0,27.0,OK,2024-10-26,v2.1.4
2025-02-11 15:00:00,CRAC-STM-4-SUP,CRAC Supply Temp,CRAC-S4 Supply,,Stamford,14.5,°C,10.0,18.0,OK,2024-08-12,v2.2.1
2025-02-11 16:00:00,TEMP-STM-D-COLD,Temperature,Row D Cold Aisle,STM-R31,Stamford,20.1,°C,18.0,27.0,OK,2024-09-24,v2.1.4
2025-02-11 17:00:00,TEMP-NWK-E-HOT,Temperature,Row E Hot Aisle,NWK-R45,Newark,27.5,°C,25.0,45.0,OK,2024-07-26,v2.1.6
2025-02-11 18:00:00,HUMID-STM-C,Humidity,Row C,STM-R23,Stamford,42.1,%RH,30.0,60.0,OK,2024-08-21,v2.2.1
2025-02-11 18:00:00,TEMP-STM-D-HOT,Temperature,Row D Hot Aisle,STM-R35,Stamford,28.9,°C,25.0,45.0,OK,2024-07-15,v2.1.4
2025-02-11 18:00:00,TEMP-NWK-B-COLD,Temperature,Row B Cold Aisle,NWK-R11,Newark,19.7,°C,18.0,27.0,OK,2024-06-14,v2.1.4
2025-02-11 18:00:00,CRAC-STM-2-RET,CRAC Return Temp,CRAC-S2 Return,,Stamford,28.5,°C,20.0,35.0,OK,2024-07-17,v2.1.6
2025-02-11 19:00:00,PWR-NWK-UPS1,UPS Load,UPS-N1,,Newark,88.3,kW,0,200,OK,2024-07-25,v2.1.6
2025-02-11 19:00:00,TEMP-NWK-D-HOT,Temperature,Row D Hot Aisle,NWK-R35,Newark,26.7,°C,25.0,45.0,OK,2024-09-07,v2.1.6
2025-02-11 20:00:00,HUMID-STM-B,Humidity,Row B,STM-R13,Stamford,47.3,%RH,30.0,60.0,OK,2024-12-21,v2.1.4
2025-02-11 21:00:00,AIRFLOW-NWK-B,Airflow,Row B Floor Tile,NWK-R12,Newark,1274,CFM,200,2000,OK,2024-10-15,v2.2.1
2025-02-11 21:00:00,LEAK-NWK-01,Water Leak,Zone 1 Under-floor,,Newark,0,boolean,0,1,OK,2024-06-14,v2.1.4
2025-02-11 22:00:00,CRAC-STM-3-RET,CRAC Return Temp,CRAC-S3 Return,,Stamford,29.7,°C,20.0,35.0,OK,2024-11-10,v2.1.6
2025-02-11 23:00:00,TEMP-STM-E-HOT,Temperature,Row E Hot Aisle,STM-R45,Stamford,36.0,°C,25.0,45.0,OK,2024-07-15,v2.1.4
2025-02-11 23:00:00,AIRFLOW-STM-E,Airflow,Row E Floor Tile,STM-R42,Stamford,872,CFM,200,2000,OK,2024-10-11,v2.2.1
2025-02-12 00:00:00,TEMP-STM-E-HOT,Temperature,Row E Hot Aisle,STM-R45,Stamford,35.9,°C,25.0,45.0,OK,2024-11-19,v2.2.1
2025-02-12 00:00:00,AIRFLOW-NWK-D,Airflow,Row D Floor Tile,NWK-R32,Newark,1165,CFM,200,2000,OK,2024-07-08,v2.1.4
2025-02-12 01:00:00,TEMP-STM-E-HOT,Temperature,Row E Hot Aisle,STM-R45,Stamford,36.7,°C,25.0,45.0,OK,2024-10-14,v2.2.0
2025-02-12 01:00:00,CRAC-NWK-6-SUP,CRAC Supply Temp,CRAC-N6 Supply,,Newark,15.3,°C,10.0,18.0,OK,2024-08-24,v2.1.6
2025-02-12 01:00:00,LEAK-STM-01,Water Leak,Zone 1 Under-floor,,Stamford,0,boolean,0,1,OK,2024-07-26,v2.1.4
2025-02-12 02:00:00,TEMP-STM-E-HOT,Temperature,Row E Hot Aisle,STM-R45,Stamford,36.7,°C,25.0,45.0,OK,2024-07-21,v2.2.0
2025-02-12 02:00:00,AIRFLOW-STM-E,Airflow,Row E Floor Tile,STM-R42,Stamford,813,CFM,200,2000,OK,2024-09-28,v2.2.0
2025-02-12 02:00:00,TEMP-NWK-E-COLD,Temperature,Row E Cold Aisle,NWK-R41,Newark,21.3,°C,18.0,27.0,OK,2024-10-27,v2.1.6
2025-02-12 03:00:00,TEMP-STM-E-HOT,Temperature,Row E Hot Aisle,STM-R45,Stamford,37.2,°C,25.0,45.0,OK,2024-06-05,v2.2.1
2025-02-12 03:00:00,LEAK-NWK-07,Water Leak,Zone 7 Under-floor,,Newark,0,boolean,0,1,OK,2024-09-23,v2.2.0
2025-02-12 03:00:00,PWR-NWK-UPS3,UPS Load,UPS-N3,,Newark,90.2,kW,0,200,OK,2024-08-13,v2.2.0
2025-02-12 04:00:00,TEMP-STM-E-HOT,Temperature,Row E Hot Aisle,STM-R45,Stamford,36.5,°C,25.0,45.0,OK,2024-06-20,v2.1.6
2025-02-12 04:00:00,PWR-STM-UPS1,UPS Load,UPS-S1,,Stamford,75.6,kW,0,200,OK,2024-06-13,v2.1.4
2025-02-12 05:00:00,TEMP-NWK-C-HOT,Temperature,Row C Hot Aisle,NWK-R25,Newark,35.5,°C,25.0,45.0,OK,2024-08-25,v2.2.1
2025-02-12 05:00:00,TEMP-STM-E-HOT,Temperature,Row E Hot Aisle,STM-R45,Stamford,37.5,°C,25.0,45.0,OK,2024-06-23,v2.1.4
2025-02-12 05:00:00,LEAK-NWK-03,Water Leak,Zone 3 Under-floor,,Newark,0,boolean,0,1,OK,2024-10-25,v2.2.1
2025-02-12 05:00:00,CRAC-STM-2-RET,CRAC Return Temp,CRAC-S2 Return,,Stamford,30.0,°C,20.0,35.0,OK,2024-08-14,v2.1.4
2025-02-12 06:00:00,TEMP-STM-E-HOT,Temperature,Row E Hot Aisle,STM-R45,Stamford,37.0,°C,25.0,45.0,OK,2024-07-22,v2.2.0
2025-02-12 06:00:00,TEMP-NWK-G-HOT,Temperature,Row G Hot Aisle,NWK-R65,Newark,30.9,°C,25.0,45.0,OK,2024-12-03,v2.1.4
2025-02-12 07:00:00,TEMP-STM-E-HOT,Temperature,Row E Hot Aisle,STM-R45,Stamford,36.7,°C,25.0,45.0,OK,2024-10-18,v2.2.1
2025-02-12 08:00:00,TEMP-STM-E-HOT,Temperature,Row E Hot Aisle,STM-R45,Stamford,37.3,°C,25.0,45.0,OK,2024-08-15,v2.1.4
2025-02-12 08:00:00,AIRFLOW-STM-D,Airflow,Row D Floor Tile,STM-R32,Stamford,1300,CFM,200,2000,OK,2024-07-18,v2.2.0
2025-02-12 08:00:00,TEMP-NWK-D-HOT,Temperature,Row D Hot Aisle,NWK-R35,Newark,30.0,°C,25.0,45.0,OK,2024-06-11,v2.2.1
2025-02-12 09:00:00,TEMP-STM-E-HOT,Temperature,Row E Hot Aisle,STM-R45,Stamford,37.6,°C,25.0,45.0,OK,2024-07-22,v2.2.1
2025-02-12 10:00:00,TEMP-STM-E-HOT,Temperature,Row E Hot Aisle,STM-R45,Stamford,36.4,°C,25.0,45.0,OK,2024-08-19,v2.1.6
2025-02-12 10:00:00,LEAK-NWK-04,Water Leak,Zone 4 Under-floor,,Newark,0,boolean,0,1,OK,2024-10-12,v2.1.6
2025-02-12 11:00:00,TEMP-STM-E-HOT,Temperature,Row E Hot Aisle,STM-R45,Stamford,35.6,°C,25.0,45.0,OK,2024-12-13,v2.2.1
2025-02-12 11:00:00,TEMP-NWK-A-COLD,Temperature,Row A Cold Aisle,NWK-R01,Newark,21.2,°C,18.0,27.0,OK,2024-10-13,v2.1.6
2025-02-12 11:00:00,CRAC-NWK-2-SUP,CRAC Supply Temp,CRAC-N2 Supply,,Newark,13.7,°C,10.0,18.0,OK,2024-12-17,v2.1.6
2025-02-12 11:00:00,LEAK-NWK-04,Water Leak,Zone 4 Under-floor,,Newark,0,boolean,0,1,OK,2024-11-20,v2.1.4
2025-02-12 12:00:00,TEMP-NWK-B-COLD,Temperature,Row B Cold Aisle,NWK-R11,Newark,19.9,°C,18.0,27.0,OK,2024-08-07,v2.2.1
2025-02-12 12:00:00,AIRFLOW-STM-B,Airflow,Row B Floor Tile,STM-R12,Stamford,841,CFM,200,2000,OK,2024-12-25,v2.1.6
2025-02-12 13:00:00,TEMP-STM-E-HOT,Temperature,Row E Hot Aisle,STM-R45,Stamford,35.1,°C,25.0,45.0,OK,2024-06-14,v2.2.0
2025-02-12 13:00:00,LEAK-NWK-04,Water Leak,Zone 4 Under-floor,,Newark,0,boolean,0,1,OK,2024-10-16,v2.1.6
2025-02-12 13:00:00,CRAC-NWK-2-RET,CRAC Return Temp,CRAC-N2 Return,,Newark,30.5,°C,20.0,35.0,OK,2024-08-04,v2.1.6
2025-02-12 16:00:00,AIRFLOW-STM-C,Airflow,Row C Floor Tile,STM-R22,Stamford,1179,CFM,200,2000,OK,2024-11-09,v2.2.0
2025-02-12 16:00:00,HUMID-STM-B,Humidity,Row B,STM-R13,Stamford,45.8,%RH,30.0,60.0,OK,2024-10-17,v2.2.0
2025-02-12 16:00:00,PWR-NWK-UPS2,UPS Load,UPS-N2,,Newark,80.8,kW,0,200,OK,2024-07-25,v2.1.4
2025-02-12 16:00:00,AIRFLOW-NWK-G,Airflow,Row G Floor Tile,NWK-R62,Newark,784,CFM,200,2000,OK,2024-12-15,v2.2.0
2025-02-12 17:00:00,LEAK-NWK-08,Water Leak,Zone 8 Under-floor,,Newark,0,boolean,0,1,OK,2024-10-18,v2.1.4
2025-02-12 17:00:00,HUMID-STM-D,Humidity,Row D,STM-R33,Stamford,46.4,%RH,30.0,60.0,OK,2024-09-01,v2.1.6
2025-02-12 19:00:00,LEAK-STM-04,Water Leak,Zone 4 Under-floor,,Stamford,0,boolean,0,1,OK,2024-06-25,v2.1.4
2025-02-12 20:00:00,CRAC-NWK-2-SUP,CRAC Supply Temp,CRAC-N2 Supply,,Newark,13.6,°C,10.0,18.0,OK,2024-06-25,v2.2.1
2025-02-12 21:00:00,CRAC-NWK-4-RET,CRAC Return Temp,CRAC-N4 Return,,Newark,29.3,°C,20.0,35.0,OK,2024-10-25,v2.1.4
2025-02-12 23:00:00,TEMP-STM-E-HOT,Temperature,Row E Hot Aisle,STM-R45,Stamford,36.0,°C,25.0,45.0,OK,2024-09-20,v2.2.0
2025-02-12 23:00:00,HUMID-STM-E,Humidity,Row E,STM-R43,Stamford,44.1,%RH,30.0,60.0,OK,2024-06-03,v2.1.6
2025-02-13 00:00:00,TEMP-STM-E-HOT,Temperature,Row E Hot Aisle,STM-R45,Stamford,35.9,°C,25.0,45.0,OK,2024-07-23,v2.2.1
2025-02-13 00:00:00,CRAC-STM-3-SUP,CRAC Supply Temp,CRAC-S3 Supply,,Stamford,15.1,°C,10.0,18.0,OK,2024-06-28,v2.1.4
2025-02-13 00:00:00,AIRFLOW-STM-C,Airflow,Row C Floor Tile,STM-R22,Stamford,1313,CFM,200,2000,OK,2024-11-06,v2.2.1
2025-02-13 00:00:00,LEAK-NWK-07,Water Leak,Zone 7 Under-floor,,Newark,0,boolean,0,1,OK,2024-09-12,v2.1.6
2025-02-13 00:00:00,TEMP-NWK-E-COLD,Temperature,Row E Cold Aisle,NWK-R41,Newark,20.6,°C,18.0,27.0,OK,2024-09-01,v2.1.6
2025-02-13 00:00:00,HUMID-NWK-F,Humidity,Row F,NWK-R53,Newark,41.6,%RH,30.0,60.0,OK,2024-07-21,v2.1.4
2025-02-13 00:00:00,HUMID-NWK-C,Humidity,Row C,NWK-R23,Newark,43.2,%RH,30.0,60.0,OK,2024-10-06,v2.2.1
2025-02-13 00:00:00,HUMID-NWK-E,Humidity,Row E,NWK-R43,Newark,50.0,%RH,30.0,60.0,OK,2024-08-22,v2.2.1
2025-02-13 00:00:00,TEMP-NWK-E-HOT,Temperature,Row E Hot Aisle,NWK-R45,Newark,28.7,°C,25.0,45.0,OK,2024-12-26,v2.2.1
2025-02-13 01:00:00,TEMP-STM-E-HOT,Temperature,Row E Hot Aisle,STM-R45,Stamford,36.4,°C,25.0,45.0,OK,2024-08-10,v2.2.1
2025-02-13 01:00:00,HUMID-NWK-A,Humidity,Row A,NWK-R03,Newark,49.0,%RH,30.0,60.0,OK,2024-07-16,v2.2.0
2025-02-13 02:00:00,TEMP-NWK-C-HOT,Temperature,Row C Hot Aisle,NWK-R25,Newark,35.2,°C,25.0,45.0,OK,2024-07-13,v2.1.6
2025-02-13 02:00:00,TEMP-STM-E-HOT,Temperature,Row E Hot Aisle,STM-R45,Stamford,35.7,°C,25.0,45.0,OK,2024-10-23,v2.1.6
2025-02-13 02:00:00,TEMP-NWK-F-COLD,Temperature,Row F Cold Aisle,NWK-R51,Newark,20.6,°C,18.0,27.0,OK,2024-10-25,v2.1.6
2025-02-13 02:00:00,CRAC-STM-3-RET,CRAC Return Temp,CRAC-S3 Return,,Stamford,30.5,°C,20.0,35.0,OK,2024-11-18,v2.1.6
2025-02-13 03:00:00,TEMP-STM-E-HOT,Temperature,Row E Hot Aisle,STM-R45,Stamford,36.3,°C,25.0,45.0,OK,2024-11-26,v2.1.6
2025-02-13 03:00:00,PWR-STM-UPS1,UPS Load,UPS-S1,,Stamford,77.8,kW,0,200,OK,2024-12-18,v2.2.0
2025-02-13 03:00:00,HUMID-NWK-D,Humidity,Row D,NWK-R33,Newark,49.3,%RH,30.0,60.0,OK,2024-11-09,v2.1.6
2025-02-13 04:00:00,TEMP-STM-E-HOT,Temperature,Row E Hot Aisle,STM-R45,Stamford,36.2,°C,25.0,45.0,OK,2024-08-14,v2.2.0
2025-02-13 04:00:00,AIRFLOW-NWK-A,Airflow,Row A Floor Tile,NWK-R02,Newark,1128,CFM,200,2000,OK,2024-12-17,v2.2.1
2025-02-13 04:00:00,CRAC-STM-4-RET,CRAC Return Temp,CRAC-S4 Return,,Stamford,28.3,°C,20.0,35.0,OK,2024-12-11,v2.2.0
2025-02-13 05:00:00,TEMP-STM-E-HOT,Temperature,Row E Hot Aisle,STM-R45,Stamford,37.3,°C,25.0,45.0,OK,2024-09-23,v2.2.0
2025-02-13 06:00:00,TEMP-NWK-C-HOT,Temperature,Row C Hot Aisle,NWK-R25,Newark,35.9,°C,25.0,45.0,OK,2024-07-21,v2.1.4
2025-02-13 06:00:00,TEMP-STM-E-HOT,Temperature,Row E Hot Aisle,STM-R45,Stamford,37.9,°C,25.0,45.0,OK,2024-08-09,v2.2.0
2025-02-13 07:00:00,TEMP-STM-E-HOT,Temperature,Row E Hot Aisle,STM-R45,Stamford,36.3,°C,25.0,45.0,OK,2024-11-12,v2.2.1
2025-02-13 07:00:00,TEMP-STM-C-COLD,Temperature,Row C Cold Aisle,STM-R21,Stamford,22.6,°C,18.0,27.0,OK,2024-10-05,v2.1.6
2025-02-13 08:00:00,TEMP-STM-E-HOT,Temperature,Row E Hot Aisle,STM-R45,Stamford,36.2,°C,25.0,45.0,OK,2024-09-09,v2.2.0
2025-02-13 08:00:00,CRAC-STM-4-SUP,CRAC Supply Temp,CRAC-S4 Supply,,Stamford,15.8,°C,10.0,18.0,OK,2024-09-06,v2.1.6
2025-02-13 08:00:00,TEMP-NWK-F-COLD,Temperature,Row F Cold Aisle,NWK-R51,Newark,21.0,°C,18.0,27.0,OK,2024-11-19,v2.2.1
2025-02-13 08:00:00,PWR-NWK-UPS4,UPS Load,UPS-N4,,Newark,93.8,kW,0,200,OK,2024-09-01,v2.2.0
2025-02-13 09:00:00,TEMP-STM-E-HOT,Temperature,Row E Hot Aisle,STM-R45,Stamford,36.1,°C,25.0,45.0,OK,2024-12-06,v2.2.0
2025-02-13 10:00:00,TEMP-STM-E-HOT,Temperature,Row E Hot Aisle,STM-R45,Stamford,37.1,°C,25.0,45.0,OK,2024-08-28,v2.2.0
2025-02-13 11:00:00,TEMP-STM-E-HOT,Temperature,Row E Hot Aisle,STM-R45,Stamford,36.5,°C,25.0,45.0,OK,2024-12-27,v2.1.6
2025-02-13 11:00:00,AIRFLOW-NWK-F,Airflow,Row F Floor Tile,NWK-R52,Newark,815,CFM,200,2000,OK,2024-12-09,v2.1.6
2025-02-13 12:00:00,CRAC-STM-2-RET,CRAC Return Temp,CRAC-S2 Return,,Stamford,29.9,°C,20.0,35.0,OK,2024-09-08,v2.1.4
2025-02-13 12:00:00,PWR-STM-UPS1,UPS Load,UPS-S1,,Stamford,74.6,kW,0,200,OK,2024-06-27,v2.2.1
2025-02-13 13:00:00,TEMP-STM-E-HOT,Temperature,Row E Hot Aisle,STM-R45,Stamford,35.9,°C,25.0,45.0,OK,2024-08-10,v2.1.6
2025-02-13 13:00:00,AIRFLOW-NWK-F,Airflow,Row F Floor Tile,NWK-R52,Newark,807,CFM,200,2000,OK,2024-12-22,v2.1.4
2025-02-13 14:00:00,AIRFLOW-STM-A,Airflow,Row A Floor Tile,STM-R02,Stamford,803,CFM,200,2000,OK,2024-11-23,v2.2.0
2025-02-13 15:00:00,TEMP-STM-E-HOT,Temperature,Row E Hot Aisle,STM-R45,Stamford,35.3,°C,25.0,45.0,OK,2024-06-06,v2.2.0
2025-02-13 15:00:00,TEMP-STM-C-HOT,Temperature,Row C Hot Aisle,STM-R25,Stamford,29.7,°C,25.0,45.0,OK,2024-09-12,v2.2.1
2025-02-13 15:00:00,CRAC-NWK-5-RET,CRAC Return Temp,CRAC-N5 Return,,Newark,29.5,°C,20.0,35.0,OK,2024-08-02,v2.2.0
2025-02-13 15:00:00,LEAK-STM-02,Water Leak,Zone 2 Under-floor,,Stamford,0,boolean,0,1,OK,2024-10-05,v2.1.4
2025-02-13 15:00:00,CRAC-STM-4-RET,CRAC Return Temp,CRAC-S4 Return,,Stamford,27.2,°C,20.0,35.0,OK,2024-12-23,v2.1.6
2025-02-13 16:00:00,AIRFLOW-STM-E,Airflow,Row E Floor Tile,STM-R42,Stamford,834,CFM,200,2000,OK,2024-11-13,v2.2.1
2025-02-13 16:00:00,LEAK-STM-04,Water Leak,Zone 4 Under-floor,,Stamford,0,boolean,0,1,OK,2024-08-08,v2.1.4
2025-02-13 16:00:00,TEMP-STM-C-COLD,Temperature,Row C Cold Aisle,STM-R21,Stamford,20.1,°C,18.0,27.0,OK,2024-08-05,v2.2.1
2025-02-13 16:00:00,LEAK-NWK-08,Water Leak,Zone 8 Under-floor,,Newark,0,boolean,0,1,OK,2024-10-08,v2.1.4
2025-02-13 17:00:00,PWR-STM-UPS1,UPS Load,UPS-S1,,Stamford,68.7,kW,0,200,OK,2024-12-21,v2.2.0
2025-02-13 18:00:00,TEMP-NWK-E-COLD,Temperature,Row E Cold Aisle,NWK-R41,Newark,20.1,°C,18.0,27.0,OK,2024-11-03,v2.2.1
2025-02-13 18:00:00,AIRFLOW-STM-B,Airflow,Row B Floor Tile,STM-R12,Stamford,712,CFM,200,2000,OK,2024-06-10,v2.2.0
2025-02-13 18:00:00,TEMP-NWK-A-COLD,Temperature,Row A Cold Aisle,NWK-R01,Newark,19.9,°C,18.0,27.0,OK,2024-09-27,v2.2.1
2025-02-13 19:00:00,CRAC-NWK-6-RET,CRAC Return Temp,CRAC-N6 Return,,Newark,27.8,°C,20.0,35.0,OK,2024-11-09,v2.2.1
2025-02-13 19:00:00,LEAK-NWK-05,Water Leak,Zone 5 Under-floor,,Newark,0,boolean,0,1,OK,2024-11-19,v2.1.6
2025-02-13 19:00:00,CRAC-NWK-2-SUP,CRAC Supply Temp,CRAC-N2 Supply,,Newark,13.3,°C,10.0,18.0,OK,2024-06-15,v2.1.6
2025-02-13 20:00:00,AIRFLOW-STM-A,Airflow,Row A Floor Tile,STM-R02,Stamford,853,CFM,200,2000,OK,2024-12-12,v2.1.6
2025-02-13 20:00:00,PWR-STM-UPS1,UPS Load,UPS-S1,,Stamford,70.7,kW,0,200,OK,2024-08-23,v2.1.4
2025-02-13 20:00:00,TEMP-STM-E-COLD,Temperature,Row E Cold Aisle,STM-R41,Stamford,19.6,°C,18.0,27.0,OK,2024-10-15,v2.2.0
2025-02-13 20:00:00,AIRFLOW-STM-B,Airflow,Row B Floor Tile,STM-R12,Stamford,744,CFM,200,2000,OK,2024-10-12,v2.2.1
2025-02-13 21:00:00,LEAK-NWK-06,Water Leak,Zone 6 Under-floor,,Newark,0,boolean,0,1,OK,2024-11-21,v2.1.6
2025-02-13 21:00:00,CRAC-STM-4-SUP,CRAC Supply Temp,CRAC-S4 Supply,,Stamford,14.2,°C,10.0,18.0,OK,2024-06-17,v2.2.1
2025-02-13 22:00:00,LEAK-NWK-06,Water Leak,Zone 6 Under-floor,,Newark,0,boolean,0,1,OK,2024-12-26,v2.2.0
2025-02-13 22:00:00,AIRFLOW-NWK-B,Airflow,Row B Floor Tile,NWK-R12,Newark,1351,CFM,200,2000,OK,2024-07-03,v2.1.6
2025-02-13 22:00:00,LEAK-NWK-03,Water Leak,Zone 3 Under-floor,,Newark,0,boolean,0,1,OK,2024-10-21,v2.1.6
2025-02-13 23:00:00,TEMP-STM-E-HOT,Temperature,Row E Hot Aisle,STM-R45,Stamford,35.1,°C,25.0,45.0,OK,2024-11-17,v2.2.0
2025-02-14 00:00:00,TEMP-STM-E-HOT,Temperature,Row E Hot Aisle,STM-R45,Stamford,35.8,°C,25.0,45.0,OK,2024-11-09,v2.2.1
2025-02-14 00:00:00,PWR-NWK-UPS2,UPS Load,UPS-N2,,Newark,77.2,kW,0,200,OK,2024-12-27,v2.1.4
2025-02-14 00:00:00,AIRFLOW-STM-C,Airflow,Row C Floor Tile,STM-R22,Stamford,1486,CFM,200,2000,OK,2024-07-18,v2.1.6
2025-02-14 00:00:00,LEAK-STM-05,Water Leak,Zone 5 Under-floor,,Stamford,0,boolean,0,1,OK,2024-06-17,v2.2.0
2025-02-14 01:00:00,TEMP-STM-E-HOT,Temperature,Row E Hot Aisle,STM-R45,Stamford,36.0,°C,25.0,45.0,OK,2024-12-06,v2.2.1
2025-02-14 01:00:00,LEAK-NWK-03,Water Leak,Zone 3 Under-floor,,Newark,0,boolean,0,1,OK,2024-06-10,v2.1.6
2025-02-14 02:00:00,TEMP-NWK-E-HOT,Temperature,Row E Hot Aisle,NWK-R45,Newark,37.0,°C,25.0,45.0,OK,2024-06-04,v2.1.4
2025-02-14 02:00:00,TEMP-STM-D-COLD,Temperature,Row D Cold Aisle,STM-R31,Stamford,37.2,°C,18.0,27.0,OK,2024-06-11,v2.2.1
2025-02-14 02:00:00,TEMP-STM-E-HOT,Temperature,Row E Hot Aisle,STM-R45,Stamford,35.6,°C,25.0,45.0,OK,2024-09-09,v2.1.4
2025-02-14 03:00:00,TEMP-STM-E-HOT,Temperature,Row E Hot Aisle,STM-R45,Stamford,35.7,°C,25.0,45.0,OK,2024-10-15,v2.1.6
2025-02-14 03:00:00,TEMP-NWK-C-HOT,Temperature,Row C Hot Aisle,NWK-R25,Newark,34.4,°C,25.0,45.0,OK,2024-08-10,v2.2.1
2025-02-14 03:00:00,LEAK-NWK-01,Water Leak,Zone 1 Under-floor,,Newark,0,boolean,0,1,OK,2024-08-08,v2.1.6
2025-02-14 04:00:00,TEMP-STM-E-HOT,Temperature,Row E Hot Aisle,STM-R45,Stamford,36.1,°C,25.0,45.0,OK,2024-06-01,v2.2.1
2025-02-14 04:00:00,TEMP-NWK-D-HOT,Temperature,Row D Hot Aisle,NWK-R35,Newark,29.5,°C,25.0,45.0,OK,2024-09-05,v2.1.4
2025-02-14 04:00:00,LEAK-NWK-01,Water Leak,Zone 1 Under-floor,,Newark,0,boolean,0,1,OK,2024-07-28,v2.1.4
2025-02-14 05:00:00,TEMP-STM-E-HOT,Temperature,Row E Hot Aisle,STM-R45,Stamford,36.8,°C,25.0,45.0,OK,2024-11-13,v2.2.1
2025-02-14 06:00:00,TEMP-NWK-C-HOT,Temperature,Row C Hot Aisle,NWK-R25,Newark,35.4,°C,25.0,45.0,OK,2024-11-06,v2.2.1
2025-02-14 06:00:00,TEMP-STM-E-HOT,Temperature,Row E Hot Aisle,STM-R45,Stamford,37.2,°C,25.0,45.0,OK,2024-10-10,v2.1.4
2025-02-14 06:00:00,AIRFLOW-STM-A,Airflow,Row A Floor Tile,STM-R02,Stamford,918,CFM,200,2000,OK,2024-06-04,v2.2.1
2025-02-14 06:00:00,HUMID-STM-B,Humidity,Row B,STM-R13,Stamford,49.8,%RH,30.0,60.0,OK,2024-10-08,v2.2.1
2025-02-14 06:00:00,AIRFLOW-NWK-D,Airflow,Row D Floor Tile,NWK-R32,Newark,1214,CFM,200,2000,OK,2024-07-28,v2.1.4
2025-02-14 07:00:00,TEMP-NWK-C-HOT,Temperature,Row C Hot Aisle,NWK-R25,Newark,35.5,°C,25.0,45.0,OK,2024-12-10,v2.2.1
2025-02-14 07:00:00,TEMP-STM-E-HOT,Temperature,Row E Hot Aisle,STM-R45,Stamford,36.6,°C,25.0,45.0,OK,2024-07-17,v2.1.4
2025-02-14 07:00:00,TEMP-STM-C-HOT,Temperature,Row C Hot Aisle,STM-R25,Stamford,31.5,°C,25.0,45.0,OK,2024-11-18,v2.1.4
2025-02-14 07:00:00,LEAK-NWK-05,Water Leak,Zone 5 Under-floor,,Newark,0,boolean,0,1,OK,2024-12-03,v2.1.6
2025-02-14 07:00:00,CRAC-NWK-6-SUP,CRAC Supply Temp,CRAC-N6 Supply,,Newark,15.8,°C,10.0,18.0,OK,2024-11-25,v2.2.1
2025-02-14 08:00:00,TEMP-NWK-C-HOT,Temperature,Row C Hot Aisle,NWK-R25,Newark,35.5,°C,25.0,45.0,OK,2024-10-03,v2.1.6
2025-02-14 08:00:00,TEMP-STM-E-HOT,Temperature,Row E Hot Aisle,STM-R45,Stamford,36.4,°C,25.0,45.0,OK,2024-09-10,v2.1.6
2025-02-14 08:00:00,CRAC-STM-2-RET,CRAC Return Temp,CRAC-S2 Return,,Stamford,31.0,°C,20.0,35.0,OK,2024-10-16,v2.2.0
2025-02-14 08:00:00,AIRFLOW-STM-D,Airflow,Row D Floor Tile,STM-R32,Stamford,1384,CFM,200,2000,OK,2024-08-06,v2.2.1
2025-02-14 08:00:00,CRAC-STM-1-SUP,CRAC Supply Temp,CRAC-S1 Supply,,Stamford,14.5,°C,10.0,18.0,OK,2024-10-20,v2.1.6
2025-02-14 08:00:00,AIRFLOW-NWK-A,Airflow,Row A Floor Tile,NWK-R02,Newark,1221,CFM,200,2000,OK,2024-09-01,v2.1.4
2025-02-14 09:00:00,TEMP-STM-E-HOT,Temperature,Row E Hot Aisle,STM-R45,Stamford,37.0,°C,25.0,45.0,OK,2024-06-27,v2.1.6
2025-02-14 09:00:00,CRAC-NWK-4-RET,CRAC Return Temp,CRAC-N4 Return,,Newark,31.5,°C,20.0,35.0,OK,2024-11-23,v2.1.6
2025-02-14 09:00:00,HUMID-STM-B,Humidity,Row B,STM-R13,Stamford,49.5,%RH,30.0,60.0,OK,2024-12-05,v2.1.4
2025-02-14 09:00:00,TEMP-STM-B-COLD,Temperature,Row B Cold Aisle,STM-R11,Stamford,21.0,°C,18.0,27.0,OK,2024-08-16,v2.2.1
2025-02-14 10:00:00,TEMP-STM-E-HOT,Temperature,Row E Hot Aisle,STM-R45,Stamford,36.7,°C,25.0,45.0,OK,2024-06-09,v2.1.6
2025-02-14 10:00:00,TEMP-NWK-C-HOT,Temperature,Row C Hot Aisle,NWK-R25,Newark,34.2,°C,25.0,45.0,OK,2024-08-11,v2.2.1
2025-02-14 11:00:00,TEMP-STM-E-HOT,Temperature,Row E Hot Aisle,STM-R45,Stamford,35.6,°C,25.0,45.0,OK,2024-09-12,v2.1.4
2025-02-14 11:00:00,CRAC-NWK-1-RET,CRAC Return Temp,CRAC-N1 Return,,Newark,28.8,°C,20.0,35.0,OK,2024-09-07,v2.2.1
2025-02-14 11:00:00,AIRFLOW-NWK-A,Airflow,Row A Floor Tile,NWK-R02,Newark,1057,CFM,200,2000,OK,2024-08-01,v2.2.0
2025-02-14 11:00:00,CRAC-NWK-1-SUP,CRAC Supply Temp,CRAC-N1 Supply,,Newark,15.2,°C,10.0,18.0,OK,2024-09-12,v2.2.0
2025-02-14 12:00:00,LEAK-NWK-08,Water Leak,Zone 8 Under-floor,,Newark,0,boolean,0,1,OK,2024-06-26,v2.2.0
2025-02-14 13:00:00,TEMP-STM-E-HOT,Temperature,Row E Hot Aisle,STM-R45,Stamford,35.3,°C,25.0,45.0,OK,2024-07-22,v2.2.0
2025-02-14 13:00:00,HUMID-STM-D,Humidity,Row D,STM-R33,Stamford,48.7,%RH,30.0,60.0,OK,2024-11-12,v2.2.1
2025-02-14 13:00:00,HUMID-NWK-B,Humidity,Row B,NWK-R13,Newark,45.6,%RH,30.0,60.0,OK,2024-10-18,v2.1.6
2025-02-14 13:00:00,LEAK-STM-03,Water Leak,Zone 3 Under-floor,,Stamford,0,boolean,0,1,OK,2024-07-19,v2.1.6
2025-02-14 13:00:00,HUMID-STM-A,Humidity,Row A,STM-R03,Stamford,47.5,%RH,30.0,60.0,OK,2024-12-19,v2.1.6
2025-02-14 14:00:00,CRAC-STM-1-SUP,CRAC Supply Temp,CRAC-S1 Supply,,Stamford,13.7,°C,10.0,18.0,OK,2024-12-21,v2.1.6
2025-02-14 14:00:00,CRAC-STM-4-RET,CRAC Return Temp,CRAC-S4 Return,,Stamford,27.3,°C,20.0,35.0,OK,2024-10-09,v2.1.4
2025-02-14 14:00:00,TEMP-NWK-C-COLD,Temperature,Row C Cold Aisle,NWK-R21,Newark,21.1,°C,18.0,27.0,OK,2024-06-14,v2.1.4
2025-02-14 15:00:00,HUMID-STM-B,Humidity,Row B,STM-R13,Stamford,45.9,%RH,30.0,60.0,OK,2024-08-04,v2.1.4
2025-02-14 15:00:00,LEAK-STM-05,Water Leak,Zone 5 Under-floor,,Stamford,0,boolean,0,1,OK,2024-08-24,v2.1.4
2025-02-14 16:00:00,LEAK-NWK-08,Water Leak,Zone 8 Under-floor,,Newark,0,boolean,0,1,OK,2024-06-12,v2.1.6
2025-02-14 17:00:00,AIRFLOW-NWK-G,Airflow,Row G Floor Tile,NWK-R62,Newark,779,CFM,200,2000,OK,2024-12-18,v2.2.0
2025-02-14 18:00:00,AIRFLOW-NWK-A,Airflow,Row A Floor Tile,NWK-R02,Newark,1019,CFM,200,2000,OK,2024-07-08,v2.2.1
2025-02-14 18:00:00,CRAC-NWK-6-RET,CRAC Return Temp,CRAC-N6 Return,,Newark,27.3,°C,20.0,35.0,OK,2024-12-01,v2.1.4
2025-02-14 19:00:00,HUMID-STM-D,Humidity,Row D,STM-R33,Stamford,47.0,%RH,30.0,60.0,OK,2024-12-20,v2.2.0
2025-02-14 19:00:00,PWR-NWK-UPS3,UPS Load,UPS-N3,,Newark,77.5,kW,0,200,OK,2024-09-14,v2.2.1
2025-02-14 19:00:00,CRAC-NWK-4-RET,CRAC Return Temp,CRAC-N4 Return,,Newark,29.3,°C,20.0,35.0,OK,2024-08-26,v2.2.0
2025-02-14 19:00:00,TEMP-NWK-D-COLD,Temperature,Row D Cold Aisle,NWK-R31,Newark,20.2,°C,18.0,27.0,OK,2024-06-27,v2.1.6
2025-02-14 19:00:00,TEMP-NWK-F-HOT,Temperature,Row F Hot Aisle,NWK-R55,Newark,29.7,°C,25.0,45.0,OK,2024-09-25,v2.1.6
2025-02-14 19:00:00,CRAC-NWK-6-RET,CRAC Return Temp,CRAC-N6 Return,,Newark,28.5,°C,20.0,35.0,OK,2024-08-06,v2.1.6
2025-02-14 20:00:00,CRAC-STM-1-SUP,CRAC Supply Temp,CRAC-S1 Supply,,Stamford,13.9,°C,10.0,18.0,OK,2024-07-11,v2.1.4
2025-02-14 21:00:00,TEMP-NWK-B-HOT,Temperature,Row B Hot Aisle,NWK-R15,Newark,29.4,°C,25.0,45.0,OK,2024-12-01,v2.1.4
2025-02-14 21:00:00,TEMP-NWK-E-COLD,Temperature,Row E Cold Aisle,NWK-R41,Newark,19.5,°C,18.0,27.0,OK,2024-08-26,v2.2.1
2025-02-14 21:00:00,CRAC-STM-3-RET,CRAC Return Temp,CRAC-S3 Return,,Stamford,30.1,°C,20.0,35.0,OK,2024-09-14,v2.1.4
2025-02-14 22:00:00,CRAC-NWK-5-RET,CRAC Return Temp,CRAC-N5 Return,,Newark,37.3,°C,20.0,35.0,OK,2024-12-24,v2.1.6
2025-02-14 22:00:00,LEAK-NWK-01,Water Leak,Zone 1 Under-floor,,Newark,0,boolean,0,1,OK,2024-07-04,v2.1.6
2025-02-14 22:00:00,CRAC-STM-3-RET,CRAC Return Temp,CRAC-S3 Return,,Stamford,29.8,°C,20.0,35.0,OK,2024-12-28,v2.2.1
2025-02-14 23:00:00,LEAK-STM-01,Water Leak,Zone 1 Under-floor,,Stamford,0,boolean,0,1,OK,2024-08-06,v2.1.6
2025-02-14 23:00:00,CRAC-STM-3-SUP,CRAC Supply Temp,CRAC-S3 Supply,,Stamford,14.8,°C,10.0,18.0,OK,2024-07-20,v2.2.0
2025-02-15 00:00:00,TEMP-STM-E-HOT,Temperature,Row E Hot Aisle,STM-R45,Stamford,35.5,°C,25.0,45.0,OK,2024-09-15,v2.2.1
2025-02-15 00:00:00,CRAC-STM-4-RET,CRAC Return Temp,CRAC-S4 Return,,Stamford,27.7,°C,20.0,35.0,OK,2024-12-26,v2.1.4
2025-02-15 00:00:00,TEMP-NWK-E-HOT,Temperature,Row E Hot Aisle,NWK-R45,Newark,28.7,°C,25.0,45.0,OK,2024-12-16,v2.2.1
2025-02-15 00:00:00,LEAK-NWK-04,Water Leak,Zone 4 Under-floor,,Newark,0,boolean,0,1,OK,2024-07-13,v2.1.6
2025-02-15 00:00:00,AIRFLOW-NWK-B,Airflow,Row B Floor Tile,NWK-R12,Newark,1180,CFM,200,2000,OK,2024-09-16,v2.1.4
2025-02-15 00:00:00,TEMP-NWK-G-HOT,Temperature,Row G Hot Aisle,NWK-R65,Newark,29.3,°C,25.0,45.0,OK,2024-07-16,v2.2.0
2025-02-15 01:00:00,TEMP-STM-E-HOT,Temperature,Row E Hot Aisle,STM-R45,Stamford,36.8,°C,25.0,45.0,OK,2024-08-06,v2.1.4
2025-02-15 02:00:00,TEMP-STM-E-HOT,Temperature,Row E Hot Aisle,STM-R45,Stamford,37.2,°C,25.0,45.0,OK,2024-10-01,v2.2.1
2025-02-15 02:00:00,AIRFLOW-STM-C,Airflow,Row C Floor Tile,STM-R22,Stamford,1433,CFM,200,2000,OK,2024-12-05,v2.2.1
2025-02-15 03:00:00,TEMP-NWK-C-HOT,Temperature,Row C Hot Aisle,NWK-R25,Newark,35.3,°C,25.0,45.0,OK,2024-12-14,v2.2.0
2025-02-15 03:00:00,TEMP-STM-E-HOT,Temperature,Row E Hot Aisle,STM-R45,Stamford,36.9,°C,25.0,45.0,OK,2024-11-05,v2.1.4
2025-02-15 04:00:00,TEMP-STM-E-HOT,Temperature,Row E Hot Aisle,STM-R45,Stamford,38.0,°C,25.0,45.0,OK,2024-08-10,v2.2.0
2025-02-15 04:00:00,TEMP-STM-E-COLD,Temperature,Row E Cold Aisle,STM-R41,Stamford,20.7,°C,18.0,27.0,OK,2024-07-22,v2.1.4
2025-02-15 05:00:00,TEMP-STM-E-HOT,Temperature,Row E Hot Aisle,STM-R45,Stamford,37.9,°C,25.0,45.0,OK,2024-07-13,v2.1.6
2025-02-15 05:00:00,PWR-NWK-UPS2,UPS Load,UPS-N2,,Newark,88.3,kW,0,200,OK,2024-11-27,v2.2.1
2025-02-15 05:00:00,TEMP-NWK-B-HOT,Temperature,Row B Hot Aisle,NWK-R15,Newark,30.6,°C,25.0,45.0,OK,2024-12-10,v2.2.0
2025-02-15 06:00:00,TEMP-STM-E-HOT,Temperature,Row E Hot Aisle,STM-R45,Stamford,37.6,°C,25.0,45.0,OK,2024-06-16,v2.2.0
2025-02-15 06:00:00,TEMP-NWK-G-COLD,Temperature,Row G Cold Aisle,NWK-R61,Newark,20.5,°C,18.0,27.0,OK,2024-12-10,v2.2.1
2025-02-15 06:00:00,TEMP-STM-E-COLD,Temperature,Row E Cold Aisle,STM-R41,Stamford,21.7,°C,18.0,27.0,OK,2024-11-13,v2.1.4
2025-02-15 06:00:00,PWR-NWK-UPS1,UPS Load,UPS-N1,,Newark,97.2,kW,0,200,OK,2024-07-17,v2.2.0
2025-02-15 07:00:00,TEMP-STM-E-HOT,Temperature,Row E Hot Aisle,STM-R45,Stamford,36.2,°C,25.0,45.0,OK,2024-12-20,v2.1.4
2025-02-15 07:00:00,HUMID-NWK-F,Humidity,Row F,NWK-R53,Newark,45.2,%RH,30.0,60.0,OK,2024-09-07,v2.2.1
2025-02-15 08:00:00,TEMP-STM-E-HOT,Temperature,Row E Hot Aisle,STM-R45,Stamford,37.4,°C,25.0,45.0,OK,2024-07-10,v2.1.6
2025-02-15 08:00:00,TEMP-STM-D-HOT,Temperature,Row D Hot Aisle,STM-R35,Stamford,30.9,°C,25.0,45.0,OK,2024-11-21,v2.1.4
2025-02-15 08:00:00,PWR-STM-UPS2,UPS Load,UPS-S2,,Stamford,79.1,kW,0,200,OK,2024-11-22,v2.2.1
2025-02-15 08:00:00,AIRFLOW-STM-A,Airflow,Row A Floor Tile,STM-R02,Stamford,775,CFM,200,2000,OK,2024-09-14,v2.1.4
2025-02-15 09:00:00,TEMP-STM-E-HOT,Temperature,Row E Hot Aisle,STM-R45,Stamford,36.7,°C,25.0,45.0,OK,2024-12-26,v2.2.1
2025-02-15 09:00:00,LEAK-STM-05,Water Leak,Zone 5 Under-floor,,Stamford,0,boolean,0,1,OK,2024-11-03,v2.1.6
2025-02-15 09:00:00,TEMP-STM-D-COLD,Temperature,Row D Cold Aisle,STM-R31,Stamford,20.9,°C,18.0,27.0,OK,2024-07-15,v2.1.6
2025-02-15 09:00:00,HUMID-NWK-A,Humidity,Row A,NWK-R03,Newark,51.4,%RH,30.0,60.0,OK,2024-06-23,v2.1.6
2025-02-15 09:00:00,CRAC-STM-1-SUP,CRAC Supply Temp,CRAC-S1 Supply,,Stamford,14.5,°C,10.0,18.0,OK,2024-12-03,v2.1.4
2025-02-15 10:00:00,TEMP-STM-E-HOT,Temperature,Row E Hot Aisle,STM-R45,Stamford,37.2,°C,25.0,45.0,OK,2024-11-09,v2.2.0
2025-02-15 10:00:00,HUMID-NWK-F,Humidity,Row F,NWK-R53,Newark,42.9,%RH,30.0,60.0,OK,2024-08-14,v2.1.6
2025-02-15 11:00:00,TEMP-STM-E-HOT,Temperature,Row E Hot Aisle,STM-R45,Stamford,35.5,°C,25.0,45.0,OK,2024-08-04,v2.2.1
2025-02-15 11:00:00,AIRFLOW-NWK-G,Airflow,Row G Floor Tile,NWK-R62,Newark,804,CFM,200,2000,OK,2024-11-05,v2.2.1
2025-02-15 11:00:00,TEMP-NWK-A-HOT,Temperature,Row A Hot Aisle,NWK-R05,Newark,28.8,°C,25.0,45.0,OK,2024-09-15,v2.1.6
2025-02-15 12:00:00,TEMP-STM-E-HOT,Temperature,Row E Hot Aisle,STM-R45,Stamford,36.1,°C,25.0,45.0,OK,2024-09-09,v2.2.1
2025-02-15 12:00:00,CRAC-STM-4-SUP,CRAC Supply Temp,CRAC-S4 Supply,,Stamford,14.8,°C,10.0,18.0,OK,2024-09-03,v2.1.4
2025-02-15 12:00:00,LEAK-NWK-03,Water Leak,Zone 3 Under-floor,,Newark,0,boolean,0,1,OK,2024-06-18,v2.2.1
2025-02-15 13:00:00,TEMP-STM-E-HOT,Temperature,Row E Hot Aisle,STM-R45,Stamford,35.7,°C,25.0,45.0,OK,2024-06-14,v2.1.6
2025-02-15 13:00:00,CRAC-NWK-2-SUP,CRAC Supply Temp,CRAC-N2 Supply,,Newark,13.6,°C,10.0,18.0,OK,2024-10-20,v2.1.4
2025-02-15 13:00:00,AIRFLOW-STM-A,Airflow,Row A Floor Tile,STM-R02,Stamford,797,CFM,200,2000,OK,2024-06-26,v2.1.4
2025-02-15 13:00:00,PWR-NWK-UPS4,UPS Load,UPS-N4,,Newark,85.7,kW,0,200,OK,2024-07-26,v2.1.4
2025-02-15 14:00:00,AIRFLOW-STM-E,Airflow,Row E Floor Tile,STM-R42,Stamford,805,CFM,200,2000,OK,2024-07-08,v2.1.6
2025-02-15 15:00:00,LEAK-NWK-04,Water Leak,Zone 4 Under-floor,,Newark,0,boolean,0,1,OK,2024-07-18,v2.2.1
2025-02-15 15:00:00,TEMP-STM-E-COLD,Temperature,Row E Cold Aisle,STM-R41,Stamford,19.9,°C,18.0,27.0,OK,2024-07-15,v2.2.1
2025-02-15 15:00:00,HUMID-NWK-E,Humidity,Row E,NWK-R43,Newark,48.6,%RH,30.0,60.0,OK,2024-11-03,v2.2.1
2025-02-15 17:00:00,PWR-NWK-UPS1,UPS Load,UPS-N1,,Newark,87.9,kW,0,200,OK,2024-11-03,v2.1.6
2025-02-15 17:00:00,TEMP-NWK-G-COLD,Temperature,Row G Cold Aisle,NWK-R61,Newark,18.6,°C,18.0,27.0,OK,2024-06-06,v2.2.0
2025-02-15 17:00:00,HUMID-NWK-E,Humidity,Row E,NWK-R43,Newark,47.6,%RH,30.0,60.0,OK,2024-06-08,v2.1.6
2025-02-15 17:00:00,PWR-NWK-UPS4,UPS Load,UPS-N4,,Newark,90.5,kW,0,200,OK,2024-12-15,v2.2.1
2025-02-15 17:00:00,LEAK-NWK-01,Water Leak,Zone 1 Under-floor,,Newark,0,boolean,0,1,OK,2024-11-13,v2.2.0
2025-02-15 17:00:00,CRAC-NWK-2-SUP,CRAC Supply Temp,CRAC-N2 Supply,,Newark,13.0,°C,10.0,18.0,OK,2024-06-01,v2.1.6
2025-02-15 18:00:00,HUMID-NWK-B,Humidity,Row B,NWK-R13,Newark,44.7,%RH,30.0,60.0,OK,2024-09-20,v2.1.6
2025-02-15 19:00:00,CRAC-STM-1-RET,CRAC Return Temp,CRAC-S1 Return,,Stamford,30.1,°C,20.0,35.0,OK,2024-08-01,v2.2.1
2025-02-15 19:00:00,TEMP-NWK-A-COLD,Temperature,Row A Cold Aisle,NWK-R01,Newark,20.6,°C,18.0,27.0,OK,2024-11-07,v2.1.4
2025-02-15 19:00:00,CRAC-NWK-2-RET,CRAC Return Temp,CRAC-N2 Return,,Newark,29.1,°C,20.0,35.0,OK,2024-08-06,v2.1.6
2025-02-15 20:00:00,CRAC-STM-2-SUP,CRAC Supply Temp,CRAC-S2 Supply,,Stamford,13.9,°C,10.0,18.0,OK,2024-08-14,v2.2.1
2025-02-15 20:00:00,CRAC-NWK-2-SUP,CRAC Supply Temp,CRAC-N2 Supply,,Newark,13.5,°C,10.0,18.0,OK,2024-10-12,v2.1.4
2025-02-15 21:00:00,CRAC-STM-1-SUP,CRAC Supply Temp,CRAC-S1 Supply,,Stamford,13.7,°C,10.0,18.0,OK,2024-07-06,v2.2.0
2025-02-15 21:00:00,PWR-NWK-UPS2,UPS Load,UPS-N2,,Newark,75.9,kW,0,200,OK,2024-12-21,v2.2.1
2025-02-15 21:00:00,HUMID-NWK-C,Humidity,Row C,NWK-R23,Newark,42.7,%RH,30.0,60.0,OK,2024-06-14,v2.2.0
2025-02-15 21:00:00,TEMP-STM-B-COLD,Temperature,Row B Cold Aisle,STM-R11,Stamford,19.5,°C,18.0,27.0,OK,2024-12-02,v2.2.1
2025-02-15 21:00:00,CRAC-NWK-1-RET,CRAC Return Temp,CRAC-N1 Return,,Newark,26.6,°C,20.0,35.0,OK,2024-11-26,v2.2.1
2025-02-15 23:00:00,TEMP-STM-E-HOT,Temperature,Row E Hot Aisle,STM-R45,Stamford,35.6,°C,25.0,45.0,OK,2024-06-11,v2.2.1
2025-02-15 23:00:00,CRAC-NWK-1-RET,CRAC Return Temp,CRAC-N1 Return,,Newark,28.4,°C,20.0,35.0,OK,2024-07-11,v2.2.0
2025-02-15 23:00:00,PWR-NWK-UPS2,UPS Load,UPS-N2,,Newark,76.1,kW,0,200,OK,2024-06-19,v2.2.1
2025-02-15 23:00:00,TEMP-STM-C-COLD,Temperature,Row C Cold Aisle,STM-R21,Stamford,20.9,°C,18.0,27.0,OK,2024-11-27,v2.1.4
2025-02-15 23:00:00,AIRFLOW-STM-A,Airflow,Row A Floor Tile,STM-R02,Stamford,752,CFM,200,2000,OK,2024-09-21,v2.2.1
2025-02-15 23:00:00,HUMID-STM-A,Humidity,Row A,STM-R03,Stamford,48.7,%RH,30.0,60.0,OK,2024-11-22,v2.1.4
2025-02-16 00:00:00,TEMP-STM-E-HOT,Temperature,Row E Hot Aisle,STM-R45,Stamford,36.1,°C,25.0,45.0,OK,2024-11-14,v2.1.6
2025-02-16 00:00:00,CRAC-STM-2-SUP,CRAC Supply Temp,CRAC-S2 Supply,,Stamford,14.9,°C,10.0,18.0,OK,2024-07-14,v2.2.0
2025-02-16 01:00:00,TEMP-STM-E-HOT,Temperature,Row E Hot Aisle,STM-R45,Stamford,36.3,°C,25.0,45.0,OK,2024-12-28,v2.1.6
2025-02-16 01:00:00,CRAC-NWK-1-RET,CRAC Return Temp,CRAC-N1 Return,,Newark,28.2,°C,20.0,35.0,OK,2024-12-03,v2.1.4
2025-02-16 01:00:00,TEMP-NWK-G-COLD,Temperature,Row G Cold Aisle,NWK-R61,Newark,19.3,°C,18.0,27.0,OK,2024-12-24,v2.1.6
2025-02-16 01:00:00,LEAK-STM-02,Water Leak,Zone 2 Under-floor,,Stamford,0,boolean,0,1,OK,2024-06-06,v2.1.6
2025-02-16 02:00:00,TEMP-STM-E-HOT,Temperature,Row E Hot Aisle,STM-R45,Stamford,36.4,°C,25.0,45.0,OK,2024-09-27,v2.2.0
2025-02-16 02:00:00,LEAK-NWK-02,Water Leak,Zone 2 Under-floor,,Newark,0,boolean,0,1,OK,2024-09-05,v2.1.4
2025-02-16 02:00:00,AIRFLOW-NWK-C,Airflow,Row C Floor Tile,NWK-R22,Newark,1176,CFM,200,2000,OK,2024-12-13,v2.2.0
2025-02-16 03:00:00,TEMP-STM-E-HOT,Temperature,Row E Hot Aisle,STM-R45,Stamford,36.1,°C,25.0,45.0,OK,2024-06-07,v2.1.6
2025-02-16 03:00:00,LEAK-STM-02,Water Leak,Zone 2 Under-floor,,Stamford,0,boolean,0,1,OK,2024-09-05,v2.2.0
2025-02-16 03:00:00,TEMP-NWK-F-COLD,Temperature,Row F Cold Aisle,NWK-R51,Newark,20.1,°C,18.0,27.0,OK,2024-06-11,v2.1.6
2025-02-16 04:00:00,TEMP-NWK-C-HOT,Temperature,Row C Hot Aisle,NWK-R25,Newark,35.6,°C,25.0,45.0,OK,2024-09-11,v2.1.4
2025-02-16 04:00:00,TEMP-STM-E-HOT,Temperature,Row E Hot Aisle,STM-R45,Stamford,36.3,°C,25.0,45.0,OK,2024-09-15,v2.1.4
2025-02-16 05:00:00,TEMP-STM-E-HOT,Temperature,Row E Hot Aisle,STM-R45,Stamford,37.1,°C,25.0,45.0,OK,2024-06-11,v2.2.1
2025-02-16 05:00:00,LEAK-STM-04,Water Leak,Zone 4 Under-floor,,Stamford,0,boolean,0,1,OK,2024-08-25,v2.2.1
2025-02-16 06:00:00,TEMP-NWK-C-HOT,Temperature,Row C Hot Aisle,NWK-R25,Newark,36.0,°C,25.0,45.0,OK,2024-07-12,v2.1.6
2025-02-16 06:00:00,TEMP-STM-E-HOT,Temperature,Row E Hot Aisle,STM-R45,Stamford,38.2,°C,25.0,45.0,OK,2024-09-03,v2.1.6
2025-02-16 07:00:00,TEMP-STM-E-HOT,Temperature,Row E Hot Aisle,STM-R45,Stamford,37.9,°C,25.0,45.0,OK,2024-06-27,v2.2.1
2025-02-16 07:00:00,AIRFLOW-NWK-B,Airflow,Row B Floor Tile,NWK-R12,Newark,1383,CFM,200,2000,OK,2024-08-01,v2.2.1
2025-02-16 08:00:00,TEMP-NWK-C-HOT,Temperature,Row C Hot Aisle,NWK-R25,Newark,35.8,°C,25.0,45.0,OK,2024-06-21,v2.2.0
2025-02-16 08:00:00,TEMP-STM-E-HOT,Temperature,Row E Hot Aisle,STM-R45,Stamford,36.3,°C,25.0,45.0,OK,2024-10-04,v2.2.0
2025-02-16 08:00:00,LEAK-NWK-01,Water Leak,Zone 1 Under-floor,,Newark,0,boolean,0,1,OK,2024-06-27,v2.2.1
2025-02-16 08:00:00,TEMP-NWK-D-HOT,Temperature,Row D Hot Aisle,NWK-R35,Newark,30.1,°C,25.0,45.0,OK,2024-07-04,v2.1.4
2025-02-16 09:00:00,TEMP-STM-E-HOT,Temperature,Row E Hot Aisle,STM-R45,Stamford,35.7,°C,25.0,45.0,OK,2024-12-17,v2.1.6
2025-02-16 09:00:00,LEAK-NWK-06,Water Leak,Zone 6 Under-floor,,Newark,0,boolean,0,1,OK,2024-09-19,v2.2.0
2025-02-16 09:00:00,TEMP-NWK-A-HOT,Temperature,Row A Hot Aisle,NWK-R05,Newark,28.5,°C,25.0,45.0,OK,2024-12-22,v2.1.6
2025-02-16 09:00:00,HUMID-NWK-B,Humidity,Row B,NWK-R13,Newark,47.9,%RH,30.0,60.0,OK,2024-07-09,v2.1.4
2025-02-16 09:00:00,AIRFLOW-STM-C,Airflow,Row C Floor Tile,STM-R22,Stamford,1399,CFM,200,2000,OK,2024-06-10,v2.1.4
2025-02-16 09:00:00,HUMID-NWK-C,Humidity,Row C,NWK-R23,Newark,46.9,%RH,30.0,60.0,OK,2024-11-05,v2.2.0
2025-02-16 10:00:00,TEMP-STM-E-HOT,Temperature,Row E Hot Aisle,STM-R45,Stamford,36.2,°C,25.0,45.0,OK,2024-08-21,v2.2.1
2025-02-16 10:00:00,TEMP-STM-B-HOT,Temperature,Row B Hot Aisle,STM-R15,Stamford,31.2,°C,25.0,45.0,OK,2024-08-16,v2.2.1
2025-02-16 11:00:00,TEMP-STM-E-HOT,Temperature,Row E Hot Aisle,STM-R45,Stamford,36.0,°C,25.0,45.0,OK,2024-12-21,v2.1.4
2025-02-16 11:00:00,LEAK-NWK-06,Water Leak,Zone 6 Under-floor,,Newark,0,boolean,0,1,OK,2024-06-06,v2.1.4
2025-02-16 11:00:00,LEAK-NWK-01,Water Leak,Zone 1 Under-floor,,Newark,0,boolean,0,1,OK,2024-07-12,v2.1.4
2025-02-16 11:00:00,TEMP-NWK-G-HOT,Temperature,Row G Hot Aisle,NWK-R65,Newark,29.7,°C,25.0,45.0,OK,2024-12-11,v2.2.1
2025-02-16 11:00:00,LEAK-NWK-04,Water Leak,Zone 4 Under-floor,,Newark,0,boolean,0,1,OK,2024-11-18,v2.1.6
2025-02-16 12:00:00,TEMP-STM-E-HOT,Temperature,Row E Hot Aisle,STM-R45,Stamford,36.2,°C,25.0,45.0,OK,2024-06-18,v2.2.0
2025-02-16 12:00:00,TEMP-STM-C-COLD,Temperature,Row C Cold Aisle,STM-R21,Stamford,21.2,°C,18.0,27.0,OK,2024-12-20,v2.1.6
2025-02-16 13:00:00,TEMP-STM-E-HOT,Temperature,Row E Hot Aisle,STM-R45,Stamford,35.3,°C,25.0,45.0,OK,2024-07-14,v2.1.4
2025-02-16 13:00:00,TEMP-NWK-F-HOT,Temperature,Row F Hot Aisle,NWK-R55,Newark,31.5,°C,25.0,45.0,OK,2024-10-27,v2.2.0
2025-02-16 13:00:00,HUMID-NWK-B,Humidity,Row B,NWK-R13,Newark,47.2,%RH,30.0,60.0,OK,2024-10-21,v2.1.6
2025-02-16 13:00:00,CRAC-STM-4-SUP,CRAC Supply Temp,CRAC-S4 Supply,,Stamford,14.5,°C,10.0,18.0,OK,2024-06-17,v2.1.6
2025-02-16 13:00:00,CRAC-STM-3-SUP,CRAC Supply Temp,CRAC-S3 Supply,,Stamford,14.7,°C,10.0,18.0,OK,2024-10-24,v2.2.1
2025-02-16 15:00:00,HUMID-NWK-B,Humidity,Row B,NWK-R13,Newark,44.9,%RH,30.0,60.0,OK,2024-11-01,v2.2.1
2025-02-16 15:00:00,CRAC-STM-3-SUP,CRAC Supply Temp,CRAC-S3 Supply,,Stamford,14.3,°C,10.0,18.0,OK,2024-06-04,v2.1.6
2025-02-16 15:00:00,HUMID-STM-E,Humidity,Row E,STM-R43,Stamford,41.4,%RH,30.0,60.0,OK,2024-12-03,v2.1.6
2025-02-16 15:00:00,LEAK-NWK-01,Water Leak,Zone 1 Under-floor,,Newark,0,boolean,0,1,OK,2024-11-22,v2.2.1
2025-02-16 16:00:00,CRAC-NWK-1-RET,CRAC Return Temp,CRAC-N1 Return,,Newark,37.5,°C,20.0,35.0,OK,2024-11-08,v2.2.0
2025-02-16 16:00:00,TEMP-STM-C-HOT,Temperature,Row C Hot Aisle,STM-R25,Stamford,29.6,°C,25.0,45.0,OK,2024-10-19,v2.1.4
2025-02-16 19:00:00,PWR-NWK-UPS2,UPS Load,UPS-N2,,Newark,74.5,kW,0,200,OK,2024-08-24,v2.1.6
2025-02-16 20:00:00,PWR-NWK-UPS4,UPS Load,UPS-N4,,Newark,88.0,kW,0,200,OK,2024-12-20,v2.1.6
2025-02-16 20:00:00,LEAK-NWK-04,Water Leak,Zone 4 Under-floor,,Newark,0,boolean,0,1,OK,2024-12-10,v2.2.0
2025-02-16 22:00:00,TEMP-STM-E-HOT,Temperature,Row E Hot Aisle,STM-R45,Stamford,35.5,°C,25.0,45.0,OK,2024-08-26,v2.2.0
2025-02-16 22:00:00,HUMID-NWK-E,Humidity,Row E,NWK-R43,Newark,48.1,%RH,30.0,60.0,OK,2024-06-13,v2.2.1
2025-02-16 23:00:00,TEMP-STM-E-HOT,Temperature,Row E Hot Aisle,STM-R45,Stamford,35.5,°C,25.0,45.0,OK,2024-10-19,v2.2.1
2025-02-16 23:00:00,TEMP-STM-D-HOT,Temperature,Row D Hot Aisle,STM-R35,Stamford,29.7,°C,25.0,45.0,OK,2024-09-15,v2.1.6
2025-02-17 00:00:00,TEMP-NWK-F-COLD,Temperature,Row F Cold Aisle,NWK-R51,Newark,20.6,°C,18.0,27.0,OK,2024-06-06,v2.2.0
2025-02-17 00:00:00,AIRFLOW-NWK-A,Airflow,Row A Floor Tile,NWK-R02,Newark,1030,CFM,200,2000,OK,2024-07-03,v2.1.6
2025-02-17 00:00:00,HUMID-NWK-A,Humidity,Row A,NWK-R03,Newark,48.3,%RH,30.0,60.0,OK,2024-08-14,v2.2.0
2025-02-17 00:00:00,AIRFLOW-NWK-F,Airflow,Row F Floor Tile,NWK-R52,Newark,754,CFM,200,2000,OK,2024-12-21,v2.2.0
2025-02-17 01:00:00,TEMP-STM-E-HOT,Temperature,Row E Hot Aisle,STM-R45,Stamford,36.7,°C,25.0,45.0,OK,2024-11-08,v2.1.6
2025-02-17 01:00:00,LEAK-STM-03,Water Leak,Zone 3 Under-floor,,Stamford,0,boolean,0,1,OK,2024-10-21,v2.2.1
2025-02-17 01:00:00,LEAK-STM-02,Water Leak,Zone 2 Under-floor,,Stamford,0,boolean,0,1,OK,2024-08-28,v2.2.1
2025-02-17 01:00:00,LEAK-NWK-07,Water Leak,Zone 7 Under-floor,,Newark,0,boolean,0,1,OK,2024-09-24,v2.1.4
2025-02-17 02:00:00,TEMP-STM-E-HOT,Temperature,Row E Hot Aisle,STM-R45,Stamford,35.9,°C,25.0,45.0,OK,2024-09-20,v2.1.6
2025-02-17 02:00:00,TEMP-NWK-A-COLD,Temperature,Row A Cold Aisle,NWK-R01,Newark,21.3,°C,18.0,27.0,OK,2024-07-01,v2.1.6
2025-02-17 03:00:00,TEMP-STM-E-HOT,Temperature,Row E Hot Aisle,STM-R45,Stamford,36.1,°C,25.0,45.0,OK,2024-11-08,v2.2.1
2025-02-17 03:00:00,CRAC-NWK-3-SUP,CRAC Supply Temp,CRAC-N3 Supply,,Newark,15.0,°C,10.0,18.0,OK,2024-10-06,v2.1.6
2025-02-17 03:00:00,HUMID-NWK-D,Humidity,Row D,NWK-R33,Newark,50.1,%RH,30.0,60.0,OK,2024-07-26,v2.2.0
2025-02-17 04:00:00,TEMP-NWK-C-HOT,Temperature,Row C Hot Aisle,NWK-R25,Newark,35.7,°C,25.0,45.0,OK,2024-07-07,v2.1.6
2025-02-17 04:00:00,TEMP-STM-E-HOT,Temperature,Row E Hot Aisle,STM-R45,Stamford,37.0,°C,25.0,45.0,OK,2024-08-21,v2.2.0
2025-02-17 04:00:00,HUMID-STM-D,Humidity,Row D,STM-R33,Stamford,50.4,%RH,30.0,60.0,OK,2024-11-26,v2.2.1
2025-02-17 04:00:00,AIRFLOW-NWK-D,Airflow,Row D Floor Tile,NWK-R32,Newark,1162,CFM,200,2000,OK,2024-06-19,v2.1.6
2025-02-17 05:00:00,TEMP-NWK-C-HOT,Temperature,Row C Hot Aisle,NWK-R25,Newark,35.5,°C,25.0,45.0,OK,2024-08-15,v2.2.1
2025-02-17 05:00:00,TEMP-STM-E-HOT,Temperature,Row E Hot Aisle,STM-R45,Stamford,37.2,°C,25.0,45.0,OK,2024-11-01,v2.2.0
2025-02-17 06:00:00,TEMP-NWK-C-HOT,Temperature,Row C Hot Aisle,NWK-R25,Newark,35.4,°C,25.0,45.0,OK,2024-08-18,v2.2.0
2025-02-17 06:00:00,TEMP-STM-E-HOT,Temperature,Row E Hot Aisle,STM-R45,Stamford,37.9,°C,25.0,45.0,OK,2024-12-26,v2.1.4
2025-02-17 06:00:00,CRAC-STM-4-RET,CRAC Return Temp,CRAC-S4 Return,,Stamford,28.9,°C,20.0,35.0,OK,2024-10-03,v2.1.4
2025-02-17 07:00:00,TEMP-STM-E-HOT,Temperature,Row E Hot Aisle,STM-R45,Stamford,36.6,°C,25.0,45.0,OK,2024-08-06,v2.1.6
2025-02-17 07:00:00,CRAC-STM-4-SUP,CRAC Supply Temp,CRAC-S4 Supply,,Stamford,16.0,°C,10.0,18.0,OK,2024-10-02,v2.2.1
2025-02-17 07:00:00,HUMID-NWK-C,Humidity,Row C,NWK-R23,Newark,45.7,%RH,30.0,60.0,OK,2024-10-21,v2.1.6
2025-02-17 08:00:00,TEMP-NWK-C-HOT,Temperature,Row C Hot Aisle,NWK-R25,Newark,35.3,°C,25.0,45.0,OK,2024-06-15,v2.1.4
2025-02-17 08:00:00,TEMP-STM-E-HOT,Temperature,Row E Hot Aisle,STM-R45,Stamford,36.8,°C,25.0,45.0,OK,2024-09-13,v2.2.1
2025-02-17 08:00:00,HUMID-STM-D,Humidity,Row D,STM-R33,Stamford,51.4,%RH,30.0,60.0,OK,2024-06-22,v2.1.4
2025-02-17 09:00:00,TEMP-NWK-C-HOT,Temperature,Row C Hot Aisle,NWK-R25,Newark,35.4,°C,25.0,45.0,OK,2024-08-08,v2.2.0
2025-02-17 09:00:00,TEMP-STM-E-HOT,Temperature,Row E Hot Aisle,STM-R45,Stamford,36.4,°C,25.0,45.0,OK,2024-08-04,v2.1.4
2025-02-17 09:00:00,PWR-NWK-UPS1,UPS Load,UPS-N1,,Newark,102.3,kW,0,200,OK,2024-12-16,v2.1.6
2025-02-17 09:00:00,CRAC-STM-1-SUP,CRAC Supply Temp,CRAC-S1 Supply,,Stamford,14.9,°C,10.0,18.0,OK,2024-07-23,v2.1.4
2025-02-17 10:00:00,TEMP-STM-E-HOT,Temperature,Row E Hot Aisle,STM-R45,Stamford,36.7,°C,25.0,45.0,OK,2024-09-10,v2.2.0
2025-02-17 10:00:00,AIRFLOW-NWK-B,Airflow,Row B Floor Tile,NWK-R12,Newark,1344,CFM,200,2000,OK,2024-06-13,v2.2.1
2025-02-17 11:00:00,TEMP-STM-E-HOT,Temperature,Row E Hot Aisle,STM-R45,Stamford,35.2,°C,25.0,45.0,OK,2024-12-08,v2.2.0
2025-02-17 11:00:00,CRAC-NWK-2-SUP,CRAC Supply Temp,CRAC-N2 Supply,,Newark,13.8,°C,10.0,18.0,OK,2024-12-02,v2.1.6
2025-02-17 12:00:00,TEMP-STM-E-HOT,Temperature,Row E Hot Aisle,STM-R45,Stamford,36.2,°C,25.0,45.0,OK,2024-06-19,v2.2.0
2025-02-17 12:00:00,CRAC-NWK-4-SUP,CRAC Supply Temp,CRAC-N4 Supply,,Newark,13.5,°C,10.0,18.0,OK,2024-06-26,v2.1.4
2025-02-17 12:00:00,TEMP-STM-C-HOT,Temperature,Row C Hot Aisle,STM-R25,Stamford,30.2,°C,25.0,45.0,OK,2024-07-17,v2.1.6
2025-02-17 13:00:00,TEMP-STM-E-HOT,Temperature,Row E Hot Aisle,STM-R45,Stamford,35.1,°C,25.0,45.0,OK,2024-12-08,v2.1.6
2025-02-17 13:00:00,LEAK-NWK-07,Water Leak,Zone 7 Under-floor,,Newark,0,boolean,0,1,OK,2024-06-15,v2.2.1
2025-02-17 13:00:00,CRAC-NWK-3-SUP,CRAC Supply Temp,CRAC-N3 Supply,,Newark,14.0,°C,10.0,18.0,OK,2024-12-03,v2.2.1
2025-02-17 14:00:00,CRAC-STM-4-RET,CRAC Return Temp,CRAC-S4 Return,,Stamford,26.9,°C,20.0,35.0,OK,2024-12-28,v2.1.6
2025-02-17 17:00:00,TEMP-NWK-G-COLD,Temperature,Row G Cold Aisle,NWK-R61,Newark,19.1,°C,18.0,27.0,OK,2024-09-26,v2.2.1
2025-02-17 18:00:00,HUMID-NWK-G,Humidity,Row G,NWK-R63,Newark,48.4,%RH,30.0,60.0,OK,2024-09-10,v2.1.6
2025-02-17 18:00:00,TEMP-NWK-E-COLD,Temperature,Row E Cold Aisle,NWK-R41,Newark,19.7,°C,18.0,27.0,OK,2024-10-07,v2.2.1
2025-02-17 19:00:00,HUMID-NWK-A,Humidity,Row A,NWK-R03,Newark,46.1,%RH,30.0,60.0,OK,2024-10-18,v2.2.1
2025-02-17 19:00:00,HUMID-STM-C,Humidity,Row C,STM-R23,Stamford,40.8,%RH,30.0,60.0,OK,2024-06-02,v2.1.4
2025-02-17 19:00:00,HUMID-STM-D,Humidity,Row D,STM-R33,Stamford,45.5,%RH,30.0,60.0,OK,2024-07-07,v2.1.6
2025-02-17 19:00:00,AIRFLOW-NWK-G,Airflow,Row G Floor Tile,NWK-R62,Newark,789,CFM,200,2000,OK,2024-08-12,v2.1.6
2025-02-17 20:00:00,PWR-STM-UPS2,UPS Load,UPS-S2,,Stamford,73.9,kW,0,200,OK,2024-11-09,v2.1.4
2025-02-17 20:00:00,AIRFLOW-STM-B,Airflow,Row B Floor Tile,STM-R12,Stamford,722,CFM,200,2000,OK,2024-09-04,v2.1.6
2025-02-17 22:00:00,TEMP-NWK-D-COLD,Temperature,Row D Cold Aisle,NWK-R31,Newark,37.0,°C,18.0,27.0,OK,2024-08-10,v2.1.4
2025-02-17 22:00:00,TEMP-NWK-A-HOT,Temperature,Row A Hot Aisle,NWK-R05,Newark,28.0,°C,25.0,45.0,OK,2024-11-05,v2.1.6
2025-02-17 22:00:00,TEMP-NWK-A-COLD,Temperature,Row A Cold Aisle,NWK-R01,Newark,20.0,°C,18.0,27.0,OK,2024-12-13,v2.1.4
2025-02-17 23:00:00,TEMP-STM-A-COLD,Temperature,Row A Cold Aisle,STM-R01,Stamford,19.7,°C,18.0,27.0,OK,2024-12-08,v2.2.1
2025-02-17 23:00:00,TEMP-STM-C-COLD,Temperature,Row C Cold Aisle,STM-R21,Stamford,21.3,°C,18.0,27.0,OK,2024-06-11,v2.1.4
2025-02-17 23:00:00,AIRFLOW-NWK-G,Airflow,Row G Floor Tile,NWK-R62,Newark,889,CFM,200,2000,OK,2024-07-11,v2.2.1
2025-02-17 23:00:00,CRAC-NWK-4-RET,CRAC Return Temp,CRAC-N4 Return,,Newark,29.8,°C,20.0,35.0,OK,2024-08-19,v2.2.1
2025-02-18 00:00:00,TEMP-STM-E-HOT,Temperature,Row E Hot Aisle,STM-R45,Stamford,36.3,°C,25.0,45.0,OK,2024-08-06,v2.2.0
2025-02-18 00:00:00,TEMP-NWK-G-HOT,Temperature,Row G Hot Aisle,NWK-R65,Newark,30.2,°C,25.0,45.0,OK,2024-09-20,v2.2.1
2025-02-18 00:00:00,TEMP-STM-C-HOT,Temperature,Row C Hot Aisle,STM-R25,Stamford,31.1,°C,25.0,45.0,OK,2024-12-23,v2.1.6
2025-02-18 01:00:00,TEMP-STM-E-HOT,Temperature,Row E Hot Aisle,STM-R45,Stamford,35.5,°C,25.0,45.0,OK,2024-10-05,v2.1.6
2025-02-18 01:00:00,TEMP-STM-D-HOT,Temperature,Row D Hot Aisle,STM-R35,Stamford,29.4,°C,25.0,45.0,OK,2024-10-14,v2.2.0
2025-02-18 01:00:00,AIRFLOW-STM-E,Airflow,Row E Floor Tile,STM-R42,Stamford,822,CFM,200,2000,OK,2024-09-02,v2.1.4
2025-02-18 01:00:00,PWR-STM-UPS2,UPS Load,UPS-S2,,Stamford,81.8,kW,0,200,OK,2024-09-12,v2.2.1
2025-02-18 01:00:00,LEAK-STM-03,Water Leak,Zone 3 Under-floor,,Stamford,0,boolean,0,1,OK,2024-10-14,v2.1.4
2025-02-18 01:00:00,CRAC-NWK-2-RET,CRAC Return Temp,CRAC-N2 Return,,Newark,30.3,°C,20.0,35.0,OK,2024-09-25,v2.2.0
2025-02-18 01:00:00,TEMP-NWK-E-HOT,Temperature,Row E Hot Aisle,NWK-R45,Newark,27.9,°C,25.0,45.0,OK,2024-10-06,v2.2.1
2025-02-18 01:00:00,TEMP-NWK-D-COLD,Temperature,Row D Cold Aisle,NWK-R31,Newark,22.0,°C,18.0,27.0,OK,2024-11-24,v2.1.6
2025-02-18 02:00:00,TEMP-STM-E-HOT,Temperature,Row E Hot Aisle,STM-R45,Stamford,35.7,°C,25.0,45.0,OK,2024-09-26,v2.2.0
2025-02-18 02:00:00,LEAK-STM-05,Water Leak,Zone 5 Under-floor,,Stamford,0,boolean,0,1,OK,2024-11-25,v2.2.0
2025-02-18 02:00:00,AIRFLOW-NWK-F,Airflow,Row F Floor Tile,NWK-R52,Newark,870,CFM,200,2000,OK,2024-11-04,v2.2.0
2025-02-18 02:00:00,TEMP-NWK-B-COLD,Temperature,Row B Cold Aisle,NWK-R11,Newark,20.9,°C,18.0,27.0,OK,2024-10-28,v2.1.6
2025-02-18 02:00:00,LEAK-NWK-07,Water Leak,Zone 7 Under-floor,,Newark,0,boolean,0,1,OK,2024-07-16,v2.1.6
2025-02-18 03:00:00,TEMP-STM-E-HOT,Temperature,Row E Hot Aisle,STM-R45,Stamford,37.1,°C,25.0,45.0,OK,2024-12-17,v2.2.1
2025-02-18 04:00:00,TEMP-NWK-C-HOT,Temperature,Row C Hot Aisle,NWK-R25,Newark,35.4,°C,25.0,45.0,OK,2024-07-19,v2.1.4
2025-02-18 04:00:00,TEMP-STM-E-HOT,Temperature,Row E Hot Aisle,STM-R45,Stamford,36.2,°C,25.0,45.0,OK,2024-11-18,v2.1.6
2025-02-18 04:00:00,TEMP-NWK-G-HOT,Temperature,Row G Hot Aisle,NWK-R65,Newark,31.2,°C,25.0,45.0,OK,2024-12-17,v2.1.6
2025-02-18 04:00:00,PWR-STM-UPS2,UPS Load,UPS-S2,,Stamford,85.2,kW,0,200,OK,2024-09-03,v2.1.4
2025-02-18 04:00:00,LEAK-NWK-08,Water Leak,Zone 8 Under-floor,,Newark,0,boolean,0,1,OK,2024-10-14,v2.2.0
2025-02-18 04:00:00,LEAK-NWK-07,Water Leak,Zone 7 Under-floor,,Newark,0,boolean,0,1,OK,2024-06-04,v2.2.0
2025-02-18 05:00:00,TEMP-NWK-C-HOT,Temperature,Row C Hot Aisle,NWK-R25,Newark,35.7,°C,25.0,45.0,OK,2024-10-16,v2.1.4
2025-02-18 05:00:00,TEMP-STM-E-HOT,Temperature,Row E Hot Aisle,STM-R45,Stamford,37.1,°C,25.0,45.0,OK,2024-08-04,v2.2.0
2025-02-18 05:00:00,AIRFLOW-STM-C,Airflow,Row C Floor Tile,STM-R22,Stamford,1400,CFM,200,2000,OK,2024-12-20,v2.1.4
2025-02-18 06:00:00,TEMP-STM-E-HOT,Temperature,Row E Hot Aisle,STM-R45,Stamford,37.6,°C,25.0,45.0,OK,2024-06-28,v2.2.1
2025-02-18 06:00:00,AIRFLOW-NWK-F,Airflow,Row F Floor Tile,NWK-R52,Newark,756,CFM,200,2000,OK,2024-11-18,v2.1.6
2025-02-18 06:00:00,CRAC-NWK-1-RET,CRAC Return Temp,CRAC-N1 Return,,Newark,29.3,°C,20.0,35.0,OK,2024-11-08,v2.1.6
2025-02-18 06:00:00,HUMID-STM-D,Humidity,Row D,STM-R33,Stamford,53.3,%RH,30.0,60.0,OK,2024-12-03,v2.2.1
2025-02-18 07:00:00,TEMP-NWK-C-HOT,Temperature,Row C Hot Aisle,NWK-R25,Newark,35.2,°C,25.0,45.0,OK,2024-09-02,v2.2.0
2025-02-18 07:00:00,TEMP-STM-E-HOT,Temperature,Row E Hot Aisle,STM-R45,Stamford,37.3,°C,25.0,45.0,OK,2024-07-17,v2.1.4
2025-02-18 07:00:00,HUMID-NWK-B,Humidity,Row B,NWK-R13,Newark,50.0,%RH,30.0,60.0,OK,2024-09-02,v2.1.6
2025-02-18 08:00:00,TEMP-NWK-C-HOT,Temperature,Row C Hot Aisle,NWK-R25,Newark,35.3,°C,25.0,45.0,OK,2024-12-16,v2.2.0
2025-02-18 08:00:00,TEMP-STM-E-HOT,Temperature,Row E Hot Aisle,STM-R45,Stamford,37.5,°C,25.0,45.0,OK,2024-08-19,v2.2.1
2025-02-18 08:00:00,AIRFLOW-NWK-D,Airflow,Row D Floor Tile,NWK-R32,Newark,1287,CFM,200,2000,OK,2024-10-10,v2.2.0
2025-02-18 08:00:00,PWR-NWK-UPS4,UPS Load,UPS-N4,,Newark,96.5,kW,0,200,OK,2024-11-27,v2.2.1
2025-02-18 09:00:00,TEMP-NWK-C-HOT,Temperature,Row C Hot Aisle,NWK-R25,Newark,35.1,°C,25.0,45.0,OK,2024-06-23,v2.1.6
2025-02-18 09:00:00,TEMP-STM-E-HOT,Temperature,Row E Hot Aisle,STM-R45,Stamford,35.8,°C,25.0,45.0,OK,2024-10-17,v2.1.4
2025-02-18 09:00:00,CRAC-STM-4-SUP,CRAC Supply Temp,CRAC-S4 Supply,,Stamford,36.0,°C,10.0,18.0,OK,2024-12-07,v2.1.4
2025-02-18 10:00:00,TEMP-STM-E-HOT,Temperature,Row E Hot Aisle,STM-R45,Stamford,37.5,°C,25.0,45.0,OK,2024-06-26,v2.1.6
2025-02-18 10:00:00,TEMP-NWK-A-COLD,Temperature,Row A Cold Aisle,NWK-R01,Newark,21.5,°C,18.0,27.0,OK,2024-09-09,v2.2.0
2025-02-18 10:00:00,LEAK-NWK-03,Water Leak,Zone 3 Under-floor,,Newark,0,boolean,0,1,OK,2024-07-19,v2.2.1
2025-02-18 10:00:00,LEAK-NWK-07,Water Leak,Zone 7 Under-floor,,Newark,0,boolean,0,1,OK,2024-10-03,v2.1.6
2025-02-18 10:00:00,HUMID-NWK-G,Humidity,Row G,NWK-R63,Newark,50.6,%RH,30.0,60.0,OK,2024-11-12,v2.1.4
2025-02-18 11:00:00,TEMP-STM-E-HOT,Temperature,Row E Hot Aisle,STM-R45,Stamford,35.2,°C,25.0,45.0,OK,2024-09-13,v2.2.1
2025-02-18 11:00:00,HUMID-STM-A,Humidity,Row A,STM-R03,Stamford,48.1,%RH,30.0,60.0,OK,2024-06-26,v2.1.4
2025-02-18 11:00:00,LEAK-NWK-05,Water Leak,Zone 5 Under-floor,,Newark,0,boolean,0,1,OK,2024-07-22,v2.2.1
2025-02-18 11:00:00,TEMP-STM-D-COLD,Temperature,Row D Cold Aisle,STM-R31,Stamford,21.1,°C,18.0,27.0,OK,2024-06-14,v2.2.0
2025-02-18 12:00:00,TEMP-STM-E-HOT,Temperature,Row E Hot Aisle,STM-R45,Stamford,35.1,°C,25.0,45.0,OK,2024-08-21,v2.1.6
2025-02-18 12:00:00,TEMP-STM-A-HOT,Temperature,Row A Hot Aisle,STM-R05,Stamford,30.3,°C,25.0,45.0,OK,2024-08-24,v2.2.1
2025-02-18 12:00:00,TEMP-NWK-D-HOT,Temperature,Row D Hot Aisle,NWK-R35,Newark,28.4,°C,25.0,45.0,OK,2024-06-06,v2.2.0
2025-02-18 12:00:00,CRAC-STM-2-RET,CRAC Return Temp,CRAC-S2 Return,,Stamford,29.3,°C,20.0,35.0,OK,2024-06-14,v2.2.1
2025-02-18 12:00:00,HUMID-STM-A,Humidity,Row A,STM-R03,Stamford,48.0,%RH,30.0,60.0,OK,2024-12-21,v2.2.0
2025-02-18 13:00:00,TEMP-STM-E-HOT,Temperature,Row E Hot Aisle,STM-R45,Stamford,35.4,°C,25.0,45.0,OK,2024-06-08,v2.1.6
2025-02-18 13:00:00,TEMP-NWK-G-COLD,Temperature,Row G Cold Aisle,NWK-R61,Newark,19.6,°C,18.0,27.0,OK,2024-11-23,v2.2.0
2025-02-18 13:00:00,TEMP-STM-C-HOT,Temperature,Row C Hot Aisle,STM-R25,Stamford,31.2,°C,25.0,45.0,OK,2024-07-21,v2.1.4
2025-02-18 13:00:00,PWR-NWK-UPS4,UPS Load,UPS-N4,,Newark,92.0,kW,0,200,OK,2024-08-19,v2.2.1
2025-02-18 14:00:00,AIRFLOW-NWK-C,Airflow,Row C Floor Tile,NWK-R22,Newark,1077,CFM,200,2000,OK,2024-12-24,v2.2.1
2025-02-18 14:00:00,AIRFLOW-NWK-E,Airflow,Row E Floor Tile,NWK-R42,Newark,661,CFM,200,2000,OK,2024-10-12,v2.2.1
2025-02-18 14:00:00,TEMP-NWK-E-HOT,Temperature,Row E Hot Aisle,NWK-R45,Newark,27.0,°C,25.0,45.0,OK,2024-09-01,v2.2.0
2025-02-18 15:00:00,LEAK-NWK-06,Water Leak,Zone 6 Under-floor,,Newark,0,boolean,0,1,OK,2024-08-07,v2.2.0
2025-02-18 15:00:00,CRAC-STM-1-RET,CRAC Return Temp,CRAC-S1 Return,,Stamford,30.2,°C,20.0,35.0,OK,2024-06-24,v2.1.6
2025-02-18 16:00:00,PWR-STM-UPS1,UPS Load,UPS-S1,,Stamford,68.9,kW,0,200,OK,2024-10-23,v2.2.1
2025-02-18 16:00:00,CRAC-NWK-2-RET,CRAC Return Temp,CRAC-N2 Return,,Newark,28.7,°C,20.0,35.0,OK,2024-09-03,v2.1.6
2025-02-18 17:00:00,TEMP-STM-C-COLD,Temperature,Row C Cold Aisle,STM-R21,Stamford,20.0,°C,18.0,27.0,OK,2024-12-22,v2.1.4
2025-02-18 18:00:00,TEMP-STM-D-COLD,Temperature,Row D Cold Aisle,STM-R31,Stamford,19.3,°C,18.0,27.0,OK,2024-12-12,v2.1.6
2025-02-18 18:00:00,HUMID-STM-E,Humidity,Row E,STM-R43,Stamford,41.3,%RH,30.0,60.0,OK,2024-06-13,v2.2.1
2025-02-18 18:00:00,LEAK-NWK-04,Water Leak,Zone 4 Under-floor,,Newark,0,boolean,0,1,OK,2024-09-25,v2.1.6
2025-02-18 19:00:00,AIRFLOW-STM-E,Airflow,Row E Floor Tile,STM-R42,Stamford,822,CFM,200,2000,OK,2024-12-01,v2.1.4
2025-02-18 19:00:00,LEAK-STM-02,Water Leak,Zone 2 Under-floor,,Stamford,0,boolean,0,1,OK,2024-09-22,v2.2.0
2025-02-18 20:00:00,HUMID-STM-B,Humidity,Row B,STM-R13,Stamford,46.8,%RH,30.0,60.0,OK,2024-11-24,v2.1.6
2025-02-18 21:00:00,TEMP-STM-D-COLD,Temperature,Row D Cold Aisle,STM-R31,Stamford,19.9,°C,18.0,27.0,OK,2024-11-17,v2.1.6
2025-02-18 21:00:00,TEMP-NWK-B-HOT,Temperature,Row B Hot Aisle,NWK-R15,Newark,28.7,°C,25.0,45.0,OK,2024-09-07,v2.2.0
2025-02-18 22:00:00,HUMID-NWK-D,Humidity,Row D,NWK-R33,Newark,47.6,%RH,30.0,60.0,OK,2024-09-28,v2.1.6
2025-02-18 23:00:00,TEMP-STM-E-HOT,Temperature,Row E Hot Aisle,STM-R45,Stamford,36.0,°C,25.0,45.0,OK,2024-09-08,v2.1.4
2025-02-18 23:00:00,TEMP-NWK-G-COLD,Temperature,Row G Cold Aisle,NWK-R61,Newark,19.2,°C,18.0,27.0,OK,2024-10-12,v2.1.4
2025-02-18 23:00:00,CRAC-NWK-2-RET,CRAC Return Temp,CRAC-N2 Return,,Newark,31.3,°C,20.0,35.0,OK,2024-07-01,v2.2.0
2025-02-19 00:00:00,TEMP-STM-A-COLD,Temperature,Row A Cold Aisle,STM-R01,Stamford,19.2,°C,18.0,27.0,OK,2024-07-22,v2.1.4
2025-02-19 00:00:00,CRAC-NWK-1-SUP,CRAC Supply Temp,CRAC-N1 Supply,,Newark,15.2,°C,10.0,18.0,OK,2024-07-12,v2.2.0
2025-02-19 00:00:00,TEMP-STM-D-HOT,Temperature,Row D Hot Aisle,STM-R35,Stamford,30.6,°C,25.0,45.0,OK,2024-06-26,v2.2.0
2025-02-19 01:00:00,TEMP-STM-E-HOT,Temperature,Row E Hot Aisle,STM-R45,Stamford,35.2,°C,25.0,45.0,OK,2024-12-22,v2.2.1
2025-02-19 01:00:00,TEMP-NWK-B-HOT,Temperature,Row B Hot Aisle,NWK-R15,Newark,31.0,°C,25.0,45.0,OK,2024-12-24,v2.1.6
2025-02-19 01:00:00,HUMID-NWK-A,Humidity,Row A,NWK-R03,Newark,49.9,%RH,30.0,60.0,OK,2024-12-09,v2.1.4
2025-02-19 02:00:00,TEMP-STM-E-HOT,Temperature,Row E Hot Aisle,STM-R45,Stamford,35.4,°C,25.0,45.0,OK,2024-12-27,v2.1.6
2025-02-19 02:00:00,TEMP-NWK-D-COLD,Temperature,Row D Cold Aisle,NWK-R31,Newark,22.1,°C,18.0,27.0,OK,2024-06-25,v2.1.6
2025-02-19 03:00:00,TEMP-STM-E-HOT,Temperature,Row E Hot Aisle,STM-R45,Stamford,36.1,°C,25.0,45.0,OK,2024-12-07,v2.1.6
2025-02-19 04:00:00,TEMP-NWK-C-HOT,Temperature,Row C Hot Aisle,NWK-R25,Newark,35.5,°C,25.0,45.0,OK,2024-10-22,v2.2.1
2025-02-19 04:00:00,TEMP-STM-E-HOT,Temperature,Row E Hot Aisle,STM-R45,Stamford,36.5,°C,25.0,45.0,OK,2024-07-18,v2.1.4
2025-02-19 04:00:00,LEAK-NWK-01,Water Leak,Zone 1 Under-floor,,Newark,0,boolean,0,1,OK,2024-11-25,v2.2.0
2025-02-19 05:00:00,TEMP-NWK-C-HOT,Temperature,Row C Hot Aisle,NWK-R25,Newark,35.2,°C,25.0,45.0,OK,2024-07-12,v2.1.6
2025-02-19 05:00:00,TEMP-STM-E-HOT,Temperature,Row E Hot Aisle,STM-R45,Stamford,37.8,°C,25.0,45.0,OK,2024-08-27,v2.1.6
2025-02-19 05:00:00,TEMP-STM-B-COLD,Temperature,Row B Cold Aisle,STM-R11,Stamford,20.4,°C,18.0,27.0,OK,2024-11-05,v2.1.4
2025-02-19 05:00:00,TEMP-STM-B-HOT,Temperature,Row B Hot Aisle,STM-R15,Stamford,31.2,°C,25.0,45.0,OK,2024-07-23,v2.2.0
2025-02-19 05:00:00,HUMID-STM-B,Humidity,Row B,STM-R13,Stamford,49.0,%RH,30.0,60.0,OK,2024-08-17,v2.2.1
2025-02-19 05:00:00,CRAC-NWK-2-SUP,CRAC Supply Temp,CRAC-N2 Supply,,Newark,14.4,°C,10.0,18.0,OK,2024-06-24,v2.2.0
2025-02-19 06:00:00,TEMP-STM-E-HOT,Temperature,Row E Hot Aisle,STM-R45,Stamford,37.3,°C,25.0,45.0,OK,2024-10-25,v2.1.4
2025-02-19 06:00:00,CRAC-STM-1-RET,CRAC Return Temp,CRAC-S1 Return,,Stamford,36.4,°C,20.0,35.0,OK,2024-09-10,v2.2.1
2025-02-19 06:00:00,PWR-STM-UPS1,UPS Load,UPS-S1,,Stamford,75.8,kW,0,200,OK,2024-12-06,v2.2.0
2025-02-19 06:00:00,TEMP-NWK-B-HOT,Temperature,Row B Hot Aisle,NWK-R15,Newark,31.5,°C,25.0,45.0,OK,2024-09-07,v2.1.4
2025-02-19 06:00:00,CRAC-NWK-4-RET,CRAC Return Temp,CRAC-N4 Return,,Newark,31.2,°C,20.0,35.0,OK,2024-12-09,v2.2.1
2025-02-19 06:00:00,TEMP-STM-C-COLD,Temperature,Row C Cold Aisle,STM-R21,Stamford,22.0,°C,18.0,27.0,OK,2024-07-16,v2.1.4
2025-02-19 06:00:00,TEMP-NWK-C-HOT,Temperature,Row C Hot Aisle,NWK-R25,Newark,34.8,°C,25.0,45.0,OK,2024-06-22,v2.2.0
2025-02-19 07:00:00,TEMP-NWK-C-HOT,Temperature,Row C Hot Aisle,NWK-R25,Newark,35.3,°C,25.0,45.0,OK,2024-12-26,v2.2.0
2025-02-19 07:00:00,TEMP-STM-D-HOT,Temperature,Row D Hot Aisle,STM-R35,Stamford,36.4,°C,25.0,45.0,OK,2024-10-23,v2.2.1
2025-02-19 07:00:00,TEMP-STM-E-HOT,Temperature,Row E Hot Aisle,STM-R45,Stamford,36.4,°C,25.0,45.0,OK,2024-11-19,v2.2.0
2025-02-19 07:00:00,AIRFLOW-STM-B,Airflow,Row B Floor Tile,STM-R12,Stamford,836,CFM,200,2000,OK,2024-07-23,v2.1.6
2025-02-19 08:00:00,TEMP-STM-E-HOT,Temperature,Row E Hot Aisle,STM-R45,Stamford,36.1,°C,25.0,45.0,OK,2024-06-23,v2.1.6
2025-02-19 08:00:00,CRAC-NWK-5-SUP,CRAC Supply Temp,CRAC-N5 Supply,,Newark,15.6,°C,10.0,18.0,OK,2024-11-14,v2.2.1
2025-02-19 08:00:00,TEMP-NWK-G-COLD,Temperature,Row G Cold Aisle,NWK-R61,Newark,20.3,°C,18.0,27.0,OK,2024-12-22,v2.1.4
2025-02-19 08:00:00,AIRFLOW-STM-A,Airflow,Row A Floor Tile,STM-R02,Stamford,820,CFM,200,2000,OK,2024-06-07,v2.2.0
2025-02-19 09:00:00,TEMP-NWK-C-HOT,Temperature,Row C Hot Aisle,NWK-R25,Newark,35.2,°C,25.0,45.0,OK,2024-10-07,v2.2.1
2025-02-19 09:00:00,TEMP-STM-E-HOT,Temperature,Row E Hot Aisle,STM-R45,Stamford,37.8,°C,25.0,45.0,OK,2024-11-04,v2.1.4
2025-02-19 09:00:00,LEAK-NWK-04,Water Leak,Zone 4 Under-floor,,Newark,0,boolean,0,1,OK,2024-10-04,v2.2.0
2025-02-19 10:00:00,TEMP-STM-E-HOT,Temperature,Row E Hot Aisle,STM-R45,Stamford,37.2,°C,25.0,45.0,OK,2024-06-25,v2.1.4
2025-02-19 10:00:00,LEAK-STM-03,Water Leak,Zone 3 Under-floor,,Stamford,0,boolean,0,1,OK,2024-10-20,v2.1.6
2025-02-19 10:00:00,TEMP-NWK-G-HOT,Temperature,Row G Hot Aisle,NWK-R65,Newark,29.9,°C,25.0,45.0,OK,2024-06-10,v2.2.0
2025-02-19 11:00:00,TEMP-STM-E-HOT,Temperature,Row E Hot Aisle,STM-R45,Stamford,35.4,°C,25.0,45.0,OK,2024-09-09,v2.2.1
2025-02-19 11:00:00,TEMP-STM-C-HOT,Temperature,Row C Hot Aisle,STM-R25,Stamford,31.4,°C,25.0,45.0,OK,2024-07-13,v2.2.0
2025-02-19 11:00:00,CRAC-STM-1-SUP,CRAC Supply Temp,CRAC-S1 Supply,,Stamford,14.5,°C,10.0,18.0,OK,2024-11-08,v2.2.1
2025-02-19 12:00:00,TEMP-STM-E-HOT,Temperature,Row E Hot Aisle,STM-R45,Stamford,36.2,°C,25.0,45.0,OK,2024-07-17,v2.1.4
2025-02-19 12:00:00,LEAK-NWK-08,Water Leak,Zone 8 Under-floor,,Newark,0,boolean,0,1,OK,2024-09-15,v2.1.4
2025-02-19 12:00:00,TEMP-NWK-G-HOT,Temperature,Row G Hot Aisle,NWK-R65,Newark,29.4,°C,25.0,45.0,OK,2024-11-10,v2.2.1
2025-02-19 12:00:00,TEMP-NWK-D-HOT,Temperature,Row D Hot Aisle,NWK-R35,Newark,29.2,°C,25.0,45.0,OK,2024-08-12,v2.2.1
2025-02-19 13:00:00,TEMP-STM-E-HOT,Temperature,Row E Hot Aisle,STM-R45,Stamford,35.8,°C,25.0,45.0,OK,2024-11-05,v2.2.1
2025-02-19 13:00:00,TEMP-NWK-B-HOT,Temperature,Row B Hot Aisle,NWK-R15,Newark,29.6,°C,25.0,45.0,OK,2024-12-21,v2.2.1
2025-02-19 14:00:00,LEAK-NWK-02,Water Leak,Zone 2 Under-floor,,Newark,0,boolean,0,1,OK,2024-10-05,v2.1.4
2025-02-19 15:00:00,CRAC-NWK-3-SUP,CRAC Supply Temp,CRAC-N3 Supply,,Newark,13.4,°C,10.0,18.0,OK,2024-07-23,v2.2.1
2025-02-19 15:00:00,LEAK-NWK-02,Water Leak,Zone 2 Under-floor,,Newark,0,boolean,0,1,OK,2024-06-16,v2.1.6
2025-02-19 15:00:00,LEAK-NWK-07,Water Leak,Zone 7 Under-floor,,Newark,0,boolean,0,1,OK,2024-11-28,v2.2.0
2025-02-19 16:00:00,PWR-STM-UPS2,UPS Load,UPS-S2,,Stamford,78.3,kW,0,200,OK,2024-09-28,v2.2.1
2025-02-19 16:00:00,TEMP-NWK-A-HOT,Temperature,Row A Hot Aisle,NWK-R05,Newark,26.7,°C,25.0,45.0,OK,2024-07-17,v2.2.1
2025-02-19 16:00:00,CRAC-NWK-1-RET,CRAC Return Temp,CRAC-N1 Return,,Newark,26.8,°C,20.0,35.0,OK,2024-12-02,v2.2.1
2025-02-19 16:00:00,LEAK-NWK-03,Water Leak,Zone 3 Under-floor,,Newark,0,boolean,0,1,OK,2024-10-14,v2.2.1
2025-02-19 17:00:00,AIRFLOW-STM-E,Airflow,Row E Floor Tile,STM-R42,Stamford,743,CFM,200,2000,OK,2024-10-26,v2.1.4
2025-02-19 18:00:00,TEMP-NWK-G-COLD,Temperature,Row G Cold Aisle,NWK-R61,Newark,18.5,°C,18.0,27.0,OK,2024-07-11,v2.2.0
2025-02-19 18:00:00,LEAK-NWK-05,Water Leak,Zone 5 Under-floor,,Newark,0,boolean,0,1,OK,2024-09-26,v2.2.1
2025-02-19 19:00:00,AIRFLOW-STM-C,Airflow,Row C Floor Tile,STM-R22,Stamford,1225,CFM,200,2000,OK,2024-11-22,v2.1.4
2025-02-19 19:00:00,LEAK-NWK-06,Water Leak,Zone 6 Under-floor,,Newark,0,boolean,0,1,OK,2024-09-13,v2.1.4
2025-02-19 20:00:00,CRAC-NWK-6-SUP,CRAC Supply Temp,CRAC-N6 Supply,,Newark,14.3,°C,10.0,18.0,OK,2024-08-09,v2.2.0
2025-02-19 20:00:00,TEMP-STM-D-COLD,Temperature,Row D Cold Aisle,STM-R31,Stamford,19.0,°C,18.0,27.0,OK,2024-07-25,v2.1.4
2025-02-19 21:00:00,LEAK-NWK-02,Water Leak,Zone 2 Under-floor,,Newark,0,boolean,0,1,OK,2024-10-11,v2.1.4
2025-02-19 21:00:00,TEMP-NWK-A-COLD,Temperature,Row A Cold Aisle,NWK-R01,Newark,19.9,°C,18.0,27.0,OK,2024-12-21,v2.1.4
2025-02-19 21:00:00,PWR-NWK-UPS4,UPS Load,UPS-N4,,Newark,88.5,kW,0,200,OK,2024-10-25,v2.2.0
2025-02-19 21:00:00,HUMID-NWK-D,Humidity,Row D,NWK-R33,Newark,47.5,%RH,30.0,60.0,OK,2024-10-23,v2.1.4
2025-02-19 21:00:00,TEMP-STM-D-HOT,Temperature,Row D Hot Aisle,STM-R35,Stamford,28.3,°C,25.0,45.0,OK,2024-10-18,v2.1.6
2025-02-19 21:00:00,HUMID-NWK-B,Humidity,Row B,NWK-R13,Newark,46.6,%RH,30.0,60.0,OK,2024-10-07,v2.2.1
2025-02-19 22:00:00,TEMP-STM-E-HOT,Temperature,Row E Hot Aisle,STM-R45,Stamford,35.3,°C,25.0,45.0,OK,2024-08-11,v2.2.1
2025-02-19 22:00:00,TEMP-STM-A-HOT,Temperature,Row A Hot Aisle,STM-R05,Stamford,28.8,°C,25.0,45.0,OK,2024-08-09,v2.1.4
2025-02-19 23:00:00,CRAC-NWK-4-SUP,CRAC Supply Temp,CRAC-N4 Supply,,Newark,13.6,°C,10.0,18.0,OK,2024-12-19,v2.2.0
2025-02-20 00:00:00,LEAK-NWK-04,Water Leak,Zone 4 Under-floor,,Newark,0,boolean,0,1,OK,2024-10-23,v2.2.0
2025-02-20 01:00:00,TEMP-STM-E-HOT,Temperature,Row E Hot Aisle,STM-R45,Stamford,35.5,°C,25.0,45.0,OK,2024-12-13,v2.2.1
2025-02-20 01:00:00,TEMP-STM-B-COLD,Temperature,Row B Cold Aisle,STM-R11,Stamford,19.7,°C,18.0,27.0,OK,2024-06-07,v2.2.0
2025-02-20 02:00:00,TEMP-STM-E-HOT,Temperature,Row E Hot Aisle,STM-R45,Stamford,36.8,°C,25.0,45.0,OK,2024-06-22,v2.2.0
2025-02-20 02:00:00,PWR-STM-UPS2,UPS Load,UPS-S2,,Stamford,81.9,kW,0,200,OK,2024-06-18,v2.1.4
2025-02-20 02:00:00,AIRFLOW-NWK-E,Airflow,Row E Floor Tile,NWK-R42,Newark,640,CFM,200,2000,OK,2024-09-04,v2.2.0
2025-02-20 02:00:00,PWR-STM-UPS1,UPS Load,UPS-S1,,Stamford,71.7,kW,0,200,OK,2024-06-13,v2.2.0
2025-02-20 03:00:00,TEMP-NWK-C-HOT,Temperature,Row C Hot Aisle,NWK-R25,Newark,35.6,°C,25.0,45.0,OK,2024-11-04,v2.2.1
2025-02-20 03:00:00,TEMP-STM-E-HOT,Temperature,Row E Hot Aisle,STM-R45,Stamford,37.7,°C,25.0,45.0,OK,2024-09-07,v2.2.1
2025-02-20 03:00:00,CRAC-STM-2-SUP,CRAC Supply Temp,CRAC-S2 Supply,,Stamford,15.6,°C,10.0,18.0,OK,2024-06-14,v2.2.0
2025-02-20 04:00:00,TEMP-NWK-C-HOT,Temperature,Row C Hot Aisle,NWK-R25,Newark,35.6,°C,25.0,45.0,OK,2024-08-01,v2.2.0
2025-02-20 04:00:00,TEMP-STM-E-HOT,Temperature,Row E Hot Aisle,STM-R45,Stamford,36.7,°C,25.0,45.0,OK,2024-12-22,v2.2.1
2025-02-20 04:00:00,CRAC-STM-4-RET,CRAC Return Temp,CRAC-S4 Return,,Stamford,29.6,°C,20.0,35.0,OK,2024-11-09,v2.2.1
2025-02-20 04:00:00,TEMP-STM-A-COLD,Temperature,Row A Cold Aisle,STM-R01,Stamford,20.5,°C,18.0,27.0,OK,2024-07-16,v2.2.0
2025-02-20 04:00:00,PWR-STM-UPS2,UPS Load,UPS-S2,,Stamford,86.7,kW,0,200,OK,2024-07-07,v2.2.1
2025-02-20 05:00:00,TEMP-STM-E-HOT,Temperature,Row E Hot Aisle,STM-R45,Stamford,37.6,°C,25.0,45.0,OK,2024-11-20,v2.2.1
2025-02-20 05:00:00,TEMP-NWK-G-COLD,Temperature,Row G Cold Aisle,NWK-R61,Newark,20.4,°C,18.0,27.0,OK,2024-10-04,v2.1.6
2025-02-20 05:00:00,HUMID-NWK-D,Humidity,Row D,NWK-R33,Newark,50.1,%RH,30.0,60.0,OK,2024-11-15,v2.1.6
2025-02-20 05:00:00,TEMP-STM-B-HOT,Temperature,Row B Hot Aisle,STM-R15,Stamford,31.8,°C,25.0,45.0,OK,2024-07-19,v2.1.4
2025-02-20 06:00:00,TEMP-STM-E-HOT,Temperature,Row E Hot Aisle,STM-R45,Stamford,37.2,°C,25.0,45.0,OK,2024-08-27,v2.2.1
2025-02-20 06:00:00,AIRFLOW-STM-B,Airflow,Row B Floor Tile,STM-R12,Stamford,826,CFM,200,2000,OK,2024-06-12,v2.2.0
2025-02-20 07:00:00,TEMP-STM-E-HOT,Temperature,Row E Hot Aisle,STM-R45,Stamford,37.4,°C,25.0,45.0,OK,2024-07-09,v2.2.1
2025-02-20 07:00:00,TEMP-NWK-D-HOT,Temperature,Row D Hot Aisle,NWK-R35,Newark,30.1,°C,25.0,45.0,OK,2024-12-01,v2.1.4
2025-02-20 07:00:00,AIRFLOW-STM-E,Airflow,Row E Floor Tile,STM-R42,Stamford,898,CFM,200,2000,OK,2024-10-25,v2.1.6
2025-02-20 07:00:00,LEAK-NWK-07,Water Leak,Zone 7 Under-floor,,Newark,0,boolean,0,1,OK,2024-09-06,v2.2.0
2025-02-20 08:00:00,TEMP-STM-E-HOT,Temperature,Row E Hot Aisle,STM-R45,Stamford,37.6,°C,25.0,45.0,OK,2024-08-20,v2.2.1
2025-02-20 08:00:00,HUMID-STM-A,Humidity,Row A,STM-R03,Stamford,49.6,%RH,30.0,60.0,OK,2024-12-10,v2.2.0
2025-02-20 09:00:00,TEMP-STM-E-HOT,Temperature,Row E Hot Aisle,STM-R45,Stamford,36.6,°C,25.0,45.0,OK,2024-12-02,v2.1.4
2025-02-20 09:00:00,TEMP-NWK-A-HOT,Temperature,Row A Hot Aisle,NWK-R05,Newark,28.4,°C,25.0,45.0,OK,2024-08-14,v2.1.4
2025-02-20 09:00:00,HUMID-STM-E,Humidity,Row E,STM-R43,Stamford,44.3,%RH,30.0,60.0,OK,2024-10-13,v2.2.0
2025-02-20 10:00:00,TEMP-STM-E-HOT,Temperature,Row E Hot Aisle,STM-R45,Stamford,36.4,°C,25.0,45.0,OK,2024-09-06,v2.2.0
2025-02-20 11:00:00,TEMP-STM-E-HOT,Temperature,Row E Hot Aisle,STM-R45,Stamford,35.5,°C,25.0,45.0,OK,2024-12-25,v2.2.1
2025-02-20 11:00:00,AIRFLOW-STM-A,Airflow,Row A Floor Tile,STM-R02,Stamford,841,CFM,200,2000,OK,2024-09-23,v2.2.0
2025-02-20 12:00:00,TEMP-STM-E-HOT,Temperature,Row E Hot Aisle,STM-R45,Stamford,35.9,°C,25.0,45.0,OK,2024-07-04,v2.2.0
2025-02-20 12:00:00,CRAC-NWK-1-SUP,CRAC Supply Temp,CRAC-N1 Supply,,Newark,15.2,°C,10.0,18.0,OK,2024-08-09,v2.1.6
2025-02-20 13:00:00,TEMP-STM-E-HOT,Temperature,Row E Hot Aisle,STM-R45,Stamford,35.5,°C,25.0,45.0,OK,2024-07-10,v2.2.0
2025-02-20 14:00:00,TEMP-STM-E-HOT,Temperature,Row E Hot Aisle,STM-R45,Stamford,35.5,°C,25.0,45.0,OK,2024-09-09,v2.2.1
2025-02-20 14:00:00,HUMID-NWK-G,Humidity,Row G,NWK-R63,Newark,48.3,%RH,30.0,60.0,OK,2024-07-10,v2.1.6
2025-02-20 14:00:00,LEAK-STM-03,Water Leak,Zone 3 Under-floor,,Stamford,0,boolean,0,1,OK,2024-08-24,v2.1.4
2025-02-20 14:00:00,CRAC-STM-2-SUP,CRAC Supply Temp,CRAC-S2 Supply,,Stamford,14.8,°C,10.0,18.0,OK,2024-07-14,v2.2.0
2025-02-20 14:00:00,TEMP-NWK-G-HOT,Temperature,Row G Hot Aisle,NWK-R65,Newark,28.5,°C,25.0,45.0,OK,2024-08-12,v2.2.0
2025-02-20 15:00:00,CRAC-STM-4-RET,CRAC Return Temp,CRAC-S4 Return,,Stamford,26.9,°C,20.0,35.0,OK,2024-06-12,v2.2.1
2025-02-20 16:00:00,HUMID-NWK-G,Humidity,Row G,NWK-R63,Newark,49.3,%RH,30.0,60.0,OK,2024-09-15,v2.2.1
2025-02-20 16:00:00,CRAC-NWK-6-SUP,CRAC Supply Temp,CRAC-N6 Supply,,Newark,14.5,°C,10.0,18.0,OK,2024-09-09,v2.1.6
2025-02-20 16:00:00,TEMP-NWK-F-HOT,Temperature,Row F Hot Aisle,NWK-R55,Newark,30.5,°C,25.0,45.0,OK,2024-10-18,v2.2.0
2025-02-20 17:00:00,HUMID-STM-C,Humidity,Row C,STM-R23,Stamford,40.8,%RH,30.0,60.0,OK,2024-08-28,v2.2.1
2025-02-20 17:00:00,TEMP-NWK-C-HOT,Temperature,Row C Hot Aisle,NWK-R25,Newark,31.9,°C,25.0,45.0,OK,2024-06-27,v2.1.6
2025-02-20 19:00:00,CRAC-NWK-5-RET,CRAC Return Temp,CRAC-N5 Return,,Newark,28.4,°C,20.0,35.0,OK,2024-09-26,v2.1.4
2025-02-20 19:00:00,PWR-NWK-UPS4,UPS Load,UPS-N4,,Newark,89.1,kW,0,200,OK,2024-12-11,v2.2.0
2025-02-20 19:00:00,HUMID-NWK-A,Humidity,Row A,NWK-R03,Newark,46.5,%RH,30.0,60.0,OK,2024-06-02,v2.1.4
2025-02-20 20:00:00,TEMP-NWK-E-COLD,Temperature,Row E Cold Aisle,NWK-R41,Newark,36.3,°C,18.0,27.0,OK,2024-09-28,v2.2.1
2025-02-20 20:00:00,AIRFLOW-STM-D,Airflow,Row D Floor Tile,STM-R32,Stamford,1217,CFM,200,2000,OK,2024-12-26,v2.1.6
2025-02-20 20:00:00,LEAK-NWK-07,Water Leak,Zone 7 Under-floor,,Newark,0,boolean,0,1,OK,2024-06-09,v2.2.1
2025-02-20 20:00:00,CRAC-STM-3-SUP,CRAC Supply Temp,CRAC-S3 Supply,,Stamford,14.1,°C,10.0,18.0,OK,2024-08-20,v2.2.1
2025-02-20 21:00:00,TEMP-STM-E-HOT,Temperature,Row E Hot Aisle,STM-R45,Stamford,35.1,°C,25.0,45.0,OK,2024-11-02,v2.2.1
2025-02-20 21:00:00,LEAK-STM-03,Water Leak,Zone 3 Under-floor,,Stamford,0,boolean,0,1,OK,2024-08-20,v2.1.6
2025-02-20 22:00:00,HUMID-STM-C,Humidity,Row C,STM-R23,Stamford,42.7,%RH,30.0,60.0,OK,2024-11-04,v2.1.6
2025-02-20 22:00:00,PWR-NWK-UPS3,UPS Load,UPS-N3,,Newark,85.1,kW,0,200,OK,2024-12-19,v2.2.0
2025-02-20 23:00:00,TEMP-STM-E-HOT,Temperature,Row E Hot Aisle,STM-R45,Stamford,35.5,°C,25.0,45.0,OK,2024-10-21,v2.1.6
2025-02-20 23:00:00,HUMID-STM-D,Humidity,Row D,STM-R33,Stamford,49.8,%RH,30.0,60.0,OK,2024-10-12,v2.2.1
2025-02-21 01:00:00,TEMP-STM-E-HOT,Temperature,Row E Hot Aisle,STM-R45,Stamford,36.3,°C,25.0,45.0,OK,2024-07-12,v2.1.6
2025-02-21 01:00:00,TEMP-NWK-G-COLD,Temperature,Row G Cold Aisle,NWK-R61,Newark,19.7,°C,18.0,27.0,OK,2024-07-21,v2.1.4
2025-02-21 02:00:00,TEMP-STM-E-HOT,Temperature,Row E Hot Aisle,STM-R45,Stamford,37.2,°C,25.0,45.0,OK,2024-08-22,v2.1.6
2025-02-21 02:00:00,TEMP-STM-D-HOT,Temperature,Row D Hot Aisle,STM-R35,Stamford,30.1,°C,25.0,45.0,OK,2024-11-27,v2.2.1
2025-02-21 02:00:00,TEMP-NWK-F-HOT,Temperature,Row F Hot Aisle,NWK-R55,Newark,31.9,°C,25.0,45.0,OK,2024-07-04,v2.2.0
2025-02-21 02:00:00,HUMID-NWK-A,Humidity,Row A,NWK-R03,Newark,50.6,%RH,30.0,60.0,OK,2024-10-12,v2.2.0
2025-02-21 02:00:00,AIRFLOW-NWK-C,Airflow,Row C Floor Tile,NWK-R22,Newark,1158,CFM,200,2000,OK,2024-09-09,v2.2.1
2025-02-21 03:00:00,TEMP-STM-E-HOT,Temperature,Row E Hot Aisle,STM-R45,Stamford,37.4,°C,25.0,45.0,OK,2024-07-15,v2.1.6
2025-02-21 03:00:00,CRAC-STM-4-RET,CRAC Return Temp,CRAC-S4 Return,,Stamford,36.0,°C,20.0,35.0,OK,2024-08-12,v2.1.6
2025-02-21 03:00:00,HUMID-NWK-G,Humidity,Row G,NWK-R63,Newark,50.8,%RH,30.0,60.0,OK,2024-11-08,v2.1.6
2025-02-21 03:00:00,TEMP-NWK-G-HOT,Temperature,Row G Hot Aisle,NWK-R65,Newark,30.1,°C,25.0,45.0,OK,2024-10-26,v2.1.4
2025-02-21 04:00:00,TEMP-STM-E-HOT,Temperature,Row E Hot Aisle,STM-R45,Stamford,36.7,°C,25.0,45.0,OK,2024-07-05,v2.2.1
2025-02-21 04:00:00,CRAC-NWK-4-RET,CRAC Return Temp,CRAC-N4 Return,,Newark,31.4,°C,20.0,35.0,OK,2024-10-10,v2.1.6
2025-02-21 04:00:00,HUMID-STM-D,Humidity,Row D,STM-R33,Stamford,50.1,%RH,30.0,60.0,OK,2024-11-27,v2.1.4
2025-02-21 04:00:00,LEAK-STM-05,Water Leak,Zone 5 Under-floor,,Stamford,0,boolean,0,1,OK,2024-11-18,v2.2.1
2025-02-21 05:00:00,TEMP-NWK-C-HOT,Temperature,Row C Hot Aisle,NWK-R25,Newark,35.3,°C,25.0,45.0,OK,2024-11-25,v2.2.0
2025-02-21 05:00:00,TEMP-STM-E-HOT,Temperature,Row E Hot Aisle,STM-R45,Stamford,38.3,°C,25.0,45.0,OK,2024-11-16,v2.2.1
2025-02-21 05:00:00,HUMID-STM-D,Humidity,Row D,STM-R33,Stamford,52.3,%RH,30.0,60.0,OK,2024-08-24,v2.2.1
2025-02-21 06:00:00,TEMP-NWK-C-HOT,Temperature,Row C Hot Aisle,NWK-R25,Newark,35.5,°C,25.0,45.0,OK,2024-06-03,v2.1.4
2025-02-21 06:00:00,TEMP-STM-E-HOT,Temperature,Row E Hot Aisle,STM-R45,Stamford,36.2,°C,25.0,45.0,OK,2024-10-06,v2.1.4
2025-02-21 06:00:00,TEMP-NWK-F-COLD,Temperature,Row F Cold Aisle,NWK-R51,Newark,20.7,°C,18.0,27.0,OK,2024-11-06,v2.2.0
2025-02-21 06:00:00,AIRFLOW-NWK-D,Airflow,Row D Floor Tile,NWK-R32,Newark,1151,CFM,200,2000,OK,2024-07-24,v2.2.0
2025-02-21 07:00:00,TEMP-NWK-C-HOT,Temperature,Row C Hot Aisle,NWK-R25,Newark,36.0,°C,25.0,45.0,OK,2024-08-02,v2.1.6
2025-02-21 07:00:00,TEMP-STM-E-HOT,Temperature,Row E Hot Aisle,STM-R45,Stamford,36.9,°C,25.0,45.0,OK,2024-11-22,v2.2.0
2025-02-21 07:00:00,CRAC-NWK-3-RET,CRAC Return Temp,CRAC-N3 Return,,Newark,28.6,°C,20.0,35.0,OK,2024-10-26,v2.2.1
2025-02-21 07:00:00,TEMP-STM-E-COLD,Temperature,Row E Cold Aisle,STM-R41,Stamford,20.8,°C,18.0,27.0,OK,2024-11-04,v2.2.0
2025-02-21 08:00:00,TEMP-NWK-C-HOT,Temperature,Row C Hot Aisle,NWK-R25,Newark,35.8,°C,25.0,45.0,OK,2024-06-14,v2.1.4
2025-02-21 08:00:00,TEMP-STM-E-HOT,Temperature,Row E Hot Aisle,STM-R45,Stamford,37.3,°C,25.0,45.0,OK,2024-08-06,v2.2.1
2025-02-21 08:00:00,HUMID-STM-D,Humidity,Row D,STM-R33,Stamford,50.7,%RH,30.0,60.0,OK,2024-09-14,v2.2.1
2025-02-21 08:00:00,TEMP-STM-D-COLD,Temperature,Row D Cold Aisle,STM-R31,Stamford,21.6,°C,18.0,27.0,OK,2024-11-04,v2.1.4
2025-02-21 09:00:00,TEMP-STM-E-HOT,Temperature,Row E Hot Aisle,STM-R45,Stamford,37.8,°C,25.0,45.0,OK,2024-09-18,v2.1.4
2025-02-21 10:00:00,TEMP-STM-E-HOT,Temperature,Row E Hot Aisle,STM-R45,Stamford,35.8,°C,25.0,45.0,OK,2024-11-12,v2.1.6
2025-02-21 10:00:00,CRAC-STM-1-SUP,CRAC Supply Temp,CRAC-S1 Supply,,Stamford,14.4,°C,10.0,18.0,OK,2024-11-07,v2.2.1
2025-02-21 11:00:00,TEMP-STM-E-HOT,Temperature,Row E Hot Aisle,STM-R45,Stamford,36.3,°C,25.0,45.0,OK,2024-06-10,v2.1.6
2025-02-21 11:00:00,CRAC-NWK-3-SUP,CRAC Supply Temp,CRAC-N3 Supply,,Newark,14.0,°C,10.0,18.0,OK,2024-11-19,v2.1.6
2025-02-21 11:00:00,TEMP-NWK-D-COLD,Temperature,Row D Cold Aisle,NWK-R31,Newark,21.5,°C,18.0,27.0,OK,2024-11-04,v2.1.6
2025-02-21 12:00:00,TEMP-STM-E-COLD,Temperature,Row E Cold Aisle,STM-R41,Stamford,19.7,°C,18.0,27.0,OK,2024-12-01,v2.2.1
2025-02-21 12:00:00,CRAC-NWK-4-RET,CRAC Return Temp,CRAC-N4 Return,,Newark,29.6,°C,20.0,35.0,OK,2024-12-12,v2.2.0
2025-02-21 12:00:00,LEAK-NWK-02,Water Leak,Zone 2 Under-floor,,Newark,0,boolean,0,1,OK,2024-07-08,v2.2.0
2025-02-21 13:00:00,TEMP-STM-E-HOT,Temperature,Row E Hot Aisle,STM-R45,Stamford,35.4,°C,25.0,45.0,OK,2024-10-16,v2.2.0
2025-02-21 14:00:00,TEMP-STM-E-HOT,Temperature,Row E Hot Aisle,STM-R45,Stamford,35.1,°C,25.0,45.0,OK,2024-11-16,v2.2.1
2025-02-21 14:00:00,TEMP-NWK-E-COLD,Temperature,Row E Cold Aisle,NWK-R41,Newark,20.6,°C,18.0,27.0,OK,2024-07-04,v2.2.1
2025-02-21 14:00:00,CRAC-NWK-3-SUP,CRAC Supply Temp,CRAC-N3 Supply,,Newark,13.8,°C,10.0,18.0,OK,2024-10-28,v2.1.6
2025-02-21 14:00:00,AIRFLOW-NWK-B,Airflow,Row B Floor Tile,NWK-R12,Newark,1289,CFM,200,2000,OK,2024-07-06,v2.2.1
2025-02-21 15:00:00,CRAC-STM-2-RET,CRAC Return Temp,CRAC-S2 Return,,Stamford,29.0,°C,20.0,35.0,OK,2024-10-05,v2.2.0
2025-02-21 15:00:00,AIRFLOW-NWK-A,Airflow,Row A Floor Tile,NWK-R02,Newark,969,CFM,200,2000,OK,2024-10-28,v2.2.0
2025-02-21 15:00:00,CRAC-NWK-5-SUP,CRAC Supply Temp,CRAC-N5 Supply,,Newark,13.8,°C,10.0,18.0,OK,2024-06-13,v2.1.4
2025-02-21 16:00:00,CRAC-STM-2-SUP,CRAC Supply Temp,CRAC-S2 Supply,,Stamford,14.2,°C,10.0,18.0,OK,2024-08-28,v2.1.4
2025-02-21 17:00:00,HUMID-NWK-C,Humidity,Row C,NWK-R23,Newark,42.0,%RH,30.0,60.0,OK,2024-08-07,v2.1.4
2025-02-21 17:00:00,HUMID-STM-C,Humidity,Row C,STM-R23,Stamford,42.2,%RH,30.0,60.0,OK,2024-06-19,v2.1.6
2025-02-21 18:00:00,CRAC-NWK-3-SUP,CRAC Supply Temp,CRAC-N3 Supply,,Newark,13.1,°C,10.0,18.0,OK,2024-06-10,v2.2.1
2025-02-21 18:00:00,HUMID-STM-E,Humidity,Row E,STM-R43,Stamford,40.7,%RH,30.0,60.0,OK,2024-06-10,v2.2.0
2025-02-21 19:00:00,HUMID-STM-D,Humidity,Row D,STM-R33,Stamford,48.2,%RH,30.0,60.0,OK,2024-08-19,v2.1.4
2025-02-21 19:00:00,AIRFLOW-STM-C,Airflow,Row C Floor Tile,STM-R22,Stamford,1242,CFM,200,2000,OK,2024-09-27,v2.1.6
2025-02-21 20:00:00,AIRFLOW-STM-C,Airflow,Row C Floor Tile,STM-R22,Stamford,1205,CFM,200,2000,OK,2024-12-15,v2.2.1
2025-02-21 20:00:00,LEAK-STM-01,Water Leak,Zone 1 Under-floor,,Stamford,0,boolean,0,1,OK,2024-08-06,v2.1.6
2025-02-21 21:00:00,AIRFLOW-NWK-C,Airflow,Row C Floor Tile,NWK-R22,Newark,1112,CFM,200,2000,OK,2024-10-22,v2.1.6
2025-02-21 21:00:00,HUMID-STM-D,Humidity,Row D,STM-R33,Stamford,48.6,%RH,30.0,60.0,OK,2024-12-06,v2.1.6
2025-02-21 22:00:00,TEMP-STM-D-HOT,Temperature,Row D Hot Aisle,STM-R35,Stamford,29.6,°C,25.0,45.0,OK,2024-07-25,v2.2.0
2025-02-21 22:00:00,LEAK-STM-02,Water Leak,Zone 2 Under-floor,,Stamford,0,boolean,0,1,OK,2024-10-12,v2.1.6
2025-02-21 22:00:00,TEMP-NWK-C-COLD,Temperature,Row C Cold Aisle,NWK-R21,Newark,20.7,°C,18.0,27.0,OK,2024-12-12,v2.1.4
2025-02-21 22:00:00,TEMP-STM-B-COLD,Temperature,Row B Cold Aisle,STM-R11,Stamford,19.0,°C,18.0,27.0,OK,2024-07-04,v2.1.4
2025-02-21 23:00:00,TEMP-NWK-G-COLD,Temperature,Row G Cold Aisle,NWK-R61,Newark,18.7,°C,18.0,27.0,OK,2024-08-09,v2.1.6
2025-02-21 23:00:00,AIRFLOW-STM-E,Airflow,Row E Floor Tile,STM-R42,Stamford,863,CFM,200,2000,OK,2024-07-11,v2.1.6
2025-02-21 23:00:00,TEMP-STM-D-HOT,Temperature,Row D Hot Aisle,STM-R35,Stamford,30.0,°C,25.0,45.0,OK,2024-06-21,v2.2.0
2025-02-22 00:00:00,CRAC-NWK-2-RET,CRAC Return Temp,CRAC-N2 Return,,Newark,31.3,°C,20.0,35.0,OK,2024-11-16,v2.2.1
2025-02-22 00:00:00,PWR-STM-UPS1,UPS Load,UPS-S1,,Stamford,71.5,kW,0,200,OK,2024-07-18,v2.1.4
2025-02-22 00:00:00,TEMP-STM-B-HOT,Temperature,Row B Hot Aisle,STM-R15,Stamford,29.5,°C,25.0,45.0,OK,2024-08-23,v2.2.1
2025-02-22 00:00:00,HUMID-STM-A,Humidity,Row A,STM-R03,Stamford,47.5,%RH,30.0,60.0,OK,2024-09-15,v2.2.0
2025-02-22 01:00:00,TEMP-STM-E-HOT,Temperature,Row E Hot Aisle,STM-R45,Stamford,36.7,°C,25.0,45.0,OK,2024-12-24,v2.1.6
2025-02-22 01:00:00,LEAK-NWK-06,Water Leak,Zone 6 Under-floor,,Newark,0,boolean,0,1,OK,2024-11-19,v2.1.6
2025-02-22 02:00:00,TEMP-STM-E-HOT,Temperature,Row E Hot Aisle,STM-R45,Stamford,36.7,°C,25.0,45.0,OK,2024-12-25,v2.1.4
2025-02-22 02:00:00,AIRFLOW-STM-D,Airflow,Row D Floor Tile,STM-R32,Stamford,1430,CFM,200,2000,OK,2024-09-17,v2.1.4
2025-02-22 02:00:00,AIRFLOW-STM-A,Airflow,Row A Floor Tile,STM-R02,Stamford,758,CFM,200,2000,OK,2024-08-01,v2.1.4
2025-02-22 03:00:00,TEMP-STM-E-HOT,Temperature,Row E Hot Aisle,STM-R45,Stamford,36.6,°C,25.0,45.0,OK,2024-08-26,v2.2.1
2025-02-22 03:00:00,TEMP-STM-D-HOT,Temperature,Row D Hot Aisle,STM-R35,Stamford,30.1,°C,25.0,45.0,OK,2024-08-19,v2.2.1
2025-02-22 03:00:00,LEAK-NWK-08,Water Leak,Zone 8 Under-floor,,Newark,0,boolean,0,1,OK,2024-07-19,v2.1.6
2025-02-22 03:00:00,PWR-STM-UPS2,UPS Load,UPS-S2,,Stamford,84.6,kW,0,200,OK,2024-12-26,v2.2.1
2025-02-22 04:00:00,TEMP-NWK-C-HOT,Temperature,Row C Hot Aisle,NWK-R25,Newark,35.6,°C,25.0,45.0,OK,2024-12-15,v2.1.4
2025-02-22 04:00:00,TEMP-STM-E-HOT,Temperature,Row E Hot Aisle,STM-R45,Stamford,37.3,°C,25.0,45.0,OK,2024-11-12,v2.1.6
2025-02-22 04:00:00,AIRFLOW-NWK-C,Airflow,Row C Floor Tile,NWK-R22,Newark,1154,CFM,200,2000,OK,2024-10-22,v2.2.0
2025-02-22 04:00:00,LEAK-NWK-08,Water Leak,Zone 8 Under-floor,,Newark,0,boolean,0,1,OK,2024-06-19,v2.2.0
2025-02-22 04:00:00,LEAK-STM-05,Water Leak,Zone 5 Under-floor,,Stamford,0,boolean,0,1,OK,2024-06-01,v2.1.6
2025-02-22 05:00:00,TEMP-STM-E-HOT,Temperature,Row E Hot Aisle,STM-R45,Stamford,37.5,°C,25.0,45.0,OK,2024-12-07,v2.2.1
2025-02-22 05:00:00,LEAK-NWK-07,Water Leak,Zone 7 Under-floor,,Newark,0,boolean,0,1,OK,2024-10-05,v2.2.0
2025-02-22 05:00:00,TEMP-NWK-F-COLD,Temperature,Row F Cold Aisle,NWK-R51,Newark,20.6,°C,18.0,27.0,OK,2024-10-21,v2.1.6
2025-02-22 05:00:00,CRAC-NWK-1-RET,CRAC Return Temp,CRAC-N1 Return,,Newark,28.8,°C,20.0,35.0,OK,2024-09-26,v2.1.6
2025-02-22 05:00:00,CRAC-STM-2-RET,CRAC Return Temp,CRAC-S2 Return,,Stamford,30.3,°C,20.0,35.0,OK,2024-07-05,v2.2.1
2025-02-22 05:00:00,LEAK-NWK-04,Water Leak,Zone 4 Under-floor,,Newark,0,boolean,0,1,OK,2024-08-14,v2.1.6
2025-02-22 06:00:00,TEMP-STM-E-HOT,Temperature,Row E Hot Aisle,STM-R45,Stamford,37.9,°C,25.0,45.0,OK,2024-11-09,v2.2.1
2025-02-22 06:00:00,TEMP-STM-A-COLD,Temperature,Row A Cold Aisle,STM-R01,Stamford,21.0,°C,18.0,27.0,OK,2024-09-21,v2.1.4
2025-02-22 07:00:00,TEMP-NWK-C-HOT,Temperature,Row C Hot Aisle,NWK-R25,Newark,35.5,°C,25.0,45.0,OK,2024-08-25,v2.2.0
2025-02-22 07:00:00,TEMP-STM-E-HOT,Temperature,Row E Hot Aisle,STM-R45,Stamford,37.0,°C,25.0,45.0,OK,2024-08-26,v2.1.4
2025-02-22 07:00:00,LEAK-STM-04,Water Leak,Zone 4 Under-floor,,Stamford,0,boolean,0,1,OK,2024-06-18,v2.1.6
2025-02-22 07:00:00,LEAK-NWK-08,Water Leak,Zone 8 Under-floor,,Newark,0,boolean,0,1,OK,2024-11-03,v2.1.4
2025-02-22 07:00:00,TEMP-NWK-D-COLD,Temperature,Row D Cold Aisle,NWK-R31,Newark,22.9,°C,18.0,27.0,OK,2024-09-09,v2.1.6
2025-02-22 08:00:00,TEMP-NWK-C-HOT,Temperature,Row C Hot Aisle,NWK-R25,Newark,35.5,°C,25.0,45.0,OK,2024-12-07,v2.1.4
2025-02-22 08:00:00,TEMP-STM-E-HOT,Temperature,Row E Hot Aisle,STM-R45,Stamford,36.1,°C,25.0,45.0,OK,2024-10-05,v2.1.4
2025-02-22 08:00:00,TEMP-STM-A-HOT,Temperature,Row A Hot Aisle,STM-R05,Stamford,32.0,°C,25.0,45.0,OK,2024-11-02,v2.1.4
2025-02-22 09:00:00,TEMP-STM-E-HOT,Temperature,Row E Hot Aisle,STM-R45,Stamford,36.5,°C,25.0,45.0,OK,2024-07-19,v2.2.1
2025-02-22 09:00:00,CRAC-NWK-4-SUP,CRAC Supply Temp,CRAC-N4 Supply,,Newark,14.3,°C,10.0,18.0,OK,2024-10-12,v2.1.6
2025-02-22 09:00:00,TEMP-STM-B-COLD,Temperature,Row B Cold Aisle,STM-R11,Stamford,20.3,°C,18.0,27.0,OK,2024-07-23,v2.1.6
2025-02-22 10:00:00,TEMP-STM-E-HOT,Temperature,Row E Hot Aisle,STM-R45,Stamford,36.1,°C,25.0,45.0,OK,2024-06-15,v2.2.1
2025-02-22 10:00:00,LEAK-NWK-07,Water Leak,Zone 7 Under-floor,,Newark,0,boolean,0,1,OK,2024-09-27,v2.2.0
2025-02-22 10:00:00,PWR-STM-UPS1,UPS Load,UPS-S1,,Stamford,75.8,kW,0,200,OK,2024-08-20,v2.1.4
2025-02-22 10:00:00,AIRFLOW-STM-A,Airflow,Row A Floor Tile,STM-R02,Stamford,873,CFM,200,2000,OK,2024-10-04,v2.2.1
2025-02-22 11:00:00,TEMP-STM-E-HOT,Temperature,Row E Hot Aisle,STM-R45,Stamford,36.9,°C,25.0,45.0,OK,2024-09-07,v2.1.6
2025-02-22 12:00:00,TEMP-STM-E-HOT,Temperature,Row E Hot Aisle,STM-R45,Stamford,35.2,°C,25.0,45.0,OK,2024-09-03,v2.2.0
2025-02-22 12:00:00,AIRFLOW-NWK-G,Airflow,Row G Floor Tile,NWK-R62,Newark,904,CFM,200,2000,OK,2024-11-25,v2.2.1
2025-02-22 12:00:00,CRAC-NWK-4-SUP,CRAC Supply Temp,CRAC-N4 Supply,,Newark,13.6,°C,10.0,18.0,OK,2024-12-14,v2.2.1
2025-02-22 13:00:00,CRAC-NWK-5-SUP,CRAC Supply Temp,CRAC-N5 Supply,,Newark,14.4,°C,10.0,18.0,OK,2024-08-28,v2.2.0
2025-02-22 13:00:00,HUMID-NWK-C,Humidity,Row C,NWK-R23,Newark,43.1,%RH,30.0,60.0,OK,2024-10-14,v2.1.4
2025-02-22 14:00:00,CRAC-NWK-1-RET,CRAC Return Temp,CRAC-N1 Return,,Newark,27.4,°C,20.0,35.0,OK,2024-06-09,v2.2.1
2025-02-22 14:00:00,AIRFLOW-NWK-A,Airflow,Row A Floor Tile,NWK-R02,Newark,1029,CFM,200,2000,OK,2024-10-02,v2.1.6
2025-02-22 15:00:00,TEMP-STM-B-HOT,Temperature,Row B Hot Aisle,STM-R15,Stamford,29.2,°C,25.0,45.0,OK,2024-12-02,v2.2.0
2025-02-22 16:00:00,LEAK-NWK-06,Water Leak,Zone 6 Under-floor,,Newark,0,boolean,0,1,OK,2024-09-12,v2.2.1
2025-02-22 16:00:00,HUMID-NWK-B,Humidity,Row B,NWK-R13,Newark,44.5,%RH,30.0,60.0,OK,2024-11-02,v2.1.4
2025-02-22 17:00:00,CRAC-STM-3-RET,CRAC Return Temp,CRAC-S3 Return,,Stamford,28.2,°C,20.0,35.0,OK,2024-11-06,v2.1.4
2025-02-22 18:00:00,TEMP-NWK-G-HOT,Temperature,Row G Hot Aisle,NWK-R65,Newark,35.5,°C,25.0,45.0,OK,2024-06-16,v2.2.1
2025-02-22 18:00:00,TEMP-STM-B-COLD,Temperature,Row B Cold Aisle,STM-R11,Stamford,18.6,°C,18.0,27.0,OK,2024-06-20,v2.2.0
2025-02-22 18:00:00,TEMP-NWK-F-HOT,Temperature,Row F Hot Aisle,NWK-R55,Newark,31.3,°C,25.0,45.0,OK,2024-06-02,v2.2.1
2025-02-22 18:00:00,HUMID-STM-B,Humidity,Row B,STM-R13,Stamford,46.5,%RH,30.0,60.0,OK,2024-10-01,v2.2.1
2025-02-22 18:00:00,AIRFLOW-NWK-C,Airflow,Row C Floor Tile,NWK-R22,Newark,1041,CFM,200,2000,OK,2024-12-03,v2.2.0
2025-02-22 19:00:00,TEMP-NWK-F-HOT,Temperature,Row F Hot Aisle,NWK-R55,Newark,29.7,°C,25.0,45.0,OK,2024-10-23,v2.2.1
2025-02-22 19:00:00,AIRFLOW-NWK-A,Airflow,Row A Floor Tile,NWK-R02,Newark,1111,CFM,200,2000,OK,2024-11-08,v2.1.4
2025-02-22 20:00:00,LEAK-NWK-04,Water Leak,Zone 4 Under-floor,,Newark,0,boolean,0,1,OK,2024-12-04,v2.1.6
2025-02-22 20:00:00,AIRFLOW-STM-D,Airflow,Row D Floor Tile,STM-R32,Stamford,1348,CFM,200,2000,OK,2024-08-18,v2.1.4
2025-02-22 20:00:00,AIRFLOW-STM-C,Airflow,Row C Floor Tile,STM-R22,Stamford,1230,CFM,200,2000,OK,2024-10-01,v2.2.0
2025-02-22 20:00:00,TEMP-STM-B-HOT,Temperature,Row B Hot Aisle,STM-R15,Stamford,28.3,°C,25.0,45.0,OK,2024-08-25,v2.1.6
2025-02-22 20:00:00,TEMP-NWK-B-HOT,Temperature,Row B Hot Aisle,NWK-R15,Newark,28.8,°C,25.0,45.0,OK,2024-12-13,v2.2.0
2025-02-22 21:00:00,TEMP-STM-E-HOT,Temperature,Row E Hot Aisle,STM-R45,Stamford,35.1,°C,25.0,45.0,OK,2024-08-23,v2.2.1
2025-02-22 21:00:00,CRAC-NWK-2-RET,CRAC Return Temp,CRAC-N2 Return,,Newark,30.3,°C,20.0,35.0,OK,2024-09-09,v2.1.4
2025-02-22 21:00:00,LEAK-STM-01,Water Leak,Zone 1 Under-floor,,Stamford,0,boolean,0,1,OK,2024-08-19,v2.1.6
2025-02-22 23:00:00,PWR-NWK-UPS3,UPS Load,UPS-N3,,Newark,80.0,kW,0,200,OK,2024-08-25,v2.1.4
2025-02-22 23:00:00,CRAC-NWK-3-SUP,CRAC Supply Temp,CRAC-N3 Supply,,Newark,13.6,°C,10.0,18.0,OK,2024-07-19,v2.1.4
2025-02-23 00:00:00,TEMP-STM-E-HOT,Temperature,Row E Hot Aisle,STM-R45,Stamford,35.1,°C,25.0,45.0,OK,2024-06-14,v2.2.0
2025-02-23 00:00:00,AIRFLOW-STM-E,Airflow,Row E Floor Tile,STM-R42,Stamford,863,CFM,200,2000,OK,2024-10-03,v2.1.6
2025-02-23 00:00:00,TEMP-STM-D-HOT,Temperature,Row D Hot Aisle,STM-R35,Stamford,30.5,°C,25.0,45.0,OK,2024-11-20,v2.2.1
2025-02-23 01:00:00,TEMP-STM-E-HOT,Temperature,Row E Hot Aisle,STM-R45,Stamford,36.2,°C,25.0,45.0,OK,2024-06-13,v2.1.4
2025-02-23 01:00:00,PWR-NWK-UPS3,UPS Load,UPS-N3,,Newark,86.0,kW,0,200,OK,2024-11-07,v2.1.4
2025-02-23 01:00:00,AIRFLOW-STM-D,Airflow,Row D Floor Tile,STM-R32,Stamford,1261,CFM,200,2000,OK,2024-10-21,v2.1.6
2025-02-23 01:00:00,CRAC-NWK-4-RET,CRAC Return Temp,CRAC-N4 Return,,Newark,30.1,°C,20.0,35.0,OK,2024-11-20,v2.1.4
2025-02-23 01:00:00,AIRFLOW-STM-C,Airflow,Row C Floor Tile,STM-R22,Stamford,1338,CFM,200,2000,OK,2024-06-16,v2.2.1
2025-02-23 02:00:00,TEMP-NWK-C-HOT,Temperature,Row C Hot Aisle,NWK-R25,Newark,35.1,°C,25.0,45.0,OK,2024-10-21,v2.2.0
2025-02-23 02:00:00,TEMP-STM-E-HOT,Temperature,Row E Hot Aisle,STM-R45,Stamford,36.9,°C,25.0,45.0,OK,2024-06-28,v2.2.0
2025-02-23 02:00:00,TEMP-STM-E-COLD,Temperature,Row E Cold Aisle,STM-R41,Stamford,20.7,°C,18.0,27.0,OK,2024-12-17,v2.1.4
2025-02-23 02:00:00,TEMP-NWK-G-COLD,Temperature,Row G Cold Aisle,NWK-R61,Newark,20.1,°C,18.0,27.0,OK,2024-08-25,v2.1.6
2025-02-23 03:00:00,TEMP-NWK-C-HOT,Temperature,Row C Hot Aisle,NWK-R25,Newark,35.1,°C,25.0,45.0,OK,2024-06-27,v2.1.6
2025-02-23 03:00:00,TEMP-STM-E-HOT,Temperature,Row E Hot Aisle,STM-R45,Stamford,37.8,°C,25.0,45.0,OK,2024-06-11,v2.1.4
2025-02-23 03:00:00,HUMID-STM-B,Humidity,Row B,STM-R13,Stamford,50.8,%RH,30.0,60.0,OK,2024-12-05,v2.2.1
2025-02-23 03:00:00,PWR-STM-UPS1,UPS Load,UPS-S1,,Stamford,75.7,kW,0,200,OK,2024-09-10,v2.2.1
2025-02-23 04:00:00,TEMP-NWK-C-HOT,Temperature,Row C Hot Aisle,NWK-R25,Newark,35.6,°C,25.0,45.0,OK,2024-12-04,v2.2.0
2025-02-23 04:00:00,TEMP-STM-E-HOT,Temperature,Row E Hot Aisle,STM-R45,Stamford,36.9,°C,25.0,45.0,OK,2024-07-05,v2.1.4
2025-02-23 05:00:00,TEMP-NWK-F-COLD,Temperature,Row F Cold Aisle,NWK-R51,Newark,35.5,°C,18.0,27.0,OK,2024-07-16,v2.1.4
2025-02-23 05:00:00,TEMP-STM-E-HOT,Temperature,Row E Hot Aisle,STM-R45,Stamford,37.1,°C,25.0,45.0,OK,2024-09-07,v2.2.1
2025-02-23 05:00:00,HUMID-NWK-A,Humidity,Row A,NWK-R03,Newark,49.5,%RH,30.0,60.0,OK,2024-11-10,v2.1.6
2025-02-23 05:00:00,AIRFLOW-NWK-B,Airflow,Row B Floor Tile,NWK-R12,Newark,1287,CFM,200,2000,OK,2024-11-28,v2.2.1
2025-02-23 05:00:00,TEMP-NWK-E-HOT,Temperature,Row E Hot Aisle,NWK-R45,Newark,29.7,°C,25.0,45.0,OK,2024-11-15,v2.1.6
2025-02-23 05:00:00,TEMP-NWK-B-HOT,Temperature,Row B Hot Aisle,NWK-R15,Newark,30.9,°C,25.0,45.0,OK,2024-06-02,v2.1.6
2025-02-23 06:00:00,TEMP-STM-E-HOT,Temperature,Row E Hot Aisle,STM-R45,Stamford,37.2,°C,25.0,45.0,OK,2024-07-14,v2.2.0
2025-02-23 06:00:00,CRAC-STM-4-RET,CRAC Return Temp,CRAC-S4 Return,,Stamford,30.2,°C,20.0,35.0,OK,2024-09-04,v2.1.6
2025-02-23 06:00:00,CRAC-NWK-4-RET,CRAC Return Temp,CRAC-N4 Return,,Newark,32.5,°C,20.0,35.0,OK,2024-06-24,v2.2.0
2025-02-23 06:00:00,LEAK-NWK-04,Water Leak,Zone 4 Under-floor,,Newark,0,boolean,0,1,OK,2024-09-07,v2.2.1
2025-02-23 07:00:00,TEMP-NWK-C-HOT,Temperature,Row C Hot Aisle,NWK-R25,Newark,35.3,°C,25.0,45.0,OK,2024-09-26,v2.2.1
2025-02-23 07:00:00,TEMP-STM-E-HOT,Temperature,Row E Hot Aisle,STM-R45,Stamford,38.3,°C,25.0,45.0,OK,2024-11-12,v2.2.1
2025-02-23 07:00:00,TEMP-STM-B-HOT,Temperature,Row B Hot Aisle,STM-R15,Stamford,30.9,°C,25.0,45.0,OK,2024-09-24,v2.1.6
2025-02-23 08:00:00,TEMP-NWK-C-HOT,Temperature,Row C Hot Aisle,NWK-R25,Newark,35.1,°C,25.0,45.0,OK,2024-12-10,v2.1.6
2025-02-23 08:00:00,TEMP-STM-E-HOT,Temperature,Row E Hot Aisle,STM-R45,Stamford,37.4,°C,25.0,45.0,OK,2024-08-09,v2.2.0
2025-02-23 08:00:00,PWR-NWK-UPS2,UPS Load,UPS-N2,,Newark,81.7,kW,0,200,OK,2024-06-23,v2.2.1
2025-02-23 09:00:00,TEMP-NWK-C-HOT,Temperature,Row C Hot Aisle,NWK-R25,Newark,35.2,°C,25.0,45.0,OK,2024-06-09,v2.1.4
2025-02-23 09:00:00,TEMP-STM-E-HOT,Temperature,Row E Hot Aisle,STM-R45,Stamford,37.1,°C,25.0,45.0,OK,2024-07-18,v2.2.1
2025-02-23 09:00:00,TEMP-NWK-D-COLD,Temperature,Row D Cold Aisle,NWK-R31,Newark,22.9,°C,18.0,27.0,OK,2024-12-16,v2.1.6
2025-02-23 09:00:00,HUMID-STM-E,Humidity,Row E,STM-R43,Stamford,46.1,%RH,30.0,60.0,OK,2024-06-18,v2.1.4
2025-02-23 09:00:00,PWR-NWK-UPS2,UPS Load,UPS-N2,,Newark,86.4,kW,0,200,OK,2024-06-25,v2.1.4
2025-02-23 10:00:00,TEMP-STM-E-HOT,Temperature,Row E Hot Aisle,STM-R45,Stamford,35.8,°C,25.0,45.0,OK,2024-12-10,v2.1.4
2025-02-23 10:00:00,HUMID-NWK-A,Humidity,Row A,NWK-R03,Newark,49.9,%RH,30.0,60.0,OK,2024-11-03,v2.1.4
2025-02-23 10:00:00,LEAK-STM-02,Water Leak,Zone 2 Under-floor,,Stamford,0,boolean,0,1,OK,2024-08-10,v2.1.6
2025-02-23 10:00:00,CRAC-NWK-3-SUP,CRAC Supply Temp,CRAC-N3 Supply,,Newark,14.9,°C,10.0,18.0,OK,2024-08-16,v2.2.1
2025-02-23 11:00:00,TEMP-STM-E-HOT,Temperature,Row E Hot Aisle,STM-R45,Stamford,36.1,°C,25.0,45.0,OK,2024-08-26,v2.1.6
2025-02-23 12:00:00,TEMP-STM-E-HOT,Temperature,Row E Hot Aisle,STM-R45,Stamford,36.5,°C,25.0,45.0,OK,2024-08-28,v2.1.4
2025-02-23 13:00:00,TEMP-STM-E-HOT,Temperature,Row E Hot Aisle,STM-R45,Stamford,35.1,°C,25.0,45.0,OK,2024-07-04,v2.2.0
2025-02-23 13:00:00,HUMID-NWK-E,Humidity,Row E,NWK-R43,Newark,50.4,%RH,30.0,60.0,OK,2024-11-21,v2.2.1
2025-02-23 14:00:00,TEMP-STM-E-HOT,Temperature,Row E Hot Aisle,STM-R45,Stamford,35.5,°C,25.0,45.0,OK,2024-07-18,v2.2.0
2025-02-23 14:00:00,TEMP-NWK-C-COLD,Temperature,Row C Cold Aisle,NWK-R21,Newark,20.4,°C,18.0,27.0,OK,2024-10-15,v2.1.6
2025-02-23 14:00:00,PWR-NWK-UPS3,UPS Load,UPS-N3,,Newark,79.9,kW,0,200,OK,2024-07-15,v2.1.4
2025-02-23 15:00:00,TEMP-STM-B-COLD,Temperature,Row B Cold Aisle,STM-R11,Stamford,18.8,°C,18.0,27.0,OK,2024-06-22,v2.1.6
2025-02-23 16:00:00,LEAK-NWK-01,Water Leak,Zone 1 Under-floor,,Newark,0,boolean,0,1,OK,2024-10-09,v2.2.0
2025-02-23 16:00:00,PWR-NWK-UPS4,UPS Load,UPS-N4,,Newark,86.2,kW,0,200,OK,2024-09-09,v2.2.1
2025-02-23 17:00:00,CRAC-STM-2-RET,CRAC Return Temp,CRAC-S2 Return,,Stamford,27.9,°C,20.0,35.0,OK,2024-12-13,v2.2.0
2025-02-23 17:00:00,AIRFLOW-NWK-F,Airflow,Row F Floor Tile,NWK-R52,Newark,779,CFM,200,2000,OK,2024-12-28,v2.2.1
2025-02-23 18:00:00,HUMID-NWK-B,Humidity,Row B,NWK-R13,Newark,44.8,%RH,30.0,60.0,OK,2024-08-21,v2.1.6
2025-02-23 18:00:00,AIRFLOW-STM-A,Airflow,Row A Floor Tile,STM-R02,Stamford,719,CFM,200,2000,OK,2024-08-16,v2.1.6
2025-02-23 18:00:00,TEMP-NWK-F-HOT,Temperature,Row F Hot Aisle,NWK-R55,Newark,30.1,°C,25.0,45.0,OK,2024-12-21,v2.2.1
2025-02-23 18:00:00,CRAC-STM-3-RET,CRAC Return Temp,CRAC-S3 Return,,Stamford,28.5,°C,20.0,35.0,OK,2024-06-18,v2.1.6
2025-02-23 18:00:00,TEMP-NWK-G-COLD,Temperature,Row G Cold Aisle,NWK-R61,Newark,18.7,°C,18.0,27.0,OK,2024-07-05,v2.2.1
2025-02-23 19:00:00,PWR-STM-UPS1,UPS Load,UPS-S1,,Stamford,72.0,kW,0,200,OK,2024-07-11,v2.1.6
2025-02-23 19:00:00,TEMP-NWK-F-HOT,Temperature,Row F Hot Aisle,NWK-R55,Newark,31.1,°C,25.0,45.0,OK,2024-06-18,v2.1.4
2025-02-23 19:00:00,HUMID-NWK-C,Humidity,Row C,NWK-R23,Newark,41.8,%RH,30.0,60.0,OK,2024-06-25,v2.2.0
2025-02-23 19:00:00,LEAK-NWK-05,Water Leak,Zone 5 Under-floor,,Newark,0,boolean,0,1,OK,2024-10-02,v2.2.0
2025-02-23 20:00:00,AIRFLOW-STM-B,Airflow,Row B Floor Tile,STM-R12,Stamford,805,CFM,200,2000,OK,2024-09-10,v2.1.6
2025-02-23 20:00:00,CRAC-NWK-5-RET,CRAC Return Temp,CRAC-N5 Return,,Newark,28.9,°C,20.0,35.0,OK,2024-11-03,v2.2.0
2025-02-23 21:00:00,LEAK-STM-04,Water Leak,Zone 4 Under-floor,,Stamford,0,boolean,0,1,OK,2024-07-17,v2.2.0
2025-02-23 22:00:00,AIRFLOW-NWK-A,Airflow,Row A Floor Tile,NWK-R02,Newark,1139,CFM,200,2000,OK,2024-10-23,v2.1.6
2025-02-23 22:00:00,CRAC-STM-3-RET,CRAC Return Temp,CRAC-S3 Return,,Stamford,29.3,°C,20.0,35.0,OK,2024-06-06,v2.2.0
2025-02-23 23:00:00,TEMP-STM-A-COLD,Temperature,Row A Cold Aisle,STM-R01,Stamford,37.6,°C,18.0,27.0,OK,2024-10-17,v2.1.6
2025-02-23 23:00:00,TEMP-STM-E-HOT,Temperature,Row E Hot Aisle,STM-R45,Stamford,35.1,°C,25.0,45.0,OK,2024-10-16,v2.2.1
2025-02-24 00:00:00,TEMP-NWK-F-HOT,Temperature,Row F Hot Aisle,NWK-R55,Newark,35.5,°C,25.0,45.0,OK,2024-07-14,v2.2.0
2025-02-24 01:00:00,TEMP-STM-E-HOT,Temperature,Row E Hot Aisle,STM-R45,Stamford,36.2,°C,25.0,45.0,OK,2024-07-07,v2.2.1
2025-02-24 01:00:00,TEMP-STM-A-COLD,Temperature,Row A Cold Aisle,STM-R01,Stamford,20.2,°C,18.0,27.0,OK,2024-11-03,v2.1.4
2025-02-24 01:00:00,CRAC-STM-4-RET,CRAC Return Temp,CRAC-S4 Return,,Stamford,28.0,°C,20.0,35.0,OK,2024-06-25,v2.1.4
2025-02-24 02:00:00,TEMP-STM-E-HOT,Temperature,Row E Hot Aisle,STM-R45,Stamford,36.8,°C,25.0,45.0,OK,2024-06-21,v2.2.1
2025-02-24 02:00:00,HUMID-STM-E,Humidity,Row E,STM-R43,Stamford,45.7,%RH,30.0,60.0,OK,2024-09-22,v2.2.1
2025-02-24 02:00:00,CRAC-NWK-3-RET,CRAC Return Temp,CRAC-N3 Return,,Newark,27.9,°C,20.0,35.0,OK,2024-10-08,v2.1.4
2025-02-24 02:00:00,LEAK-STM-05,Water Leak,Zone 5 Under-floor,,Stamford,0,boolean,0,1,OK,2024-10-25,v2.1.4
2025-02-24 02:00:00,CRAC-NWK-1-RET,CRAC Return Temp,CRAC-N1 Return,,Newark,29.5,°C,20.0,35.0,OK,2024-08-10,v2.1.4
2025-02-24 03:00:00,TEMP-NWK-C-HOT,Temperature,Row C Hot Aisle,NWK-R25,Newark,35.2,°C,25.0,45.0,OK,2024-06-21,v2.2.1
2025-02-24 03:00:00,TEMP-STM-E-HOT,Temperature,Row E Hot Aisle,STM-R45,Stamford,36.6,°C,25.0,45.0,OK,2024-07-21,v2.2.1
2025-02-24 03:00:00,CRAC-NWK-6-SUP,CRAC Supply Temp,CRAC-N6 Supply,,Newark,15.3,°C,10.0,18.0,OK,2024-12-06,v2.2.1
2025-02-24 03:00:00,HUMID-STM-E,Humidity,Row E,STM-R43,Stamford,44.9,%RH,30.0,60.0,OK,2024-10-13,v2.2.1
2025-02-24 04:00:00,TEMP-NWK-C-HOT,Temperature,Row C Hot Aisle,NWK-R25,Newark,35.8,°C,25.0,45.0,OK,2024-08-22,v2.1.4
2025-02-24 04:00:00,TEMP-STM-E-HOT,Temperature,Row E Hot Aisle,STM-R45,Stamford,37.9,°C,25.0,45.0,OK,2024-08-08,v2.1.6
2025-02-24 04:00:00,LEAK-NWK-06,Water Leak,Zone 6 Under-floor,,Newark,0,boolean,0,1,OK,2024-09-06,v2.2.1
2025-02-24 05:00:00,TEMP-STM-E-HOT,Temperature,Row E Hot Aisle,STM-R45,Stamford,37.4,°C,25.0,45.0,OK,2024-10-05,v2.2.0
2025-02-24 05:00:00,LEAK-STM-03,Water Leak,Zone 3 Under-floor,,Stamford,0,boolean,0,1,OK,2024-12-11,v2.1.6
2025-02-24 06:00:00,TEMP-NWK-C-HOT,Temperature,Row C Hot Aisle,NWK-R25,Newark,36.1,°C,25.0,45.0,OK,2024-06-26,v2.1.6
2025-02-24 06:00:00,TEMP-STM-E-HOT,Temperature,Row E Hot Aisle,STM-R45,Stamford,36.5,°C,25.0,45.0,OK,2024-06-09,v2.1.6
2025-02-24 06:00:00,CRAC-STM-4-RET,CRAC Return Temp,CRAC-S4 Return,,Stamford,29.7,°C,20.0,35.0,OK,2024-09-22,v2.1.4
2025-02-24 06:00:00,AIRFLOW-NWK-A,Airflow,Row A Floor Tile,NWK-R02,Newark,1118,CFM,200,2000,OK,2024-07-15,v2.2.1
2025-02-24 06:00:00,LEAK-NWK-07,Water Leak,Zone 7 Under-floor,,Newark,0,boolean,0,1,OK,2024-10-23,v2.2.1
2025-02-24 07:00:00,TEMP-NWK-C-HOT,Temperature,Row C Hot Aisle,NWK-R25,Newark,35.9,°C,25.0,45.0,OK,2024-09-05,v2.1.4
2025-02-24 07:00:00,TEMP-STM-E-HOT,Temperature,Row E Hot Aisle,STM-R45,Stamford,38.3,°C,25.0,45.0,OK,2024-11-19,v2.1.6
2025-02-24 07:00:00,AIRFLOW-STM-A,Airflow,Row A Floor Tile,STM-R02,Stamford,823,CFM,200,2000,OK,2024-07-26,v2.1.6
2025-02-24 07:00:00,LEAK-NWK-01,Water Leak,Zone 1 Under-floor,,Newark,0,boolean,0,1,OK,2024-10-12,v2.2.0
2025-02-24 07:00:00,AIRFLOW-NWK-C,Airflow,Row C Floor Tile,NWK-R22,Newark,1137,CFM,200,2000,OK,2024-12-25,v2.2.1
2025-02-24 08:00:00,TEMP-NWK-C-HOT,Temperature,Row C Hot Aisle,NWK-R25,Newark,35.7,°C,25.0,45.0,OK,2024-12-12,v2.2.0
2025-02-24 08:00:00,TEMP-STM-E-HOT,Temperature,Row E Hot Aisle,STM-R45,Stamford,36.0,°C,25.0,45.0,OK,2024-12-09,v2.1.6
2025-02-24 08:00:00,TEMP-NWK-A-HOT,Temperature,Row A Hot Aisle,NWK-R05,Newark,29.7,°C,25.0,45.0,OK,2024-10-20,v2.1.4
2025-02-24 08:00:00,LEAK-NWK-01,Water Leak,Zone 1 Under-floor,,Newark,0,boolean,0,1,OK,2024-06-20,v2.2.0
2025-02-24 09:00:00,TEMP-STM-E-HOT,Temperature,Row E Hot Aisle,STM-R45,Stamford,37.6,°C,25.0,45.0,OK,2024-06-18,v2.1.6
2025-02-24 09:00:00,AIRFLOW-NWK-F,Airflow,Row F Floor Tile,NWK-R52,Newark,820,CFM,200,2000,OK,2024-07-07,v2.1.4
2025-02-24 10:00:00,TEMP-STM-E-HOT,Temperature,Row E Hot Aisle,STM-R45,Stamford,36.6,°C,25.0,45.0,OK,2024-07-16,v2.2.0
2025-02-24 10:00:00,HUMID-STM-A,Humidity,Row A,STM-R03,Stamford,50.7,%RH,30.0,60.0,OK,2024-11-12,v2.2.1
2025-02-24 11:00:00,TEMP-STM-E-HOT,Temperature,Row E Hot Aisle,STM-R45,Stamford,35.1,°C,25.0,45.0,OK,2024-12-09,v2.2.1
2025-02-24 11:00:00,CRAC-STM-3-RET,CRAC Return Temp,CRAC-S3 Return,,Stamford,30.2,°C,20.0,35.0,OK,2024-09-14,v2.2.1
2025-02-24 11:00:00,TEMP-NWK-G-HOT,Temperature,Row G Hot Aisle,NWK-R65,Newark,29.9,°C,25.0,45.0,OK,2024-10-10,v2.1.6
2025-02-24 11:00:00,AIRFLOW-NWK-F,Airflow,Row F Floor Tile,NWK-R52,Newark,864,CFM,200,2000,OK,2024-06-20,v2.2.0
2025-02-24 12:00:00,TEMP-STM-E-HOT,Temperature,Row E Hot Aisle,STM-R45,Stamford,35.9,°C,25.0,45.0,OK,2024-09-22,v2.1.6
2025-02-24 12:00:00,PWR-NWK-UPS2,UPS Load,UPS-N2,,Newark,82.0,kW,0,200,OK,2024-11-10,v2.1.6
2025-02-24 12:00:00,TEMP-NWK-F-HOT,Temperature,Row F Hot Aisle,NWK-R55,Newark,32.3,°C,25.0,45.0,OK,2024-10-17,v2.1.4
2025-02-24 12:00:00,CRAC-STM-4-SUP,CRAC Supply Temp,CRAC-S4 Supply,,Stamford,15.3,°C,10.0,18.0,OK,2024-08-09,v2.2.0
2025-02-24 13:00:00,TEMP-NWK-C-COLD,Temperature,Row C Cold Aisle,NWK-R21,Newark,36.1,°C,18.0,27.0,OK,2024-07-27,v2.2.0
2025-02-24 13:00:00,TEMP-STM-E-HOT,Temperature,Row E Hot Aisle,STM-R45,Stamford,35.2,°C,25.0,45.0,OK,2024-09-15,v2.2.0
2025-02-24 13:00:00,LEAK-NWK-06,Water Leak,Zone 6 Under-floor,,Newark,0,boolean,0,1,OK,2024-11-22,v2.1.6
2025-02-24 14:00:00,TEMP-STM-E-HOT,Temperature,Row E Hot Aisle,STM-R45,Stamford,35.2,°C,25.0,45.0,OK,2024-08-18,v2.1.4
2025-02-24 14:00:00,LEAK-NWK-07,Water Leak,Zone 7 Under-floor,,Newark,0,boolean,0,1,OK,2024-11-03,v2.2.1
2025-02-24 15:00:00,AIRFLOW-STM-E,Airflow,Row E Floor Tile,STM-R42,Stamford,803,CFM,200,2000,OK,2024-12-27,v2.1.6
2025-02-24 15:00:00,HUMID-NWK-B,Humidity,Row B,NWK-R13,Newark,46.0,%RH,30.0,60.0,OK,2024-11-13,v2.2.1
2025-02-24 16:00:00,TEMP-STM-A-COLD,Temperature,Row A Cold Aisle,STM-R01,Stamford,37.3,°C,18.0,27.0,OK,2024-11-18,v2.1.6
2025-02-24 16:00:00,HUMID-STM-B,Humidity,Row B,STM-R13,Stamford,47.1,%RH,30.0,60.0,OK,2024-09-25,v2.1.4
2025-02-24 16:00:00,CRAC-STM-4-SUP,CRAC Supply Temp,CRAC-S4 Supply,,Stamford,14.6,°C,10.0,18.0,OK,2024-07-21,v2.2.0
2025-02-24 16:00:00,CRAC-NWK-6-RET,CRAC Return Temp,CRAC-N6 Return,,Newark,27.2,°C,20.0,35.0,OK,2024-06-10,v2.2.0
2025-02-24 16:00:00,TEMP-STM-E-COLD,Temperature,Row E Cold Aisle,STM-R41,Stamford,18.9,°C,18.0,27.0,OK,2024-12-20,v2.2.0
2025-02-24 17:00:00,CRAC-STM-4-RET,CRAC Return Temp,CRAC-S4 Return,,Stamford,27.1,°C,20.0,35.0,OK,2024-07-19,v2.2.1
2025-02-24 17:00:00,AIRFLOW-NWK-A,Airflow,Row A Floor Tile,NWK-R02,Newark,984,CFM,200,2000,OK,2024-07-11,v2.1.4
2025-02-24 17:00:00,LEAK-NWK-08,Water Leak,Zone 8 Under-floor,,Newark,0,boolean,0,1,OK,2024-11-25,v2.1.6
2025-02-24 18:00:00,LEAK-STM-05,Water Leak,Zone 5 Under-floor,,Stamford,0,boolean,0,1,OK,2024-08-18,v2.2.0
2025-02-24 18:00:00,AIRFLOW-STM-D,Airflow,Row D Floor Tile,STM-R32,Stamford,1212,CFM,200,2000,OK,2024-12-24,v2.1.6
2025-02-24 18:00:00,TEMP-STM-A-HOT,Temperature,Row A Hot Aisle,STM-R05,Stamford,28.5,°C,25.0,45.0,OK,2024-10-02,v2.2.1
2025-02-24 19:00:00,TEMP-STM-C-HOT,Temperature,Row C Hot Aisle,STM-R25,Stamford,29.1,°C,25.0,45.0,OK,2024-12-09,v2.1.6
2025-02-24 19:00:00,TEMP-NWK-E-HOT,Temperature,Row E Hot Aisle,NWK-R45,Newark,26.5,°C,25.0,45.0,OK,2024-10-19,v2.1.4
2025-02-24 19:00:00,AIRFLOW-NWK-G,Airflow,Row G Floor Tile,NWK-R62,Newark,752,CFM,200,2000,OK,2024-12-03,v2.1.4
2025-02-24 19:00:00,HUMID-STM-E,Humidity,Row E,STM-R43,Stamford,41.6,%RH,30.0,60.0,OK,2024-08-15,v2.1.6
2025-02-24 20:00:00,PWR-STM-UPS2,UPS Load,UPS-S2,,Stamford,73.8,kW,0,200,OK,2024-11-10,v2.1.6
2025-02-24 20:00:00,LEAK-STM-01,Water Leak,Zone 1 Under-floor,,Stamford,0,boolean,0,1,OK,2024-09-23,v2.1.6
2025-02-24 20:00:00,CRAC-NWK-5-RET,CRAC Return Temp,CRAC-N5 Return,,Newark,29.0,°C,20.0,35.0,OK,2024-07-13,v2.2.1
2025-02-24 21:00:00,LEAK-NWK-06,Water Leak,Zone 6 Under-floor,,Newark,0,boolean,0,1,OK,2024-06-27,v2.2.1
2025-02-24 22:00:00,TEMP-STM-A-COLD,Temperature,Row A Cold Aisle,STM-R01,Stamford,19.4,°C,18.0,27.0,OK,2024-08-08,v2.2.1
2025-02-24 22:00:00,HUMID-NWK-F,Humidity,Row F,NWK-R53,Newark,40.8,%RH,30.0,60.0,OK,2024-08-05,v2.1.6
2025-02-24 22:00:00,HUMID-NWK-E,Humidity,Row E,NWK-R43,Newark,47.5,%RH,30.0,60.0,OK,2024-08-12,v2.2.1
2025-02-24 22:00:00,AIRFLOW-STM-C,Airflow,Row C Floor Tile,STM-R22,Stamford,1383,CFM,200,2000,OK,2024-08-05,v2.2.1
2025-02-24 23:00:00,TEMP-STM-E-HOT,Temperature,Row E Hot Aisle,STM-R45,Stamford,36.0,°C,25.0,45.0,OK,2024-07-24,v2.1.6
2025-02-25 00:00:00,LEAK-STM-04,Water Leak,Zone 4 Under-floor,,Stamford,0,boolean,0,1,OK,2024-08-01,v2.2.1
2025-02-25 00:00:00,LEAK-NWK-04,Water Leak,Zone 4 Under-floor,,Newark,0,boolean,0,1,OK,2024-10-12,v2.2.1
2025-02-25 01:00:00,TEMP-STM-E-HOT,Temperature,Row E Hot Aisle,STM-R45,Stamford,36.8,°C,25.0,45.0,OK,2024-10-04,v2.2.1
2025-02-25 01:00:00,AIRFLOW-STM-B,Airflow,Row B Floor Tile,STM-R12,Stamford,734,CFM,200,2000,OK,2024-10-25,v2.2.0
2025-02-25 02:00:00,TEMP-STM-E-HOT,Temperature,Row E Hot Aisle,STM-R45,Stamford,36.0,°C,25.0,45.0,OK,2024-06-07,v2.2.1
2025-02-25 02:00:00,CRAC-NWK-1-RET,CRAC Return Temp,CRAC-N1 Return,,Newark,28.5,°C,20.0,35.0,OK,2024-11-22,v2.1.6
2025-02-25 02:00:00,HUMID-STM-C,Humidity,Row C,STM-R23,Stamford,43.5,%RH,30.0,60.0,OK,2024-10-02,v2.2.1
2025-02-25 02:00:00,HUMID-NWK-C,Humidity,Row C,NWK-R23,Newark,46.1,%RH,30.0,60.0,OK,2024-11-17,v2.1.4
2025-02-25 03:00:00,TEMP-NWK-C-HOT,Temperature,Row C Hot Aisle,NWK-R25,Newark,35.5,°C,25.0,45.0,OK,2024-09-05,v2.2.1
2025-02-25 03:00:00,TEMP-STM-E-HOT,Temperature,Row E Hot Aisle,STM-R45,Stamford,36.7,°C,25.0,45.0,OK,2024-11-03,v2.1.6
2025-02-25 03:00:00,CRAC-NWK-3-RET,CRAC Return Temp,CRAC-N3 Return,,Newark,28.3,°C,20.0,35.0,OK,2024-09-17,v2.2.0
2025-02-25 03:00:00,HUMID-STM-B,Humidity,Row B,STM-R13,Stamford,50.0,%RH,30.0,60.0,OK,2024-10-08,v2.1.4
2025-02-25 03:00:00,PWR-NWK-UPS1,UPS Load,UPS-N1,,Newark,96.5,kW,0,200,OK,2024-11-18,v2.2.0
2025-02-25 03:00:00,LEAK-STM-04,Water Leak,Zone 4 Under-floor,,Stamford,0,boolean,0,1,OK,2024-10-28,v2.1.6
2025-02-25 04:00:00,TEMP-NWK-C-HOT,Temperature,Row C Hot Aisle,NWK-R25,Newark,35.7,°C,25.0,45.0,OK,2024-07-27,v2.1.6
2025-02-25 04:00:00,TEMP-STM-E-HOT,Temperature,Row E Hot Aisle,STM-R45,Stamford,37.5,°C,25.0,45.0,OK,2024-09-02,v2.1.6
2025-02-25 04:00:00,PWR-NWK-UPS2,UPS Load,UPS-N2,,Newark,83.6,kW,0,200,OK,2024-11-26,v2.2.0
2025-02-25 04:00:00,HUMID-NWK-D,Humidity,Row D,NWK-R33,Newark,51.2,%RH,30.0,60.0,OK,2024-10-05,v2.2.0
2025-02-25 05:00:00,TEMP-STM-E-HOT,Temperature,Row E Hot Aisle,STM-R45,Stamford,37.7,°C,25.0,45.0,OK,2024-09-03,v2.1.6
2025-02-25 05:00:00,HUMID-NWK-E,Humidity,Row E,NWK-R43,Newark,51.5,%RH,30.0,60.0,OK,2024-06-09,v2.1.6
2025-02-25 05:00:00,LEAK-NWK-07,Water Leak,Zone 7 Under-floor,,Newark,0,boolean,0,1,OK,2024-08-16,v2.2.1
2025-02-25 06:00:00,TEMP-NWK-C-HOT,Temperature,Row C Hot Aisle,NWK-R25,Newark,36.1,°C,25.0,45.0,OK,2024-08-26,v2.2.0
2025-02-25 06:00:00,TEMP-STM-E-HOT,Temperature,Row E Hot Aisle,STM-R45,Stamford,37.3,°C,25.0,45.0,OK,2024-07-07,v2.1.4
2025-02-25 06:00:00,CRAC-NWK-2-RET,CRAC Return Temp,CRAC-N2 Return,,Newark,32.1,°C,20.0,35.0,OK,2024-06-26,v2.2.1
2025-02-25 06:00:00,CRAC-NWK-2-SUP,CRAC Supply Temp,CRAC-N2 Supply,,Newark,14.1,°C,10.0,18.0,OK,2024-11-03,v2.2.0
2025-02-25 06:00:00,TEMP-NWK-E-HOT,Temperature,Row E Hot Aisle,NWK-R45,Newark,29.0,°C,25.0,45.0,OK,2024-09-09,v2.2.0
2025-02-25 07:00:00,TEMP-NWK-C-HOT,Temperature,Row C Hot Aisle,NWK-R25,Newark,35.2,°C,25.0,45.0,OK,2024-11-27,v2.1.4
2025-02-25 07:00:00,TEMP-STM-E-HOT,Temperature,Row E Hot Aisle,STM-R45,Stamford,36.3,°C,25.0,45.0,OK,2024-09-20,v2.2.0
2025-02-25 07:00:00,TEMP-NWK-E-HOT,Temperature,Row E Hot Aisle,NWK-R45,Newark,30.1,°C,25.0,45.0,OK,2024-08-15,v2.1.4
2025-02-25 08:00:00,TEMP-NWK-C-HOT,Temperature,Row C Hot Aisle,NWK-R25,Newark,35.8,°C,25.0,45.0,OK,2024-09-14,v2.1.6
2025-02-25 08:00:00,TEMP-STM-E-HOT,Temperature,Row E Hot Aisle,STM-R45,Stamford,37.7,°C,25.0,45.0,OK,2024-07-08,v2.1.6
2025-02-25 08:00:00,HUMID-NWK-D,Humidity,Row D,NWK-R33,Newark,49.7,%RH,30.0,60.0,OK,2024-10-15,v2.1.6
2025-02-25 08:00:00,LEAK-NWK-03,Water Leak,Zone 3 Under-floor,,Newark,0,boolean,0,1,OK,2024-12-20,v2.2.0
2025-02-25 08:00:00,CRAC-NWK-4-RET,CRAC Return Temp,CRAC-N4 Return,,Newark,31.8,°C,20.0,35.0,OK,2024-11-25,v2.2.0
2025-02-25 09:00:00,TEMP-STM-E-HOT,Temperature,Row E Hot Aisle,STM-R45,Stamford,36.1,°C,25.0,45.0,OK,2024-06-06,v2.1.4
2025-02-25 09:00:00,PWR-NWK-UPS4,UPS Load,UPS-N4,,Newark,90.5,kW,0,200,OK,2024-10-17,v2.1.6
2025-02-25 09:00:00,CRAC-NWK-4-RET,CRAC Return Temp,CRAC-N4 Return,,Newark,31.2,°C,20.0,35.0,OK,2024-06-08,v2.2.0
2025-02-25 10:00:00,TEMP-STM-E-HOT,Temperature,Row E Hot Aisle,STM-R45,Stamford,36.6,°C,25.0,45.0,OK,2024-07-17,v2.1.4
2025-02-25 10:00:00,CRAC-NWK-5-SUP,CRAC Supply Temp,CRAC-N5 Supply,,Newark,15.1,°C,10.0,18.0,OK,2024-10-10,v2.1.6
2025-02-25 11:00:00,TEMP-STM-E-HOT,Temperature,Row E Hot Aisle,STM-R45,Stamford,35.9,°C,25.0,45.0,OK,2024-11-21,v2.1.6
2025-02-25 11:00:00,CRAC-STM-3-SUP,CRAC Supply Temp,CRAC-S3 Supply,,Stamford,15.2,°C,10.0,18.0,OK,2024-07-14,v2.1.4
2025-02-25 11:00:00,CRAC-NWK-6-RET,CRAC Return Temp,CRAC-N6 Return,,Newark,28.7,°C,20.0,35.0,OK,2024-06-10,v2.1.6
2025-02-25 11:00:00,LEAK-NWK-04,Water Leak,Zone 4 Under-floor,,Newark,0,boolean,0,1,OK,2024-11-18,v2.2.0
2025-02-25 12:00:00,TEMP-STM-E-HOT,Temperature,Row E Hot Aisle,STM-R45,Stamford,35.1,°C,25.0,45.0,OK,2024-11-12,v2.1.6
2025-02-25 12:00:00,TEMP-NWK-A-HOT,Temperature,Row A Hot Aisle,NWK-R05,Newark,27.7,°C,25.0,45.0,OK,2024-10-18,v2.1.6
2025-02-25 13:00:00,TEMP-STM-E-HOT,Temperature,Row E Hot Aisle,STM-R45,Stamford,36.0,°C,25.0,45.0,OK,2024-08-01,v2.2.1
2025-02-25 13:00:00,TEMP-NWK-A-HOT,Temperature,Row A Hot Aisle,NWK-R05,Newark,27.1,°C,25.0,45.0,OK,2024-07-27,v2.1.4
2025-02-25 13:00:00,CRAC-STM-3-SUP,CRAC Supply Temp,CRAC-S3 Supply,,Stamford,14.5,°C,10.0,18.0,OK,2024-11-28,v2.2.0
2025-02-25 14:00:00,TEMP-NWK-C-COLD,Temperature,Row C Cold Aisle,NWK-R21,Newark,20.5,°C,18.0,27.0,OK,2024-08-03,v2.1.4
2025-02-25 15:00:00,LEAK-STM-02,Water Leak,Zone 2 Under-floor,,Stamford,0,boolean,0,1,OK,2024-10-09,v2.2.0
2025-02-25 15:00:00,CRAC-NWK-4-SUP,CRAC Supply Temp,CRAC-N4 Supply,,Newark,13.0,°C,10.0,18.0,OK,2024-11-11,v2.2.1
2025-02-25 15:00:00,LEAK-NWK-03,Water Leak,Zone 3 Under-floor,,Newark,0,boolean,0,1,OK,2024-11-04,v2.2.0
2025-02-25 16:00:00,TEMP-NWK-B-HOT,Temperature,Row B Hot Aisle,NWK-R15,Newark,29.2,°C,25.0,45.0,OK,2024-07-06,v2.1.6
2025-02-25 17:00:00,TEMP-NWK-G-HOT,Temperature,Row G Hot Aisle,NWK-R65,Newark,28.7,°C,25.0,45.0,OK,2024-06-02,v2.2.0
2025-02-25 17:00:00,AIRFLOW-STM-E,Airflow,Row E Floor Tile,STM-R42,Stamford,825,CFM,200,2000,OK,2024-07-28,v2.2.0
2025-02-25 18:00:00,LEAK-STM-01,Water Leak,Zone 1 Under-floor,,Stamford,0,boolean,0,1,OK,2024-06-02,v2.2.1
2025-02-25 19:00:00,TEMP-STM-A-COLD,Temperature,Row A Cold Aisle,STM-R01,Stamford,19.3,°C,18.0,27.0,OK,2024-11-13,v2.1.6
2025-02-25 19:00:00,TEMP-NWK-C-COLD,Temperature,Row C Cold Aisle,NWK-R21,Newark,20.2,°C,18.0,27.0,OK,2024-10-26,v2.1.4
2025-02-25 20:00:00,AIRFLOW-NWK-C,Airflow,Row C Floor Tile,NWK-R22,Newark,953,CFM,200,2000,OK,2024-10-12,v2.2.1
2025-02-25 20:00:00,TEMP-NWK-F-HOT,Temperature,Row F Hot Aisle,NWK-R55,Newark,31.3,°C,25.0,45.0,OK,2024-12-10,v2.2.1
2025-02-25 20:00:00,PWR-STM-UPS2,UPS Load,UPS-S2,,Stamford,75.9,kW,0,200,OK,2024-09-04,v2.1.6
2025-02-25 21:00:00,LEAK-STM-05,Water Leak,Zone 5 Under-floor,,Stamford,0,boolean,0,1,OK,2024-06-28,v2.2.0
2025-02-25 21:00:00,LEAK-NWK-03,Water Leak,Zone 3 Under-floor,,Newark,0,boolean,0,1,OK,2024-07-07,v2.1.6
2025-02-25 22:00:00,TEMP-STM-B-COLD,Temperature,Row B Cold Aisle,STM-R11,Stamford,18.8,°C,18.0,27.0,OK,2024-08-01,v2.1.6
2025-02-25 22:00:00,AIRFLOW-STM-C,Airflow,Row C Floor Tile,STM-R22,Stamford,1252,CFM,200,2000,OK,2024-10-25,v2.2.1
2025-02-25 23:00:00,TEMP-STM-E-HOT,Temperature,Row E Hot Aisle,STM-R45,Stamford,35.1,°C,25.0,45.0,OK,2024-08-17,v2.2.1
2025-02-26 00:00:00,TEMP-NWK-C-HOT,Temperature,Row C Hot Aisle,NWK-R25,Newark,38.3,°C,25.0,45.0,OK,2024-10-13,v2.2.0
2025-02-26 01:00:00,TEMP-STM-E-HOT,Temperature,Row E Hot Aisle,STM-R45,Stamford,36.4,°C,25.0,45.0,OK,2024-12-13,v2.2.0
2025-02-26 01:00:00,HUMID-NWK-B,Humidity,Row B,NWK-R13,Newark,47.7,%RH,30.0,60.0,OK,2024-06-09,v2.2.1
2025-02-26 01:00:00,AIRFLOW-NWK-E,Airflow,Row E Floor Tile,NWK-R42,Newark,674,CFM,200,2000,OK,2024-07-10,v2.1.4
2025-02-26 02:00:00,TEMP-NWK-C-HOT,Temperature,Row C Hot Aisle,NWK-R25,Newark,35.3,°C,25.0,45.0,OK,2024-07-16,v2.1.4
2025-02-26 02:00:00,TEMP-STM-E-HOT,Temperature,Row E Hot Aisle,STM-R45,Stamford,36.3,°C,25.0,45.0,OK,2024-08-06,v2.1.6
2025-02-26 02:00:00,HUMID-NWK-E,Humidity,Row E,NWK-R43,Newark,51.1,%RH,30.0,60.0,OK,2024-10-21,v2.1.6
2025-02-26 02:00:00,LEAK-STM-01,Water Leak,Zone 1 Under-floor,,Stamford,0,boolean,0,1,OK,2024-10-03,v2.1.6
2025-02-26 02:00:00,TEMP-STM-B-COLD,Temperature,Row B Cold Aisle,STM-R11,Stamford,20.4,°C,18.0,27.0,OK,2024-10-04,v2.2.0
2025-02-26 03:00:00,TEMP-STM-E-HOT,Temperature,Row E Hot Aisle,STM-R45,Stamford,36.9,°C,25.0,45.0,OK,2024-12-13,v2.2.0
2025-02-26 03:00:00,PWR-NWK-UPS1,UPS Load,UPS-N1,,Newark,99.1,kW,0,200,OK,2024-12-21,v2.2.1
2025-02-26 04:00:00,TEMP-NWK-C-HOT,Temperature,Row C Hot Aisle,NWK-R25,Newark,35.1,°C,25.0,45.0,OK,2024-12-06,v2.2.1
2025-02-26 04:00:00,TEMP-STM-E-HOT,Temperature,Row E Hot Aisle,STM-R45,Stamford,37.7,°C,25.0,45.0,OK,2024-10-07,v2.2.0
2025-02-26 04:00:00,HUMID-STM-A,Humidity,Row A,STM-R03,Stamford,51.5,%RH,30.0,60.0,OK,2024-11-22,v2.2.1
2025-02-26 05:00:00,TEMP-NWK-C-HOT,Temperature,Row C Hot Aisle,NWK-R25,Newark,35.3,°C,25.0,45.0,OK,2024-07-23,v2.2.0
2025-02-26 05:00:00,TEMP-STM-E-HOT,Temperature,Row E Hot Aisle,STM-R45,Stamford,37.4,°C,25.0,45.0,OK,2024-08-03,v2.2.1
2025-02-26 05:00:00,CRAC-NWK-4-SUP,CRAC Supply Temp,CRAC-N4 Supply,,Newark,14.0,°C,10.0,18.0,OK,2024-08-20,v2.1.4
2025-02-26 05:00:00,CRAC-NWK-1-SUP,CRAC Supply Temp,CRAC-N1 Supply,,Newark,15.5,°C,10.0,18.0,OK,2024-08-13,v2.2.1
2025-02-26 05:00:00,LEAK-NWK-02,Water Leak,Zone 2 Under-floor,,Newark,0,boolean,0,1,OK,2024-12-06,v2.2.0
2025-02-26 06:00:00,TEMP-NWK-C-HOT,Temperature,Row C Hot Aisle,NWK-R25,Newark,35.1,°C,25.0,45.0,OK,2024-06-16,v2.1.6
2025-02-26 06:00:00,TEMP-STM-E-HOT,Temperature,Row E Hot Aisle,STM-R45,Stamford,36.6,°C,25.0,45.0,OK,2024-11-17,v2.1.6
2025-02-26 06:00:00,LEAK-STM-02,Water Leak,Zone 2 Under-floor,,Stamford,0,boolean,0,1,OK,2024-12-05,v2.2.0
2025-02-26 06:00:00,TEMP-STM-B-COLD,Temperature,Row B Cold Aisle,STM-R11,Stamford,20.3,°C,18.0,27.0,OK,2024-07-22,v2.2.1
2025-02-26 07:00:00,TEMP-NWK-C-HOT,Temperature,Row C Hot Aisle,NWK-R25,Newark,35.9,°C,25.0,45.0,OK,2024-08-12,v2.2.1
2025-02-26 07:00:00,TEMP-STM-E-HOT,Temperature,Row E Hot Aisle,STM-R45,Stamford,37.7,°C,25.0,45.0,OK,2024-11-16,v2.1.4
2025-02-26 08:00:00,TEMP-NWK-C-HOT,Temperature,Row C Hot Aisle,NWK-R25,Newark,35.2,°C,25.0,45.0,OK,2024-07-28,v2.1.6
2025-02-26 08:00:00,TEMP-STM-E-HOT,Temperature,Row E Hot Aisle,STM-R45,Stamford,37.1,°C,25.0,45.0,OK,2024-07-02,v2.2.0
2025-02-26 08:00:00,HUMID-STM-E,Humidity,Row E,STM-R43,Stamford,45.0,%RH,30.0,60.0,OK,2024-10-06,v2.1.6
2025-02-26 08:00:00,HUMID-NWK-F,Humidity,Row F,NWK-R53,Newark,45.2,%RH,30.0,60.0,OK,2024-09-26,v2.2.0
2025-02-26 08:00:00,HUMID-NWK-E,Humidity,Row E,NWK-R43,Newark,52.2,%RH,30.0,60.0,OK,2024-08-02,v2.1.4
2025-02-26 09:00:00,TEMP-STM-E-HOT,Temperature,Row E Hot Aisle,STM-R45,Stamford,36.7,°C,25.0,45.0,OK,2024-11-13,v2.2.0
2025-02-26 09:00:00,LEAK-NWK-01,Water Leak,Zone 1 Under-floor,,Newark,0,boolean,0,1,OK,2024-11-24,v2.2.1
2025-02-26 10:00:00,TEMP-STM-E-HOT,Temperature,Row E Hot Aisle,STM-R45,Stamford,35.4,°C,25.0,45.0,OK,2024-09-08,v2.2.0
2025-02-26 10:00:00,TEMP-NWK-A-HOT,Temperature,Row A Hot Aisle,NWK-R05,Newark,28.1,°C,25.0,45.0,OK,2024-09-01,v2.2.1
2025-02-26 11:00:00,TEMP-STM-E-HOT,Temperature,Row E Hot Aisle,STM-R45,Stamford,36.5,°C,25.0,45.0,OK,2024-10-23,v2.2.1
2025-02-26 11:00:00,LEAK-NWK-06,Water Leak,Zone 6 Under-floor,,Newark,0,boolean,0,1,OK,2024-10-10,v2.1.6
2025-02-26 11:00:00,CRAC-NWK-2-RET,CRAC Return Temp,CRAC-N2 Return,,Newark,30.5,°C,20.0,35.0,OK,2024-08-16,v2.2.0
2025-02-26 12:00:00,TEMP-STM-E-HOT,Temperature,Row E Hot Aisle,STM-R45,Stamford,36.3,°C,25.0,45.0,OK,2024-07-01,v2.2.1
2025-02-26 12:00:00,HUMID-STM-D,Humidity,Row D,STM-R33,Stamford,48.9,%RH,30.0,60.0,OK,2024-08-16,v2.1.4
2025-02-26 12:00:00,TEMP-NWK-G-HOT,Temperature,Row G Hot Aisle,NWK-R65,Newark,30.3,°C,25.0,45.0,OK,2024-08-27,v2.1.4
2025-02-26 12:00:00,AIRFLOW-NWK-A,Airflow,Row A Floor Tile,NWK-R02,Newark,1155,CFM,200,2000,OK,2024-11-09,v2.2.0
2025-02-26 13:00:00,HUMID-STM-B,Humidity,Row B,STM-R13,Stamford,48.9,%RH,30.0,60.0,OK,2024-06-18,v2.2.0
2025-02-26 13:00:00,LEAK-NWK-08,Water Leak,Zone 8 Under-floor,,Newark,0,boolean,0,1,OK,2024-07-20,v2.1.6
2025-02-26 13:00:00,HUMID-STM-A,Humidity,Row A,STM-R03,Stamford,48.3,%RH,30.0,60.0,OK,2024-06-08,v2.1.4
2025-02-26 13:00:00,CRAC-NWK-2-SUP,CRAC Supply Temp,CRAC-N2 Supply,,Newark,13.7,°C,10.0,18.0,OK,2024-12-15,v2.2.1
2025-02-26 13:00:00,CRAC-NWK-3-RET,CRAC Return Temp,CRAC-N3 Return,,Newark,26.3,°C,20.0,35.0,OK,2024-06-16,v2.2.0
2025-02-26 14:00:00,TEMP-NWK-A-HOT,Temperature,Row A Hot Aisle,NWK-R05,Newark,27.1,°C,25.0,45.0,OK,2024-11-27,v2.2.0
2025-02-26 14:00:00,LEAK-NWK-03,Water Leak,Zone 3 Under-floor,,Newark,0,boolean,0,1,OK,2024-06-14,v2.2.0
2025-02-26 14:00:00,AIRFLOW-NWK-C,Airflow,Row C Floor Tile,NWK-R22,Newark,972,CFM,200,2000,OK,2024-12-23,v2.1.4
2025-02-26 15:00:00,LEAK-NWK-08,Water Leak,Zone 8 Under-floor,,Newark,0,boolean,0,1,OK,2024-10-09,v2.1.6
2025-02-26 16:00:00,PWR-NWK-UPS1,UPS Load,UPS-N1,,Newark,90.4,kW,0,200,OK,2024-07-09,v2.2.0
2025-02-26 16:00:00,LEAK-NWK-08,Water Leak,Zone 8 Under-floor,,Newark,0,boolean,0,1,OK,2024-10-18,v2.2.1
2025-02-26 16:00:00,HUMID-STM-E,Humidity,Row E,STM-R43,Stamford,40.6,%RH,30.0,60.0,OK,2024-12-06,v2.1.6
2025-02-26 18:00:00,AIRFLOW-NWK-F,Airflow,Row F Floor Tile,NWK-R52,Newark,684,CFM,200,2000,OK,2024-08-02,v2.2.1
2025-02-26 19:00:00,TEMP-STM-D-COLD,Temperature,Row D Cold Aisle,STM-R31,Stamford,18.9,°C,18.0,27.0,OK,2024-08-16,v2.2.0
2025-02-26 19:00:00,TEMP-NWK-E-COLD,Temperature,Row E Cold Aisle,NWK-R41,Newark,20.0,°C,18.0,27.0,OK,2024-07-19,v2.2.0
2025-02-26 20:00:00,LEAK-NWK-05,Water Leak,Zone 5 Under-floor,,Newark,0,boolean,0,1,OK,2024-10-23,v2.2.1
2025-02-26 20:00:00,CRAC-STM-4-RET,CRAC Return Temp,CRAC-S4 Return,,Stamford,26.7,°C,20.0,35.0,OK,2024-09-12,v2.1.6
2025-02-26 21:00:00,CRAC-NWK-1-SUP,CRAC Supply Temp,CRAC-N1 Supply,,Newark,14.5,°C,10.0,18.0,OK,2024-06-01,v2.1.4
2025-02-26 22:00:00,CRAC-NWK-1-SUP,CRAC Supply Temp,CRAC-N1 Supply,,Newark,14.4,°C,10.0,18.0,OK,2024-06-17,v2.1.4
2025-02-26 22:00:00,LEAK-STM-04,Water Leak,Zone 4 Under-floor,,Stamford,0,boolean,0,1,OK,2024-07-06,v2.1.6
2025-02-26 23:00:00,CRAC-STM-3-RET,CRAC Return Temp,CRAC-S3 Return,,Stamford,29.6,°C,20.0,35.0,OK,2024-06-14,v2.2.1
2025-02-27 00:00:00,TEMP-STM-E-HOT,Temperature,Row E Hot Aisle,STM-R45,Stamford,35.9,°C,25.0,45.0,OK,2024-08-04,v2.1.4
2025-02-27 00:00:00,CRAC-STM-2-SUP,CRAC Supply Temp,CRAC-S2 Supply,,Stamford,14.7,°C,10.0,18.0,OK,2024-07-09,v2.2.0
2025-02-27 00:00:00,PWR-NWK-UPS3,UPS Load,UPS-N3,,Newark,82.0,kW,0,200,OK,2024-11-09,v2.1.4
2025-02-27 01:00:00,TEMP-STM-E-HOT,Temperature,Row E Hot Aisle,STM-R45,Stamford,36.2,°C,25.0,45.0,OK,2024-07-11,v2.1.6
2025-02-27 01:00:00,HUMID-NWK-D,Humidity,Row D,NWK-R33,Newark,49.6,%RH,30.0,60.0,OK,2024-12-26,v2.1.4
2025-02-27 01:00:00,TEMP-NWK-B-HOT,Temperature,Row B Hot Aisle,NWK-R15,Newark,29.9,°C,25.0,45.0,OK,2024-06-13,v2.1.6
2025-02-27 02:00:00,TEMP-STM-E-HOT,Temperature,Row E Hot Aisle,STM-R45,Stamford,35.8,°C,25.0,45.0,OK,2024-08-15,v2.2.1
2025-02-27 02:00:00,TEMP-STM-C-COLD,Temperature,Row C Cold Aisle,STM-R21,Stamford,21.7,°C,18.0,27.0,OK,2024-11-14,v2.1.4
2025-02-27 03:00:00,TEMP-STM-E-HOT,Temperature,Row E Hot Aisle,STM-R45,Stamford,37.0,°C,25.0,45.0,OK,2024-06-16,v2.1.6
2025-02-27 03:00:00,CRAC-STM-2-SUP,CRAC Supply Temp,CRAC-S2 Supply,,Stamford,15.3,°C,10.0,18.0,OK,2024-06-20,v2.2.0
2025-02-27 03:00:00,HUMID-NWK-B,Humidity,Row B,NWK-R13,Newark,48.3,%RH,30.0,60.0,OK,2024-11-23,v2.1.4
2025-02-27 04:00:00,TEMP-STM-E-HOT,Temperature,Row E Hot Aisle,STM-R45,Stamford,37.0,°C,25.0,45.0,OK,2024-10-28,v2.2.1
2025-02-27 04:00:00,PWR-NWK-UPS1,UPS Load,UPS-N1,,Newark,93.7,kW,0,200,OK,2024-09-05,v2.1.4
2025-02-27 05:00:00,TEMP-NWK-C-HOT,Temperature,Row C Hot Aisle,NWK-R25,Newark,36.0,°C,25.0,45.0,OK,2024-12-05,v2.1.6
2025-02-27 05:00:00,TEMP-STM-E-HOT,Temperature,Row E Hot Aisle,STM-R45,Stamford,37.4,°C,25.0,45.0,OK,2024-06-15,v2.2.0
2025-02-27 06:00:00,TEMP-STM-E-HOT,Temperature,Row E Hot Aisle,STM-R45,Stamford,37.0,°C,25.0,45.0,OK,2024-12-04,v2.2.1
2025-02-27 06:00:00,AIRFLOW-NWK-G,Airflow,Row G Floor Tile,NWK-R62,Newark,814,CFM,200,2000,OK,2024-12-16,v2.1.4
2025-02-27 06:00:00,AIRFLOW-NWK-D,Airflow,Row D Floor Tile,NWK-R32,Newark,1329,CFM,200,2000,OK,2024-08-08,v2.1.6
2025-02-27 06:00:00,TEMP-NWK-D-COLD,Temperature,Row D Cold Aisle,NWK-R31,Newark,23.5,°C,18.0,27.0,OK,2024-12-25,v2.2.1
2025-02-27 07:00:00,TEMP-STM-E-HOT,Temperature,Row E Hot Aisle,STM-R45,Stamford,36.2,°C,25.0,45.0,OK,2024-12-02,v2.1.6
2025-02-27 07:00:00,PWR-NWK-UPS2,UPS Load,UPS-N2,,Newark,85.9,kW,0,200,OK,2024-10-11,v2.1.6
2025-02-27 07:00:00,TEMP-STM-A-COLD,Temperature,Row A Cold Aisle,STM-R01,Stamford,20.8,°C,18.0,27.0,OK,2024-10-02,v2.2.1
2025-02-27 08:00:00,TEMP-STM-E-HOT,Temperature,Row E Hot Aisle,STM-R45,Stamford,37.2,°C,25.0,45.0,OK,2024-10-07,v2.2.1
2025-02-27 08:00:00,CRAC-NWK-4-RET,CRAC Return Temp,CRAC-N4 Return,,Newark,32.3,°C,20.0,35.0,OK,2024-06-13,v2.2.0
2025-02-27 08:00:00,PWR-NWK-UPS4,UPS Load,UPS-N4,,Newark,95.4,kW,0,200,OK,2024-08-04,v2.2.0
2025-02-27 09:00:00,TEMP-STM-E-HOT,Temperature,Row E Hot Aisle,STM-R45,Stamford,35.7,°C,25.0,45.0,OK,2024-07-02,v2.1.6
2025-02-27 09:00:00,LEAK-STM-05,Water Leak,Zone 5 Under-floor,,Stamford,0,boolean,0,1,OK,2024-08-10,v2.1.6
2025-02-27 09:00:00,LEAK-STM-04,Water Leak,Zone 4 Under-floor,,Stamford,0,boolean,0,1,OK,2024-10-11,v2.2.0
2025-02-27 09:00:00,CRAC-NWK-1-RET,CRAC Return Temp,CRAC-N1 Return,,Newark,29.6,°C,20.0,35.0,OK,2024-08-26,v2.1.4
2025-02-27 09:00:00,TEMP-NWK-C-HOT,Temperature,Row C Hot Aisle,NWK-R25,Newark,35.0,°C,25.0,45.0,OK,2024-06-06,v2.2.0
2025-02-27 10:00:00,TEMP-STM-E-HOT,Temperature,Row E Hot Aisle,STM-R45,Stamford,35.9,°C,25.0,45.0,OK,2024-11-03,v2.1.6
2025-02-27 10:00:00,HUMID-NWK-C,Humidity,Row C,NWK-R23,Newark,45.2,%RH,30.0,60.0,OK,2024-06-05,v2.2.1
2025-02-27 10:00:00,AIRFLOW-NWK-D,Airflow,Row D Floor Tile,NWK-R32,Newark,1306,CFM,200,2000,OK,2024-10-21,v2.1.4
2025-02-27 10:00:00,CRAC-STM-2-SUP,CRAC Supply Temp,CRAC-S2 Supply,,Stamford,15.3,°C,10.0,18.0,OK,2024-07-05,v2.1.4
2025-02-27 11:00:00,TEMP-STM-E-HOT,Temperature,Row E Hot Aisle,STM-R45,Stamford,35.6,°C,25.0,45.0,OK,2024-09-15,v2.2.0
2025-02-27 11:00:00,TEMP-STM-B-HOT,Temperature,Row B Hot Aisle,STM-R15,Stamford,31.1,°C,25.0,45.0,OK,2024-10-09,v2.2.0
2025-02-27 11:00:00,LEAK-NWK-04,Water Leak,Zone 4 Under-floor,,Newark,0,boolean,0,1,OK,2024-09-05,v2.2.1
2025-02-27 11:00:00,AIRFLOW-NWK-G,Airflow,Row G Floor Tile,NWK-R62,Newark,809,CFM,200,2000,OK,2024-06-13,v2.1.6
2025-02-27 12:00:00,TEMP-STM-E-HOT,Temperature,Row E Hot Aisle,STM-R45,Stamford,35.1,°C,25.0,45.0,OK,2024-12-23,v2.2.0
2025-02-27 14:00:00,AIRFLOW-NWK-D,Airflow,Row D Floor Tile,NWK-R32,Newark,1027,CFM,200,2000,OK,2024-08-25,v2.2.0
2025-02-27 14:00:00,TEMP-NWK-D-COLD,Temperature,Row D Cold Aisle,NWK-R31,Newark,21.3,°C,18.0,27.0,OK,2024-09-14,v2.2.1
2025-02-27 15:00:00,LEAK-STM-05,Water Leak,Zone 5 Under-floor,,Stamford,0,boolean,0,1,OK,2024-08-16,v2.1.6
2025-02-27 15:00:00,TEMP-NWK-B-HOT,Temperature,Row B Hot Aisle,NWK-R15,Newark,28.6,°C,25.0,45.0,OK,2024-09-20,v2.1.4
2025-02-27 16:00:00,CRAC-STM-2-RET,CRAC Return Temp,CRAC-S2 Return,,Stamford,28.5,°C,20.0,35.0,OK,2024-09-13,v2.1.6
2025-02-27 17:00:00,LEAK-NWK-04,Water Leak,Zone 4 Under-floor,,Newark,0,boolean,0,1,OK,2024-09-15,v2.1.4
2025-02-27 19:00:00,CRAC-NWK-1-RET,CRAC Return Temp,CRAC-N1 Return,,Newark,27.3,°C,20.0,35.0,OK,2024-10-20,v2.2.0
2025-02-27 20:00:00,CRAC-NWK-3-RET,CRAC Return Temp,CRAC-N3 Return,,Newark,26.4,°C,20.0,35.0,OK,2024-06-22,v2.1.4
2025-02-27 20:00:00,TEMP-STM-E-COLD,Temperature,Row E Cold Aisle,STM-R41,Stamford,19.8,°C,18.0,27.0,OK,2024-06-22,v2.2.1
2025-02-27 20:00:00,PWR-STM-UPS2,UPS Load,UPS-S2,,Stamford,73.4,kW,0,200,OK,2024-07-04,v2.2.1
2025-02-27 21:00:00,HUMID-NWK-E,Humidity,Row E,NWK-R43,Newark,47.1,%RH,30.0,60.0,OK,2024-07-11,v2.2.1
2025-02-27 21:00:00,AIRFLOW-STM-E,Airflow,Row E Floor Tile,STM-R42,Stamford,796,CFM,200,2000,OK,2024-08-21,v2.2.0
2025-02-27 21:00:00,LEAK-STM-01,Water Leak,Zone 1 Under-floor,,Stamford,0,boolean,0,1,OK,2024-06-20,v2.1.4
2025-02-27 22:00:00,LEAK-NWK-03,Water Leak,Zone 3 Under-floor,,Newark,0,boolean,0,1,OK,2024-09-16,v2.2.1
2025-02-27 22:00:00,LEAK-STM-05,Water Leak,Zone 5 Under-floor,,Stamford,0,boolean,0,1,OK,2024-11-03,v2.2.0
2025-02-27 23:00:00,CRAC-NWK-2-RET,CRAC Return Temp,CRAC-N2 Return,,Newark,35.9,°C,20.0,35.0,OK,2024-06-16,v2.2.0
2025-02-27 23:00:00,HUMID-NWK-D,Humidity,Row D,NWK-R33,Newark,46.5,%RH,30.0,60.0,OK,2024-12-03,v2.2.0
2025-02-27 23:00:00,PWR-NWK-UPS2,UPS Load,UPS-N2,,Newark,83.2,kW,0,200,OK,2024-09-19,v2.2.1
2025-02-28 00:00:00,CRAC-NWK-1-SUP,CRAC Supply Temp,CRAC-N1 Supply,,Newark,14.5,°C,10.0,18.0,OK,2024-11-01,v2.1.4
2025-02-28 00:00:00,LEAK-NWK-02,Water Leak,Zone 2 Under-floor,,Newark,0,boolean,0,1,OK,2024-09-07,v2.1.6
2025-02-28 00:00:00,CRAC-STM-2-SUP,CRAC Supply Temp,CRAC-S2 Supply,,Stamford,14.9,°C,10.0,18.0,OK,2024-11-23,v2.1.6
2025-02-28 01:00:00,TEMP-STM-E-HOT,Temperature,Row E Hot Aisle,STM-R45,Stamford,36.2,°C,25.0,45.0,OK,2024-06-25,v2.2.0
2025-02-28 02:00:00,TEMP-STM-E-HOT,Temperature,Row E Hot Aisle,STM-R45,Stamford,35.9,°C,25.0,45.0,OK,2024-06-10,v2.2.1
2025-02-28 02:00:00,HUMID-NWK-F,Humidity,Row F,NWK-R53,Newark,42.7,%RH,30.0,60.0,OK,2024-09-01,v2.2.1
2025-02-28 02:00:00,HUMID-STM-A,Humidity,Row A,STM-R03,Stamford,51.2,%RH,30.0,60.0,OK,2024-10-08,v2.2.0
2025-02-28 03:00:00,TEMP-STM-E-HOT,Temperature,Row E Hot Aisle,STM-R45,Stamford,37.0,°C,25.0,45.0,OK,2024-08-20,v2.2.0
2025-02-28 03:00:00,CRAC-NWK-3-SUP,CRAC Supply Temp,CRAC-N3 Supply,,Newark,15.0,°C,10.0,18.0,OK,2024-07-14,v2.1.6
2025-02-28 04:00:00,TEMP-STM-E-HOT,Temperature,Row E Hot Aisle,STM-R45,Stamford,36.6,°C,25.0,45.0,OK,2024-08-10,v2.2.0
2025-02-28 04:00:00,HUMID-STM-A,Humidity,Row A,STM-R03,Stamford,49.2,%RH,30.0,60.0,OK,2024-08-20,v2.2.0
2025-02-28 04:00:00,TEMP-NWK-C-HOT,Temperature,Row C Hot Aisle,NWK-R25,Newark,34.7,°C,25.0,45.0,OK,2024-10-12,v2.2.1
2025-02-28 05:00:00,TEMP-NWK-C-HOT,Temperature,Row C Hot Aisle,NWK-R25,Newark,35.8,°C,25.0,45.0,OK,2024-10-03,v2.2.1
2025-02-28 05:00:00,TEMP-STM-E-HOT,Temperature,Row E Hot Aisle,STM-R45,Stamford,37.3,°C,25.0,45.0,OK,2024-10-27,v2.1.4
2025-02-28 05:00:00,AIRFLOW-NWK-A,Airflow,Row A Floor Tile,NWK-R02,Newark,1035,CFM,200,2000,OK,2024-08-08,v2.2.0
2025-02-28 05:00:00,PWR-STM-UPS1,UPS Load,UPS-S1,,Stamford,78.5,kW,0,200,OK,2024-10-02,v2.1.6
2025-02-28 05:00:00,PWR-NWK-UPS3,UPS Load,UPS-N3,,Newark,87.9,kW,0,200,OK,2024-07-09,v2.2.1
2025-02-28 06:00:00,TEMP-STM-E-HOT,Temperature,Row E Hot Aisle,STM-R45,Stamford,38.3,°C,25.0,45.0,OK,2024-07-24,v2.1.6
2025-02-28 06:00:00,TEMP-STM-B-HOT,Temperature,Row B Hot Aisle,STM-R15,Stamford,32.0,°C,25.0,45.0,OK,2024-09-28,v2.1.4
2025-02-28 06:00:00,LEAK-NWK-02,Water Leak,Zone 2 Under-floor,,Newark,0,boolean,0,1,OK,2024-08-02,v2.2.1
2025-02-28 06:00:00,CRAC-STM-3-RET,CRAC Return Temp,CRAC-S3 Return,,Stamford,31.7,°C,20.0,35.0,OK,2024-11-17,v2.2.0
2025-02-28 06:00:00,CRAC-NWK-5-SUP,CRAC Supply Temp,CRAC-N5 Supply,,Newark,15.3,°C,10.0,18.0,OK,2024-08-17,v2.1.4
2025-02-28 06:00:00,TEMP-NWK-F-HOT,Temperature,Row F Hot Aisle,NWK-R55,Newark,33.6,°C,25.0,45.0,OK,2024-11-09,v2.2.0
2025-02-28 06:00:00,PWR-STM-UPS2,UPS Load,UPS-S2,,Stamford,79.8,kW,0,200,OK,2024-09-08,v2.2.0
2025-02-28 06:00:00,HUMID-NWK-C,Humidity,Row C,NWK-R23,Newark,45.2,%RH,30.0,60.0,OK,2024-06-09,v2.2.1
2025-02-28 07:00:00,TEMP-NWK-C-HOT,Temperature,Row C Hot Aisle,NWK-R25,Newark,35.3,°C,25.0,45.0,OK,2024-06-16,v2.1.4
2025-02-28 07:00:00,TEMP-STM-E-HOT,Temperature,Row E Hot Aisle,STM-R45,Stamford,36.5,°C,25.0,45.0,OK,2024-11-04,v2.1.4
2025-02-28 07:00:00,TEMP-NWK-E-HOT,Temperature,Row E Hot Aisle,NWK-R45,Newark,30.5,°C,25.0,45.0,OK,2024-12-12,v2.2.1
2025-02-28 07:00:00,TEMP-NWK-D-HOT,Temperature,Row D Hot Aisle,NWK-R35,Newark,30.8,°C,25.0,45.0,OK,2024-08-08,v2.1.6
2025-02-28 07:00:00,HUMID-NWK-D,Humidity,Row D,NWK-R33,Newark,49.8,%RH,30.0,60.0,OK,2024-07-20,v2.1.6
2025-02-28 07:00:00,TEMP-NWK-F-COLD,Temperature,Row F Cold Aisle,NWK-R51,Newark,20.8,°C,18.0,27.0,OK,2024-12-09,v2.2.1
2025-02-28 08:00:00,TEMP-NWK-C-HOT,Temperature,Row C Hot Aisle,NWK-R25,Newark,35.2,°C,25.0,45.0,OK,2024-07-23,v2.1.6
2025-02-28 08:00:00,TEMP-STM-E-HOT,Temperature,Row E Hot Aisle,STM-R45,Stamford,37.7,°C,25.0,45.0,OK,2024-11-14,v2.1.6
2025-02-28 08:00:00,HUMID-STM-D,Humidity,Row D,STM-R33,Stamford,51.8,%RH,30.0,60.0,OK,2024-09-17,v2.2.0
2025-02-28 08:00:00,PWR-STM-UPS1,UPS Load,UPS-S1,,Stamford,78.8,kW,0,200,OK,2024-12-11,v2.1.6
2025-02-28 09:00:00,TEMP-STM-E-HOT,Temperature,Row E Hot Aisle,STM-R45,Stamford,35.8,°C,25.0,45.0,OK,2024-12-12,v2.2.0
2025-02-28 09:00:00,CRAC-NWK-6-SUP,CRAC Supply Temp,CRAC-N6 Supply,,Newark,15.2,°C,10.0,18.0,OK,2024-11-09,v2.2.0
2025-02-28 09:00:00,CRAC-NWK-4-RET,CRAC Return Temp,CRAC-N4 Return,,Newark,31.4,°C,20.0,35.0,OK,2024-12-10,v2.1.4
2025-02-28 09:00:00,TEMP-NWK-G-COLD,Temperature,Row G Cold Aisle,NWK-R61,Newark,20.6,°C,18.0,27.0,OK,2024-12-23,v2.2.1
2025-02-28 09:00:00,AIRFLOW-NWK-D,Airflow,Row D Floor Tile,NWK-R32,Newark,1186,CFM,200,2000,OK,2024-06-28,v2.2.1
2025-02-28 10:00:00,TEMP-STM-E-HOT,Temperature,Row E Hot Aisle,STM-R45,Stamford,37.2,°C,25.0,45.0,OK,2024-12-08,v2.2.1
2025-02-28 10:00:00,HUMID-STM-E,Humidity,Row E,STM-R43,Stamford,45.7,%RH,30.0,60.0,OK,2024-09-13,v2.2.0
2025-02-28 11:00:00,TEMP-STM-E-HOT,Temperature,Row E Hot Aisle,STM-R45,Stamford,36.2,°C,25.0,45.0,OK,2024-09-03,v2.2.1
2025-02-28 11:00:00,TEMP-NWK-B-HOT,Temperature,Row B Hot Aisle,NWK-R15,Newark,29.5,°C,25.0,45.0,OK,2024-12-03,v2.2.0
2025-02-28 12:00:00,LEAK-STM-04,Water Leak,Zone 4 Under-floor,,Stamford,0,boolean,0,1,OK,2024-09-03,v2.1.6
2025-02-28 12:00:00,CRAC-NWK-2-SUP,CRAC Supply Temp,CRAC-N2 Supply,,Newark,13.7,°C,10.0,18.0,OK,2024-08-13,v2.1.4
2025-02-28 12:00:00,AIRFLOW-STM-A,Airflow,Row A Floor Tile,STM-R02,Stamford,765,CFM,200,2000,OK,2024-10-25,v2.1.4
2025-02-28 13:00:00,TEMP-STM-E-HOT,Temperature,Row E Hot Aisle,STM-R45,Stamford,35.7,°C,25.0,45.0,OK,2024-06-24,v2.2.0
2025-02-28 13:00:00,CRAC-STM-3-RET,CRAC Return Temp,CRAC-S3 Return,,Stamford,30.3,°C,20.0,35.0,OK,2024-07-02,v2.1.6
2025-02-28 14:00:00,LEAK-NWK-06,Water Leak,Zone 6 Under-floor,,Newark,0,boolean,0,1,OK,2024-12-18,v2.1.6
2025-02-28 15:00:00,CRAC-NWK-2-SUP,CRAC Supply Temp,CRAC-N2 Supply,,Newark,13.1,°C,10.0,18.0,OK,2024-09-09,v2.1.6
2025-02-28 15:00:00,TEMP-NWK-D-COLD,Temperature,Row D Cold Aisle,NWK-R31,Newark,21.5,°C,18.0,27.0,OK,2024-11-13,v2.1.4
2025-02-28 15:00:00,PWR-NWK-UPS2,UPS Load,UPS-N2,,Newark,77.4,kW,0,200,OK,2024-06-09,v2.1.4
2025-02-28 16:00:00,CRAC-STM-3-SUP,CRAC Supply Temp,CRAC-S3 Supply,,Stamford,14.5,°C,10.0,18.0,OK,2024-07-09,v2.1.4
2025-02-28 16:00:00,AIRFLOW-STM-E,Airflow,Row E Floor Tile,STM-R42,Stamford,736,CFM,200,2000,OK,2024-11-03,v2.1.6
2025-02-28 17:00:00,CRAC-STM-4-SUP,CRAC Supply Temp,CRAC-S4 Supply,,Stamford,14.4,°C,10.0,18.0,OK,2024-06-19,v2.2.0
2025-02-28 18:00:00,HUMID-NWK-G,Humidity,Row G,NWK-R63,Newark,47.8,%RH,30.0,60.0,OK,2024-07-21,v2.2.1
2025-02-28 18:00:00,HUMID-STM-C,Humidity,Row C,STM-R23,Stamford,40.6,%RH,30.0,60.0,OK,2024-06-28,v2.2.1
2025-02-28 19:00:00,PWR-NWK-UPS1,UPS Load,UPS-N1,,Newark,93.8,kW,0,200,OK,2024-11-02,v2.1.4
2025-02-28 19:00:00,AIRFLOW-NWK-D,Airflow,Row D Floor Tile,NWK-R32,Newark,1148,CFM,200,2000,OK,2024-06-12,v2.2.0
2025-02-28 20:00:00,TEMP-NWK-A-COLD,Temperature,Row A Cold Aisle,NWK-R01,Newark,20.0,°C,18.0,27.0,OK,2024-09-14,v2.1.4
2025-02-28 20:00:00,LEAK-NWK-04,Water Leak,Zone 4 Under-floor,,Newark,0,boolean,0,1,OK,2024-10-08,v2.1.6
2025-02-28 20:00:00,TEMP-STM-E-HOT,Temperature,Row E Hot Aisle,STM-R45,Stamford,34.3,°C,25.0,45.0,OK,2024-06-01,v2.2.1
2025-02-28 21:00:00,TEMP-STM-B-COLD,Temperature,Row B Cold Aisle,STM-R11,Stamford,18.6,°C,18.0,27.0,OK,2024-06-17,v2.2.0
2025-02-28 21:00:00,LEAK-NWK-08,Water Leak,Zone 8 Under-floor,,Newark,0,boolean,0,1,OK,2024-07-20,v2.2.0
2025-02-28 21:00:00,HUMID-NWK-E,Humidity,Row E,NWK-R43,Newark,47.3,%RH,30.0,60.0,OK,2024-09-23,v2.2.0
2025-02-28 21:00:00,TEMP-NWK-C-COLD,Temperature,Row C Cold Aisle,NWK-R21,Newark,20.2,°C,18.0,27.0,OK,2024-11-25,v2.1.4
2025-02-28 22:00:00,TEMP-STM-E-HOT,Temperature,Row E Hot Aisle,STM-R45,Stamford,35.4,°C,25.0,45.0,OK,2024-07-12,v2.1.6
2025-02-28 22:00:00,CRAC-STM-1-SUP,CRAC Supply Temp,CRAC-S1 Supply,,Stamford,13.6,°C,10.0,18.0,OK,2024-11-14,v2.2.0
2025-02-28 22:00:00,TEMP-NWK-B-HOT,Temperature,Row B Hot Aisle,NWK-R15,Newark,29.1,°C,25.0,45.0,OK,2024-11-15,v2.2.1
2025-02-28 22:00:00,HUMID-NWK-D,Humidity,Row D,NWK-R33,Newark,47.0,%RH,30.0,60.0,OK,2024-12-08,v2.2.0
2025-02-28 23:00:00,CRAC-NWK-4-RET,CRAC Return Temp,CRAC-N4 Return,,Newark,30.1,°C,20.0,35.0,OK,2024-09-21,v2.2.1
2025-03-01 00:00:00,TEMP-STM-E-HOT,Temperature,Row E Hot Aisle,STM-R45,Stamford,36.6,°C,25.0,45.0,OK,2024-11-16,v2.2.1
2025-03-01 00:00:00,PWR-NWK-UPS4,UPS Load,UPS-N4,,Newark,95.2,kW,0,200,OK,2024-06-25,v2.2.0
2025-03-01 00:00:00,AIRFLOW-NWK-G,Airflow,Row G Floor Tile,NWK-R62,Newark,839,CFM,200,2000,OK,2024-07-20,v2.1.4
2025-03-01 00:00:00,TEMP-NWK-E-COLD,Temperature,Row E Cold Aisle,NWK-R41,Newark,20.6,°C,18.0,27.0,OK,2024-07-11,v2.1.6
2025-03-01 01:00:00,TEMP-STM-E-HOT,Temperature,Row E Hot Aisle,STM-R45,Stamford,36.8,°C,25.0,45.0,OK,2024-07-18,v2.2.1
2025-03-01 01:00:00,TEMP-NWK-E-COLD,Temperature,Row E Cold Aisle,NWK-R41,Newark,20.5,°C,18.0,27.0,OK,2024-08-01,v2.2.1
2025-03-01 01:00:00,TEMP-STM-A-HOT,Temperature,Row A Hot Aisle,STM-R05,Stamford,30.2,°C,25.0,45.0,OK,2024-12-13,v2.1.4
2025-03-01 01:00:00,TEMP-NWK-E-HOT,Temperature,Row E Hot Aisle,NWK-R45,Newark,28.3,°C,25.0,45.0,OK,2024-12-02,v2.1.6
2025-03-01 02:00:00,TEMP-STM-E-HOT,Temperature,Row E Hot Aisle,STM-R45,Stamford,37.4,°C,25.0,45.0,OK,2024-12-12,v2.2.0
2025-03-01 03:00:00,TEMP-STM-E-HOT,Temperature,Row E Hot Aisle,STM-R45,Stamford,36.0,°C,25.0,45.0,OK,2024-08-01,v2.1.4
2025-03-01 04:00:00,TEMP-STM-E-HOT,Temperature,Row E Hot Aisle,STM-R45,Stamford,36.6,°C,25.0,45.0,OK,2024-11-18,v2.1.4
2025-03-01 04:00:00,CRAC-STM-1-RET,CRAC Return Temp,CRAC-S1 Return,,Stamford,32.4,°C,20.0,35.0,OK,2024-08-09,v2.2.1
2025-03-01 04:00:00,CRAC-NWK-5-RET,CRAC Return Temp,CRAC-N5 Return,,Newark,31.1,°C,20.0,35.0,OK,2024-10-08,v2.1.6
2025-03-01 04:00:00,TEMP-NWK-F-HOT,Temperature,Row F Hot Aisle,NWK-R55,Newark,32.9,°C,25.0,45.0,OK,2024-11-17,v2.1.6
2025-03-01 05:00:00,TEMP-NWK-C-HOT,Temperature,Row C Hot Aisle,NWK-R25,Newark,35.9,°C,25.0,45.0,OK,2024-09-18,v2.1.4
2025-03-01 05:00:00,TEMP-STM-E-HOT,Temperature,Row E Hot Aisle,STM-R45,Stamford,37.6,°C,25.0,45.0,OK,2024-09-20,v2.2.1
2025-03-01 05:00:00,TEMP-STM-C-HOT,Temperature,Row C Hot Aisle,STM-R25,Stamford,33.3,°C,25.0,45.0,OK,2024-12-03,v2.2.0
2025-03-01 05:00:00,CRAC-STM-3-RET,CRAC Return Temp,CRAC-S3 Return,,Stamford,31.2,°C,20.0,35.0,OK,2024-11-22,v2.2.1
2025-03-01 05:00:00,CRAC-STM-1-RET,CRAC Return Temp,CRAC-S1 Return,,Stamford,32.1,°C,20.0,35.0,OK,2024-10-14,v2.2.0
2025-03-01 06:00:00,TEMP-NWK-C-HOT,Temperature,Row C Hot Aisle,NWK-R25,Newark,35.1,°C,25.0,45.0,OK,2024-10-25,v2.2.0
2025-03-01 06:00:00,TEMP-STM-E-HOT,Temperature,Row E Hot Aisle,STM-R45,Stamford,36.8,°C,25.0,45.0,OK,2024-11-13,v2.1.4
2025-03-01 06:00:00,CRAC-NWK-1-SUP,CRAC Supply Temp,CRAC-N1 Supply,,Newark,15.2,°C,10.0,18.0,OK,2024-07-28,v2.2.0
2025-03-01 06:00:00,TEMP-STM-A-HOT,Temperature,Row A Hot Aisle,STM-R05,Stamford,31.5,°C,25.0,45.0,OK,2024-12-19,v2.2.0
2025-03-01 06:00:00,TEMP-NWK-F-HOT,Temperature,Row F Hot Aisle,NWK-R55,Newark,32.8,°C,25.0,45.0,OK,2024-09-07,v2.1.4
2025-03-01 06:00:00,LEAK-STM-04,Water Leak,Zone 4 Under-floor,,Stamford,0,boolean,0,1,OK,2024-08-27,v2.2.0
2025-03-01 07:00:00,TEMP-STM-E-HOT,Temperature,Row E Hot Aisle,STM-R45,Stamford,37.2,°C,25.0,45.0,OK,2024-12-04,v2.1.6
2025-03-01 08:00:00,TEMP-NWK-C-HOT,Temperature,Row C Hot Aisle,NWK-R25,Newark,35.4,°C,25.0,45.0,OK,2024-12-21,v2.2.0
2025-03-01 08:00:00,TEMP-STM-E-HOT,Temperature,Row E Hot Aisle,STM-R45,Stamford,36.1,°C,25.0,45.0,OK,2024-10-23,v2.1.4
2025-03-01 09:00:00,TEMP-STM-E-HOT,Temperature,Row E Hot Aisle,STM-R45,Stamford,36.9,°C,25.0,45.0,OK,2024-10-14,v2.1.6
2025-03-01 10:00:00,TEMP-STM-E-HOT,Temperature,Row E Hot Aisle,STM-R45,Stamford,35.6,°C,25.0,45.0,OK,2024-10-15,v2.1.6
2025-03-01 10:00:00,AIRFLOW-NWK-D,Airflow,Row D Floor Tile,NWK-R32,Newark,1241,CFM,200,2000,OK,2024-11-21,v2.1.6
2025-03-01 10:00:00,TEMP-NWK-E-COLD,Temperature,Row E Cold Aisle,NWK-R41,Newark,20.8,°C,18.0,27.0,OK,2024-09-20,v2.2.0
2025-03-01 10:00:00,AIRFLOW-NWK-C,Airflow,Row C Floor Tile,NWK-R22,Newark,1125,CFM,200,2000,OK,2024-09-20,v2.2.1
2025-03-01 11:00:00,TEMP-STM-E-HOT,Temperature,Row E Hot Aisle,STM-R45,Stamford,35.4,°C,25.0,45.0,OK,2024-07-14,v2.2.0
2025-03-01 11:00:00,PWR-STM-UPS2,UPS Load,UPS-S2,,Stamford,81.1,kW,0,200,OK,2024-12-24,v2.1.4
2025-03-01 11:00:00,LEAK-NWK-06,Water Leak,Zone 6 Under-floor,,Newark,0,boolean,0,1,OK,2024-10-09,v2.1.6
2025-03-01 11:00:00,LEAK-NWK-02,Water Leak,Zone 2 Under-floor,,Newark,0,boolean,0,1,OK,2024-11-09,v2.1.4
2025-03-01 11:00:00,CRAC-STM-4-SUP,CRAC Supply Temp,CRAC-S4 Supply,,Stamford,15.6,°C,10.0,18.0,OK,2024-11-13,v2.2.0
2025-03-01 12:00:00,TEMP-STM-E-HOT,Temperature,Row E Hot Aisle,STM-R45,Stamford,35.5,°C,25.0,45.0,OK,2024-07-03,v2.2.1
2025-03-01 12:00:00,CRAC-NWK-1-RET,CRAC Return Temp,CRAC-N1 Return,,Newark,28.4,°C,20.0,35.0,OK,2024-08-13,v2.1.6
2025-03-01 13:00:00,TEMP-STM-E-HOT,Temperature,Row E Hot Aisle,STM-R45,Stamford,35.1,°C,25.0,45.0,OK,2024-07-10,v2.2.0
2025-03-01 13:00:00,TEMP-NWK-F-COLD,Temperature,Row F Cold Aisle,NWK-R51,Newark,20.0,°C,18.0,27.0,OK,2024-06-07,v2.2.1
2025-03-01 14:00:00,TEMP-NWK-D-HOT,Temperature,Row D Hot Aisle,NWK-R35,Newark,27.2,°C,25.0,45.0,OK,2024-09-17,v2.1.4
2025-03-01 14:00:00,CRAC-NWK-6-SUP,CRAC Supply Temp,CRAC-N6 Supply,,Newark,14.7,°C,10.0,18.0,OK,2024-12-11,v2.2.1
2025-03-01 15:00:00,HUMID-NWK-D,Humidity,Row D,NWK-R33,Newark,47.4,%RH,30.0,60.0,OK,2024-10-26,v2.1.6
2025-03-01 15:00:00,LEAK-STM-03,Water Leak,Zone 3 Under-floor,,Stamford,0,boolean,0,1,OK,2024-09-05,v2.2.0
2025-03-01 16:00:00,CRAC-NWK-4-RET,CRAC Return Temp,CRAC-N4 Return,,Newark,28.5,°C,20.0,35.0,OK,2024-06-17,v2.1.4
2025-03-01 16:00:00,CRAC-NWK-2-SUP,CRAC Supply Temp,CRAC-N2 Supply,,Newark,12.9,°C,10.0,18.0,OK,2024-11-22,v2.1.6
2025-03-01 17:00:00,LEAK-NWK-03,Water Leak,Zone 3 Under-floor,,Newark,0,boolean,0,1,OK,2024-09-21,v2.2.0
2025-03-01 17:00:00,LEAK-NWK-08,Water Leak,Zone 8 Under-floor,,Newark,0,boolean,0,1,OK,2024-09-13,v2.2.0
2025-03-01 18:00:00,LEAK-NWK-02,Water Leak,Zone 2 Under-floor,,Newark,0,boolean,0,1,OK,2024-10-20,v2.2.0
2025-03-01 18:00:00,CRAC-NWK-3-SUP,CRAC Supply Temp,CRAC-N3 Supply,,Newark,13.7,°C,10.0,18.0,OK,2024-08-19,v2.1.6
2025-03-01 18:00:00,TEMP-STM-C-COLD,Temperature,Row C Cold Aisle,STM-R21,Stamford,19.5,°C,18.0,27.0,OK,2024-12-04,v2.2.0
2025-03-01 18:00:00,AIRFLOW-NWK-F,Airflow,Row F Floor Tile,NWK-R52,Newark,804,CFM,200,2000,OK,2024-10-11,v2.2.1
2025-03-01 21:00:00,HUMID-STM-D,Humidity,Row D,STM-R33,Stamford,48.9,%RH,30.0,60.0,OK,2024-09-02,v2.1.4
2025-03-01 22:00:00,TEMP-STM-E-HOT,Temperature,Row E Hot Aisle,STM-R45,Stamford,35.6,°C,25.0,45.0,OK,2024-12-23,v2.1.4
2025-03-01 22:00:00,TEMP-NWK-G-COLD,Temperature,Row G Cold Aisle,NWK-R61,Newark,18.8,°C,18.0,27.0,OK,2024-12-24,v2.1.6
2025-03-01 23:00:00,HUMID-NWK-E,Humidity,Row E,NWK-R43,Newark,49.8,%RH,30.0,60.0,OK,2024-07-13,v2.2.0
2025-03-02 00:00:00,TEMP-STM-E-HOT,Temperature,Row E Hot Aisle,STM-R45,Stamford,36.4,°C,25.0,45.0,OK,2024-09-17,v2.2.0
2025-03-02 00:00:00,CRAC-NWK-6-SUP,CRAC Supply Temp,CRAC-N6 Supply,,Newark,14.9,°C,10.0,18.0,OK,2024-08-22,v2.2.0
2025-03-02 01:00:00,TEMP-STM-E-HOT,Temperature,Row E Hot Aisle,STM-R45,Stamford,36.6,°C,25.0,45.0,OK,2024-08-27,v2.1.4
2025-03-02 01:00:00,LEAK-NWK-05,Water Leak,Zone 5 Under-floor,,Newark,0,boolean,0,1,OK,2024-11-03,v2.1.6
2025-03-02 02:00:00,TEMP-STM-E-HOT,Temperature,Row E Hot Aisle,STM-R45,Stamford,36.3,°C,25.0,45.0,OK,2024-08-19,v2.1.4
2025-03-02 02:00:00,HUMID-NWK-E,Humidity,Row E,NWK-R43,Newark,51.3,%RH,30.0,60.0,OK,2024-07-08,v2.2.0
2025-03-02 02:00:00,LEAK-STM-03,Water Leak,Zone 3 Under-floor,,Stamford,0,boolean,0,1,OK,2024-06-18,v2.2.0
2025-03-02 02:00:00,HUMID-NWK-B,Humidity,Row B,NWK-R13,Newark,49.1,%RH,30.0,60.0,OK,2024-06-17,v2.2.1
2025-03-02 03:00:00,TEMP-STM-E-HOT,Temperature,Row E Hot Aisle,STM-R45,Stamford,35.8,°C,25.0,45.0,OK,2024-11-19,v2.1.6
2025-03-02 03:00:00,AIRFLOW-STM-A,Airflow,Row A Floor Tile,STM-R02,Stamford,904,CFM,200,2000,OK,2024-12-27,v2.1.4
2025-03-02 03:00:00,TEMP-NWK-A-HOT,Temperature,Row A Hot Aisle,NWK-R05,Newark,29.1,°C,25.0,45.0,OK,2024-10-04,v2.1.6
2025-03-02 03:00:00,TEMP-NWK-D-COLD,Temperature,Row D Cold Aisle,NWK-R31,Newark,22.0,°C,18.0,27.0,OK,2024-07-15,v2.1.4
2025-03-02 04:00:00,TEMP-NWK-C-HOT,Temperature,Row C Hot Aisle,NWK-R25,Newark,35.6,°C,25.0,45.0,OK,2024-12-21,v2.1.4
2025-03-02 04:00:00,TEMP-STM-E-HOT,Temperature,Row E Hot Aisle,STM-R45,Stamford,36.3,°C,25.0,45.0,OK,2024-10-06,v2.1.6
2025-03-02 04:00:00,CRAC-NWK-2-RET,CRAC Return Temp,CRAC-N2 Return,,Newark,32.6,°C,20.0,35.0,OK,2024-12-17,v2.1.4
2025-03-02 05:00:00,TEMP-NWK-C-HOT,Temperature,Row C Hot Aisle,NWK-R25,Newark,35.1,°C,25.0,45.0,OK,2024-08-22,v2.2.1
2025-03-02 05:00:00,TEMP-STM-E-HOT,Temperature,Row E Hot Aisle,STM-R45,Stamford,36.8,°C,25.0,45.0,OK,2024-06-19,v2.2.1
2025-03-02 05:00:00,TEMP-NWK-F-HOT,Temperature,Row F Hot Aisle,NWK-R55,Newark,33.6,°C,25.0,45.0,OK,2024-08-17,v2.1.4
2025-03-02 05:00:00,HUMID-NWK-G,Humidity,Row G,NWK-R63,Newark,52.9,%RH,30.0,60.0,OK,2024-12-25,v2.1.6
2025-03-02 05:00:00,LEAK-STM-02,Water Leak,Zone 2 Under-floor,,Stamford,0,boolean,0,1,OK,2024-08-07,v2.1.4
2025-03-02 06:00:00,TEMP-NWK-C-HOT,Temperature,Row C Hot Aisle,NWK-R25,Newark,35.6,°C,25.0,45.0,OK,2024-11-21,v2.1.6
2025-03-02 06:00:00,TEMP-STM-E-HOT,Temperature,Row E Hot Aisle,STM-R45,Stamford,37.3,°C,25.0,45.0,OK,2024-09-17,v2.2.1
2025-03-02 06:00:00,CRAC-STM-3-SUP,CRAC Supply Temp,CRAC-S3 Supply,,Stamford,15.4,°C,10.0,18.0,OK,2024-07-03,v2.2.1
2025-03-02 06:00:00,CRAC-NWK-6-RET,CRAC Return Temp,CRAC-N6 Return,,Newark,30.7,°C,20.0,35.0,OK,2024-09-05,v2.1.4
2025-03-02 07:00:00,TEMP-NWK-C-HOT,Temperature,Row C Hot Aisle,NWK-R25,Newark,35.1,°C,25.0,45.0,OK,2024-11-24,v2.1.6
2025-03-02 07:00:00,TEMP-STM-E-HOT,Temperature,Row E Hot Aisle,STM-R45,Stamford,38.2,°C,25.0,45.0,OK,2024-12-22,v2.2.1
2025-03-02 07:00:00,PWR-NWK-UPS4,UPS Load,UPS-N4,,Newark,91.0,kW,0,200,OK,2024-12-09,v2.2.0
2025-03-02 07:00:00,CRAC-STM-2-SUP,CRAC Supply Temp,CRAC-S2 Supply,,Stamford,15.5,°C,10.0,18.0,OK,2024-07-24,v2.2.0
2025-03-02 07:00:00,TEMP-STM-C-COLD,Temperature,Row C Cold Aisle,STM-R21,Stamford,22.3,°C,18.0,27.0,OK,2024-11-13,v2.1.4
2025-03-02 08:00:00,TEMP-STM-E-HOT,Temperature,Row E Hot Aisle,STM-R45,Stamford,36.7,°C,25.0,45.0,OK,2024-09-03,v2.1.6
2025-03-02 08:00:00,CRAC-NWK-1-RET,CRAC Return Temp,CRAC-N1 Return,,Newark,29.9,°C,20.0,35.0,OK,2024-11-10,v2.2.1
2025-03-02 08:00:00,CRAC-NWK-6-RET,CRAC Return Temp,CRAC-N6 Return,,Newark,30.4,°C,20.0,35.0,OK,2024-11-22,v2.1.6
2025-03-02 09:00:00,TEMP-STM-E-HOT,Temperature,Row E Hot Aisle,STM-R45,Stamford,35.8,°C,25.0,45.0,OK,2024-11-03,v2.2.1
2025-03-02 10:00:00,TEMP-STM-E-HOT,Temperature,Row E Hot Aisle,STM-R45,Stamford,36.9,°C,25.0,45.0,OK,2024-07-04,v2.1.6
2025-03-02 10:00:00,CRAC-NWK-5-SUP,CRAC Supply Temp,CRAC-N5 Supply,,Newark,15.5,°C,10.0,18.0,OK,2024-09-18,v2.1.6
2025-03-02 10:00:00,HUMID-NWK-D,Humidity,Row D,NWK-R33,Newark,49.1,%RH,30.0,60.0,OK,2024-10-24,v2.1.4
2025-03-02 10:00:00,CRAC-NWK-2-RET,CRAC Return Temp,CRAC-N2 Return,,Newark,31.1,°C,20.0,35.0,OK,2024-10-26,v2.1.6
2025-03-02 10:00:00,PWR-STM-UPS2,UPS Load,UPS-S2,,Stamford,84.0,kW,0,200,OK,2024-08-09,v2.1.4
2025-03-02 10:00:00,HUMID-NWK-B,Humidity,Row B,NWK-R13,Newark,48.0,%RH,30.0,60.0,OK,2024-11-03,v2.2.1
2025-03-02 11:00:00,TEMP-STM-E-HOT,Temperature,Row E Hot Aisle,STM-R45,Stamford,36.0,°C,25.0,45.0,OK,2024-07-18,v2.2.0
2025-03-02 11:00:00,TEMP-STM-B-HOT,Temperature,Row B Hot Aisle,STM-R15,Stamford,30.4,°C,25.0,45.0,OK,2024-08-25,v2.2.0
2025-03-02 12:00:00,TEMP-STM-E-HOT,Temperature,Row E Hot Aisle,STM-R45,Stamford,35.1,°C,25.0,45.0,OK,2024-07-02,v2.2.0
2025-03-02 12:00:00,CRAC-NWK-6-SUP,CRAC Supply Temp,CRAC-N6 Supply,,Newark,14.7,°C,10.0,18.0,OK,2024-07-09,v2.2.0
2025-03-02 13:00:00,PWR-NWK-UPS4,UPS Load,UPS-N4,,Newark,93.9,kW,0,200,OK,2024-07-01,v2.2.0
2025-03-02 13:00:00,CRAC-NWK-6-RET,CRAC Return Temp,CRAC-N6 Return,,Newark,28.0,°C,20.0,35.0,OK,2024-10-02,v2.2.0
2025-03-02 13:00:00,CRAC-STM-2-RET,CRAC Return Temp,CRAC-S2 Return,,Stamford,28.5,°C,20.0,35.0,OK,2024-09-02,v2.2.0
2025-03-02 14:00:00,AIRFLOW-NWK-G,Airflow,Row G Floor Tile,NWK-R62,Newark,829,CFM,200,2000,OK,2024-07-09,v2.2.0
2025-03-02 14:00:00,AIRFLOW-NWK-B,Airflow,Row B Floor Tile,NWK-R12,Newark,1158,CFM,200,2000,OK,2024-06-12,v2.1.6
2025-03-02 15:00:00,HUMID-NWK-D,Humidity,Row D,NWK-R33,Newark,45.0,%RH,30.0,60.0,OK,2024-12-18,v2.1.4
2025-03-02 15:00:00,CRAC-NWK-6-RET,CRAC Return Temp,CRAC-N6 Return,,Newark,27.8,°C,20.0,35.0,OK,2024-09-27,v2.1.4
2025-03-02 16:00:00,CRAC-STM-1-RET,CRAC Return Temp,CRAC-S1 Return,,Stamford,38.5,°C,20.0,35.0,OK,2024-08-28,v2.1.4
2025-03-02 16:00:00,TEMP-NWK-C-HOT,Temperature,Row C Hot Aisle,NWK-R25,Newark,31.1,°C,25.0,45.0,OK,2024-10-20,v2.2.1
2025-03-02 17:00:00,CRAC-STM-1-RET,CRAC Return Temp,CRAC-S1 Return,,Stamford,30.1,°C,20.0,35.0,OK,2024-11-19,v2.2.1
2025-03-02 18:00:00,TEMP-NWK-A-HOT,Temperature,Row A Hot Aisle,NWK-R05,Newark,26.5,°C,25.0,45.0,OK,2024-12-26,v2.1.6
2025-03-02 18:00:00,CRAC-STM-2-SUP,CRAC Supply Temp,CRAC-S2 Supply,,Stamford,14.1,°C,10.0,18.0,OK,2024-11-09,v2.2.0
2025-03-02 18:00:00,LEAK-STM-01,Water Leak,Zone 1 Under-floor,,Stamford,0,boolean,0,1,OK,2024-08-24,v2.1.6
2025-03-02 19:00:00,CRAC-STM-2-SUP,CRAC Supply Temp,CRAC-S2 Supply,,Stamford,14.0,°C,10.0,18.0,OK,2024-07-24,v2.2.1
2025-03-02 19:00:00,TEMP-STM-E-HOT,Temperature,Row E Hot Aisle,STM-R45,Stamford,34.4,°C,25.0,45.0,OK,2024-06-25,v2.2.0
2025-03-02 19:00:00,LEAK-NWK-02,Water Leak,Zone 2 Under-floor,,Newark,0,boolean,0,1,OK,2024-09-16,v2.2.0
2025-03-02 20:00:00,CRAC-STM-1-RET,CRAC Return Temp,CRAC-S1 Return,,Stamford,29.4,°C,20.0,35.0,OK,2024-08-11,v2.1.6
2025-03-02 20:00:00,LEAK-NWK-05,Water Leak,Zone 5 Under-floor,,Newark,0,boolean,0,1,OK,2024-08-16,v2.2.0
2025-03-02 20:00:00,TEMP-STM-C-HOT,Temperature,Row C Hot Aisle,STM-R25,Stamford,29.2,°C,25.0,45.0,OK,2024-06-26,v2.2.1
2025-03-02 20:00:00,TEMP-STM-A-HOT,Temperature,Row A Hot Aisle,STM-R05,Stamford,28.4,°C,25.0,45.0,OK,2024-07-21,v2.2.0
2025-03-02 21:00:00,TEMP-STM-D-COLD,Temperature,Row D Cold Aisle,STM-R31,Stamford,20.3,°C,18.0,27.0,OK,2024-11-23,v2.2.1
2025-03-02 22:00:00,LEAK-NWK-02,Water Leak,Zone 2 Under-floor,,Newark,0,boolean,0,1,OK,2024-11-18,v2.2.1
2025-03-02 22:00:00,PWR-NWK-UPS4,UPS Load,UPS-N4,,Newark,87.9,kW,0,200,OK,2024-10-19,v2.1.6
2025-03-02 23:00:00,CRAC-STM-3-RET,CRAC Return Temp,CRAC-S3 Return,,Stamford,29.6,°C,20.0,35.0,OK,2024-12-15,v2.1.4
2025-03-02 23:00:00,HUMID-STM-D,Humidity,Row D,STM-R33,Stamford,50.0,%RH,30.0,60.0,OK,2024-06-21,v2.1.6
2025-03-02 23:00:00,HUMID-NWK-A,Humidity,Row A,NWK-R03,Newark,46.5,%RH,30.0,60.0,OK,2024-11-18,v2.2.0
2026-07-03 04:00:00,TEMP-NWK-R14-INLET,temperature,Row_7_Rack_14,NWK-R14,Facility_A,27.5,celsius,18.0,27.0,WARNING,2026-03-15,v3.2.1
2026-07-04 04:00:00,PWR-NWK-R14-001,power,Row_7_Rack_14,NWK-R14,Facility_A,9.13,kW,0.5,8.0,NORMAL,2026-03-15,v3.2.1
2026-07-05 20:00:00,PWR-NWK-R14-001,power,Row_7_Rack_14,NWK-R14,Facility_A,9.48,kW,0.5,8.0,NORMAL,2026-03-15,v3.2.1
2026-07-10 04:00:00,TEMP-NWK-R14-INLET,temperature,Row_7_Rack_14,NWK-R14,Facility_A,26.9,celsius,18.0,27.0,NORMAL,2026-03-15,v3.2.1
2026-07-11 12:00:00,TEMP-NWK-R14-INLET,temperature,Row_7_Rack_14,NWK-R14,Facility_A,28.2,celsius,18.0,27.0,WARNING,2026-03-15,v3.2.1
2026-07-14 04:00:00,TEMP-NWK-R14-INLET,temperature,Row_7_Rack_14,NWK-R14,Facility_A,24.8,celsius,18.0,27.0,NORMAL,2026-03-15,v3.2.1
2026-07-16 12:00:00,TEMP-NWK-R14-INLET,temperature,Row_7_Rack_14,NWK-R14,Facility_A,29.7,celsius,18.0,27.0,WARNING,2026-03-15,v3.2.1
2026-07-20 16:00:00,PWR-NWK-R14-001,power,Row_7_Rack_14,NWK-R14,Facility_A,9.43,kW,0.5,8.0,NORMAL,2026-03-15,v3.2.1
2026-07-21 04:00:00,PWR-NWK-R14-001,power,Row_7_Rack_14,NWK-R14,Facility_A,9.29,kW,0.5,8.0,NORMAL,2026-03-15,v3.2.1
2026-07-23 00:00:00,PWR-NWK-R14-001,power,Row_7_Rack_14,NWK-R14,Facility_A,9.11,kW,0.5,8.0,NORMAL,2026-03-15,v3.2.1
2026-07-26 20:00:00,TEMP-NWK-R14-INLET,temperature,Row_7_Rack_14,NWK-R14,Facility_A,27.6,celsius,18.0,27.0,WARNING,2026-03-15,v3.2.1
2026-07-27 08:00:00,PWR-NWK-R14-001,power,Row_7_Rack_14,NWK-R14,Facility_A,9.39,kW,0.5,8.0,NORMAL,2026-03-15,v3.2.1
