Timestamp,Array_ID,Array_Type,LUN_ID,Workload_ID,IOPS_Read,IOPS_Write,IOPS_Total,Throughput_Read_MBs,Throughput_Write_MBs,Throughput_Total_MBs,Latency,Queue_Depth,Cache_Hit_Pct,Utilization_Pct
2026-07-01 00:00:00,NVM-NWK-02,NVMe,LUN-NVM-NWK-02-004,WKL-OPS-003,12642,11692,24334,221.87,332.6,554.47,205,14,90.71,64.39
2026-07-01 00:00:00,SAN-NWK-01,SAN,LUN-SAN-NWK-01-005,WKL-FIN-015,11403,4024,15427,237.56,39.74,277.3,6.62,62,48.68,38.07
2026-07-01 00:00:00,NAS-NWK-01,NAS,LUN-NAS-NWK-01-001,WKL-FIN-007,29032,3754,32786,1139.17,127.43,1266.6,22.39,31,90.33,76.51
2026-07-01 04:00:00,NVM-NWK-02,NVMe,LUN-NVM-NWK-02-002,WKL-FIN-006,18635,831,19466,424.4,7.99,432.39,147,55,43.68,14.21
2026-07-01 04:00:00,NVM-NWK-02,NVMe,LUN-NVM-NWK-02-006,WKL-FIN-002,29063,3705,32768,757.0,55.48,812.48,229,61,77.85,25.65
2026-07-01 04:00:00,SAN-NWK-01,SAN,LUN-SAN-NWK-01-003,WKL-OPS-010,16172,6624,22796,396.73,93.49,490.22,4.76,36,70.57,73.14
2026-07-01 04:00:00,SAN-NWK-01,SAN,LUN-SAN-NWK-01-004,WKL-OPS-002,19204,11416,30620,550.56,270.63,821.19,12.2,31,79.2,49.08
2026-07-01 04:00:00,SAN-NWK-02,SAN,LUN-SAN-NWK-02-001,WKL-FIN-018,24627,6701,31328,481.41,118.42,599.83,11.06,25,53.96,80.56
2026-07-01 04:00:00,SAN-NWK-02,SAN,LUN-SAN-NWK-02-003,WKL-FIN-011,23079,2562,25641,509.93,35.61,545.54,2.19,37,65.04,72.58
2026-07-01 04:00:00,NAS-STM-01,NAS,LUN-NAS-STM-01-002,WKL-FIN-008,21728,2904,24632,672.08,70.52,742.6,9.02,20,66.9,55.93
2026-07-01 08:00:00,NVM-NWK-01,NVMe,LUN-NVM-NWK-01-002,WKL-FIN-002,33498,26677,60175,1219.26,629.96,1849.22,188,41,75.12,36.12
2026-07-01 08:00:00,NVM-STM-01,NVMe,LUN-NVM-STM-01-001,WKL-FIN-014,37164,26541,63705,602.91,912.75,1515.66,173,35,88.15,45.13
2026-07-01 08:00:00,SAN-NWK-02,SAN,LUN-SAN-NWK-02-006,WKL-FIN-018,44803,4062,48865,452.59,68.24,520.83,10.05,42,73.93,74.55
2026-07-01 08:00:00,NAS-NWK-01,NAS,LUN-NAS-NWK-01-003,WKL-FIN-023,35706,750,36456,743.58,9.4,752.98,16.93,19,71.24,21.42
2026-07-01 08:00:00,SAN-NWK-01,SAN,LUN-SAN-NWK-047,WKL-OPS-009,111507,33865,145372,1682.67,1115.23,2797.9,2.53,207,20.68,96.96
2026-07-01 12:00:00,NVM-NWK-01,NVMe,LUN-NVM-NWK-01-007,WKL-FIN-007,25554,21966,47520,955.05,448.05,1403.1,248,21,58.29,81.33
2026-07-01 12:00:00,SAN-NWK-01,SAN,LUN-SAN-NWK-01-003,WKL-OPS-010,47314,22498,69812,705.02,287.63,992.65,14.19,11,36.22,53.54
2026-07-01 12:00:00,SAN-NWK-02,SAN,LUN-SAN-NWK-02-005,WKL-FIN-022,64792,9843,74635,1206.53,117.95,1324.48,6.47,7,90.41,29.17
2026-07-01 12:00:00,SAN-NWK-01,SAN,LUN-SAN-NWK-047,WKL-OPS-009,116698,43008,159706,1046.68,1567.55,2614.23,8.87,234,18.51,98.16
2026-07-01 12:00:00,NAS-STM-01,NAS,LUN-NAS-STM-012,WKL-OPS-013,107602,52827,160429,3334.33,1663.75,4998.08,21.94,164,13.31,96.06
2026-07-01 16:00:00,NVM-STM-01,NVMe,LUN-NVM-STM-01-003,WKL-OPS-008,47560,3510,51070,1899.54,81.81,1981.35,146,27,70.9,60.23
2026-07-01 16:00:00,SAN-NWK-01,SAN,LUN-SAN-NWK-01-003,WKL-OPS-010,15598,14725,30323,345.59,238.64,584.23,7.97,11,57.17,11.11
2026-07-01 16:00:00,SAN-NWK-01,SAN,LUN-SAN-NWK-01-006,WKL-OPS-004,14713,703,15416,557.93,25.38,583.31,7.95,21,61.04,79.37
2026-07-01 16:00:00,SAN-NWK-02,SAN,LUN-SAN-NWK-02-005,WKL-FIN-022,20188,9075,29263,494.38,97.79,592.17,10.53,52,87.93,53.21
2026-07-01 16:00:00,SAN-STM-01,SAN,LUN-SAN-STM-01-004,WKL-FIN-006,52858,22408,75266,1377.13,223.55,1600.68,8.89,47,40.0,47.08
2026-07-01 16:00:00,SAN-STM-01,SAN,LUN-SAN-STM-01-005,WKL-FIN-025,50890,10386,61276,1798.63,229.93,2028.56,10.68,20,45.53,50.38
2026-07-01 16:00:00,NAS-STM-01,NAS,LUN-NAS-STM-01-005,WKL-OPS-011,67312,16210,83522,1661.26,344.2,2005.46,9.05,19,98.08,25.53
2026-07-01 16:00:00,SAN-NWK-01,SAN,LUN-SAN-NWK-047,WKL-OPS-009,114727,59080,173807,2486.18,1409.64,3895.82,14.63,172,18.64,99.23
2026-07-01 20:00:00,SAN-NWK-02,SAN,LUN-SAN-NWK-02-002,WKL-FIN-001,24068,9569,33637,264.22,259.68,523.9,5.88,12,57.65,15.64
2026-07-01 20:00:00,SAN-STM-01,SAN,LUN-SAN-STM-01-004,WKL-FIN-006,10177,10266,20443,340.53,216.54,557.07,8.24,9,87.41,67.03
2026-07-01 20:00:00,NAS-NWK-01,NAS,LUN-NAS-NWK-01-002,WKL-FIN-023,25190,2158,27348,487.69,61.94,549.63,3.97,32,77.09,16.09
2026-07-02 00:00:00,NVM-NWK-01,NVMe,LUN-NVM-NWK-01-007,WKL-FIN-007,10187,8252,18439,126.88,120.58,247.46,102,55,45.62,71.72
2026-07-02 00:00:00,SAN-NWK-02,SAN,LUN-SAN-NWK-02-004,WKL-OPS-003,23800,6780,30580,496.77,193.21,689.98,8.76,54,62.11,54.51
2026-07-02 04:00:00,SAN-NWK-01,SAN,LUN-SAN-NWK-01-002,WKL-FIN-013,29745,2244,31989,490.4,35.87,526.27,2.42,43,63.58,68.8
2026-07-02 04:00:00,SAN-NWK-01,SAN,LUN-SAN-NWK-01-004,WKL-OPS-002,23179,8896,32075,541.08,317.14,858.22,10.29,49,41.49,33.99
2026-07-02 04:00:00,SAN-NWK-02,SAN,LUN-SAN-NWK-02-004,WKL-OPS-003,10053,4127,14180,117.58,136.67,254.25,7.86,11,65.31,55.23
2026-07-02 04:00:00,SAN-STM-01,SAN,LUN-SAN-STM-01-003,WKL-FIN-007,10280,4630,14910,306.96,66.96,373.92,12.6,55,40.02,17.34
2026-07-02 08:00:00,NVM-STM-01,NVMe,LUN-NVM-STM-01-003,WKL-OPS-008,17407,20277,37684,212.34,638.53,850.87,200,29,81.54,9.42
2026-07-02 08:00:00,NVM-STM-01,NVMe,LUN-NVM-STM-01-004,WKL-OPS-014,50806,8755,59561,1447.48,286.11,1733.59,209,5,59.01,17.11
2026-07-02 08:00:00,SAN-NWK-02,SAN,LUN-SAN-NWK-02-003,WKL-FIN-011,34890,9438,44328,582.62,192.0,774.62,12.98,52,96.59,16.42
2026-07-02 08:00:00,NAS-NWK-01,NAS,LUN-NAS-NWK-01-002,WKL-FIN-023,23113,22786,45899,453.6,512.25,965.85,5.14,61,80.87,32.57
2026-07-02 08:00:00,NAS-STM-01,NAS,LUN-NAS-STM-01-005,WKL-OPS-011,18679,25216,43895,604.17,655.44,1259.61,15.82,42,80.46,48.14
2026-07-02 08:00:00,SAN-NWK-01,SAN,LUN-SAN-NWK-047,WKL-OPS-009,101038,56241,157279,2498.4,495.41,2993.81,3.46,236,21.74,96.44
2026-07-02 12:00:00,NVM-NWK-01,NVMe,LUN-NVM-NWK-01-007,WKL-FIN-007,59875,2949,62824,1576.25,57.38,1633.63,250,39,66.4,65.25
2026-07-02 12:00:00,NVM-NWK-02,NVMe,LUN-NVM-NWK-02-005,WKL-FIN-003,54306,14350,68656,1318.52,338.34,1656.86,125,48,67.92,9.83
2026-07-02 12:00:00,NVM-NWK-02,NVMe,LUN-NVM-NWK-02-006,WKL-FIN-002,65247,9912,75159,871.48,382.61,1254.09,187,11,95.69,31.7
2026-07-02 12:00:00,SAN-NWK-01,SAN,LUN-SAN-NWK-01-002,WKL-FIN-013,63528,7531,71059,530.89,271.06,801.95,3.41,48,96.27,30.06
2026-07-02 12:00:00,SAN-NWK-01,SAN,LUN-SAN-NWK-01-006,WKL-OPS-004,20605,24396,45001,597.03,273.27,870.3,9.86,46,43.21,78.41
2026-07-02 12:00:00,SAN-NWK-02,SAN,LUN-SAN-NWK-02-004,WKL-OPS-003,54147,10104,64251,1978.93,355.53,2334.46,10.03,10,81.56,27.48
2026-07-02 12:00:00,SAN-NWK-02,SAN,LUN-SAN-NWK-02-007,WKL-FIN-010,50461,25537,75998,1473.75,897.25,2371.0,12.39,47,67.14,14.7
2026-07-02 12:00:00,NAS-NWK-01,NAS,LUN-NAS-NWK-01-003,WKL-FIN-023,12831,11770,24601,300.35,274.5,574.85,7.64,43,81.1,38.68
2026-07-02 12:00:00,NAS-NWK-01,NAS,LUN-NAS-NWK-01-006,WKL-FIN-003,63880,1365,65245,953.79,37.41,991.2,13.37,37,95.62,73.01
2026-07-02 12:00:00,NAS-NWK-01,NAS,LUN-NAS-NWK-01-007,WKL-OPS-005,48549,8833,57382,1622.88,302.57,1925.45,7.0,53,73.45,24.23
2026-07-02 12:00:00,NAS-STM-01,NAS,LUN-NAS-STM-01-001,WKL-OPS-010,66045,25557,91602,1789.1,260.76,2049.86,11.32,44,94.03,27.57
2026-07-02 12:00:00,NAS-STM-01,NAS,LUN-NAS-STM-01-002,WKL-FIN-008,14196,5785,19981,388.63,79.12,467.75,22.84,54,87.9,9.23
2026-07-02 12:00:00,SAN-NWK-01,SAN,LUN-SAN-NWK-047,WKL-OPS-009,68239,43923,112162,557.86,1396.6,1954.46,1.6,232,12.38,97.91
2026-07-02 12:00:00,SAN-NWK-01,SAN,LUN-SAN-NWK-048,WKL-OPS-011,111367,35791,147158,3341.96,648.13,3990.09,6.39,224,19.13,97.54
2026-07-02 16:00:00,NVM-NWK-01,NVMe,LUN-NVM-NWK-01-006,WKL-FIN-009,40584,26058,66642,1389.89,742.37,2132.26,162,8,95.53,29.2
2026-07-02 16:00:00,NVM-NWK-02,NVMe,LUN-NVM-NWK-02-005,WKL-FIN-003,50662,14913,65575,1956.3,537.4,2493.7,258,15,86.39,33.16
2026-07-02 16:00:00,SAN-STM-01,SAN,LUN-SAN-STM-01-003,WKL-FIN-007,25936,4384,30320,260.43,158.34,418.77,8.9,51,41.59,23.58
2026-07-02 16:00:00,NAS-NWK-01,NAS,LUN-NAS-NWK-01-007,WKL-OPS-005,25765,8475,34240,387.99,89.28,477.27,16.76,50,88.02,60.91
2026-07-02 16:00:00,NAS-STM-01,NAS,LUN-NAS-STM-01-001,WKL-OPS-010,51984,13812,65796,1835.63,191.12,2026.75,9.37,35,61.43,29.07
2026-07-02 16:00:00,SAN-NWK-01,SAN,LUN-SAN-NWK-048,WKL-OPS-011,103543,42148,145691,3264.74,463.91,3728.65,10.49,136,11.39,98.57
2026-07-02 20:00:00,NVM-NWK-01,NVMe,LUN-NVM-NWK-01-002,WKL-FIN-002,31144,5205,36349,572.56,69.52,642.08,120,31,75.51,80.02
2026-07-02 20:00:00,NVM-NWK-02,NVMe,LUN-NVM-NWK-02-002,WKL-FIN-006,25998,3887,29885,889.69,98.46,988.15,166,20,63.76,13.1
2026-07-02 20:00:00,NVM-NWK-02,NVMe,LUN-NVM-NWK-02-004,WKL-OPS-003,11514,7565,19079,343.84,245.89,589.73,89,50,47.15,61.35
2026-07-02 20:00:00,SAN-NWK-01,SAN,LUN-SAN-NWK-01-001,WKL-OPS-011,23712,7951,31663,874.49,203.57,1078.06,14.96,57,94.75,56.66
2026-07-02 20:00:00,SAN-NWK-01,SAN,LUN-SAN-NWK-01-005,WKL-FIN-015,13219,11937,25156,300.49,155.13,455.62,5.08,20,41.03,49.17
2026-07-02 20:00:00,NAS-NWK-01,NAS,LUN-NAS-NWK-01-002,WKL-FIN-023,13004,1427,14431,378.83,41.69,420.52,23.08,2,39.26,42.41
2026-07-03 00:00:00,NVM-NWK-01,NVMe,LUN-NVM-NWK-01-004,WKL-FIN-016,18009,7387,25396,404.33,254.59,658.92,60,5,68.32,37.17
2026-07-03 00:00:00,NVM-NWK-01,NVMe,LUN-NVM-NWK-01-005,WKL-FIN-015,11832,12107,23939,290.07,341.18,631.25,62,6,70.69,47.8
2026-07-03 00:00:00,SAN-NWK-01,SAN,LUN-SAN-NWK-01-002,WKL-FIN-013,29413,12342,41755,804.53,410.02,1214.55,11.04,62,81.34,81.05
2026-07-03 00:00:00,SAN-NWK-01,SAN,LUN-SAN-NWK-01-007,WKL-OPS-013,25790,7639,33429,488.04,238.19,726.23,9.82,15,78.89,64.76
2026-07-03 00:00:00,SAN-NWK-02,SAN,LUN-SAN-NWK-02-003,WKL-FIN-011,19549,1494,21043,580.65,38.49,619.14,1.75,39,71.16,69.8
2026-07-03 00:00:00,NAS-NWK-01,NAS,LUN-NAS-NWK-01-007,WKL-OPS-005,12397,8546,20943,449.23,192.33,641.56,3.67,43,85.48,37.01
2026-07-03 00:00:00,NAS-STM-01,NAS,LUN-NAS-STM-01-004,WKL-FIN-006,27670,10098,37768,524.36,305.08,829.44,6.81,56,71.3,66.04
2026-07-03 04:00:00,NVM-NWK-01,NVMe,LUN-NVM-NWK-01-007,WKL-FIN-007,20594,3324,23918,753.63,100.56,854.19,288,54,90.05,14.27
2026-07-03 04:00:00,NVM-NWK-02,NVMe,LUN-NVM-NWK-02-003,WKL-OPS-013,17394,977,18371,202.14,22.87,225.01,226,62,80.11,80.39
2026-07-03 04:00:00,SAN-NWK-01,SAN,LUN-SAN-NWK-01-003,WKL-OPS-010,24989,5569,30558,315.98,199.64,515.62,1.66,50,65.37,36.11
2026-07-03 04:00:00,SAN-STM-01,SAN,LUN-SAN-STM-01-002,WKL-FIN-022,23069,11176,34245,186.99,430.64,617.63,12.54,9,69.57,40.27
2026-07-03 04:00:00,NAS-STM-01,NAS,LUN-NAS-STM-01-003,WKL-FIN-025,20683,5798,26481,689.03,163.68,852.71,11.27,6,43.54,76.5
2026-07-03 08:00:00,NVM-NWK-02,NVMe,LUN-NVM-NWK-02-007,WKL-FIN-006,30276,12199,42475,890.39,160.75,1051.14,167,12,36.02,55.93
2026-07-03 08:00:00,NVM-STM-01,NVMe,LUN-NVM-STM-01-001,WKL-FIN-014,57270,1648,58918,2060.25,34.56,2094.81,252,60,84.4,80.26
2026-07-03 08:00:00,SAN-NWK-02,SAN,LUN-SAN-NWK-02-002,WKL-FIN-001,65662,16488,82150,1717.2,605.85,2323.05,5.64,57,64.31,43.97
2026-07-03 08:00:00,SAN-STM-01,SAN,LUN-SAN-STM-01-001,WKL-FIN-014,54888,25389,80277,948.16,970.07,1918.23,14.74,38,65.33,32.51
2026-07-03 08:00:00,NAS-NWK-01,NAS,LUN-NAS-NWK-01-002,WKL-FIN-023,45001,4755,49756,958.5,105.37,1063.87,6.6,57,82.46,23.96
2026-07-03 08:00:00,SAN-NWK-01,SAN,LUN-SAN-NWK-048,WKL-OPS-011,110937,43831,154768,4156.7,579.31,4736.01,4.44,252,15.0,96.85
2026-07-03 08:00:00,NAS-STM-01,NAS,LUN-NAS-STM-012,WKL-OPS-013,109483,40867,150350,4085.14,479.37,4564.51,5.89,157,15.09,99.01
2026-07-03 12:00:00,NVM-NWK-01,NVMe,LUN-NVM-NWK-01-004,WKL-FIN-016,12181,4270,16451,114.02,48.89,162.91,253,62,83.47,9.39
2026-07-03 12:00:00,NVM-NWK-02,NVMe,LUN-NVM-NWK-02-007,WKL-FIN-006,23403,20467,43870,239.35,714.58,953.93,171,55,47.08,29.5
2026-07-03 12:00:00,NVM-STM-01,NVMe,LUN-NVM-STM-01-004,WKL-OPS-014,24091,21324,45415,783.23,575.68,1358.91,243,36,83.95,61.66
2026-07-03 12:00:00,SAN-NWK-01,SAN,LUN-SAN-NWK-01-006,WKL-OPS-004,30990,8517,39507,633.76,276.36,910.12,9.18,18,55.0,44.37
2026-07-03 12:00:00,SAN-NWK-02,SAN,LUN-SAN-NWK-02-007,WKL-FIN-010,50623,17139,67762,1111.26,409.66,1520.92,12.94,39,58.25,20.33
2026-07-03 12:00:00,NAS-STM-01,NAS,LUN-NAS-STM-01-002,WKL-FIN-008,58641,19615,78256,878.22,223.97,1102.19,7.71,31,94.87,67.63
2026-07-03 12:00:00,SAN-NWK-01,SAN,LUN-SAN-NWK-048,WKL-OPS-011,112582,41617,154199,4361.87,1568.14,5930.01,13.89,227,8.13,99.13
2026-07-03 12:00:00,NAS-STM-01,NAS,LUN-NAS-STM-012,WKL-OPS-013,89578,34435,124013,3180.14,452.04,3632.18,12.65,188,13.06,99.5
2026-07-03 16:00:00,NVM-NWK-02,NVMe,LUN-NVM-NWK-02-004,WKL-OPS-003,45801,24738,70539,1629.69,817.04,2446.73,123,27,47.19,16.77
2026-07-03 16:00:00,NVM-STM-01,NVMe,LUN-NVM-STM-01-005,WKL-FIN-002,14167,4855,19022,166.31,45.7,212.01,82,56,44.07,31.48
2026-07-03 16:00:00,SAN-NWK-01,SAN,LUN-SAN-NWK-047,WKL-OPS-009,101005,53265,154270,2218.01,701.11,2919.12,11.3,216,15.62,95.65
2026-07-03 16:00:00,SAN-NWK-01,SAN,LUN-SAN-NWK-048,WKL-OPS-011,106128,46900,153028,3175.26,1758.54,4933.8,13.02,184,17.99,97.16
2026-07-03 16:00:00,NAS-STM-01,NAS,LUN-NAS-STM-012,WKL-OPS-013,106051,36445,142496,3675.58,1076.56,4752.14,19.16,227,24.32,99.25
2026-07-03 20:00:00,NVM-NWK-01,NVMe,LUN-NVM-NWK-01-004,WKL-FIN-016,23656,942,24598,656.74,11.17,667.91,107,44,62.56,67.7
2026-07-03 20:00:00,NVM-NWK-02,NVMe,LUN-NVM-NWK-02-004,WKL-OPS-003,19598,8481,28079,629.34,182.3,811.64,108,32,44.7,54.58
2026-07-03 20:00:00,SAN-NWK-01,SAN,LUN-SAN-NWK-01-002,WKL-FIN-013,14503,9906,24409,506.6,161.59,668.19,8.35,15,81.85,81.03
2026-07-03 20:00:00,SAN-NWK-01,SAN,LUN-SAN-NWK-01-005,WKL-FIN-015,31407,3420,34827,770.3,48.43,818.73,12.01,32,41.73,60.86
2026-07-03 20:00:00,SAN-NWK-02,SAN,LUN-SAN-NWK-02-007,WKL-FIN-010,22633,7313,29946,525.25,227.0,752.25,9.68,44,85.01,49.87
2026-07-03 20:00:00,NAS-NWK-01,NAS,LUN-NAS-NWK-01-001,WKL-FIN-007,27146,10399,37545,256.24,370.03,626.27,3.51,42,60.72,14.26
2026-07-03 20:00:00,NAS-NWK-01,NAS,LUN-NAS-NWK-01-002,WKL-FIN-023,20608,4349,24957,224.89,171.15,396.04,14.92,41,59.45,38.71
2026-07-03 20:00:00,NAS-STM-01,NAS,LUN-NAS-STM-01-003,WKL-FIN-025,21283,1168,22451,593.02,33.75,626.77,6.68,60,96.51,8.07
2026-07-04 00:00:00,NVM-STM-01,NVMe,LUN-NVM-STM-01-001,WKL-FIN-014,11897,2683,14580,407.98,66.08,474.06,110,44,88.28,43.04
2026-07-04 00:00:00,NVM-STM-01,NVMe,LUN-NVM-STM-01-003,WKL-OPS-008,17872,7395,25267,178.44,249.04,427.48,64,9,85.09,73.87
2026-07-04 00:00:00,SAN-NWK-02,SAN,LUN-SAN-NWK-02-001,WKL-FIN-018,15635,3931,19566,585.35,111.8,697.15,10.86,6,66.74,15.76
2026-07-04 00:00:00,SAN-NWK-02,SAN,LUN-SAN-NWK-02-007,WKL-FIN-010,17641,4140,21781,178.03,52.25,230.28,13.98,56,91.22,77.65
2026-07-04 00:00:00,NAS-STM-01,NAS,LUN-NAS-STM-01-003,WKL-FIN-025,21726,8023,29749,471.92,306.01,777.93,12.19,41,89.13,66.6
2026-07-04 04:00:00,NAS-NWK-01,NAS,LUN-NAS-NWK-01-003,WKL-FIN-023,29967,1843,31810,359.1,69.72,428.82,6.57,5,98.52,38.25
2026-07-04 08:00:00,NVM-NWK-02,NVMe,LUN-NVM-NWK-02-007,WKL-FIN-006,53746,24630,78376,2032.51,801.04,2833.55,203,43,90.8,14.69
2026-07-04 08:00:00,NVM-STM-01,NVMe,LUN-NVM-STM-01-004,WKL-OPS-014,31752,3490,35242,1249.61,63.62,1313.23,143,25,89.22,51.66
2026-07-04 08:00:00,SAN-NWK-02,SAN,LUN-SAN-NWK-02-005,WKL-FIN-022,49233,15327,64560,985.25,461.92,1447.17,12.24,23,76.78,58.91
2026-07-04 12:00:00,NVM-NWK-02,NVMe,LUN-NVM-NWK-02-006,WKL-FIN-002,40065,18847,58912,1008.26,313.3,1321.56,162,55,92.1,30.15
2026-07-04 12:00:00,NVM-STM-01,NVMe,LUN-NVM-STM-01-001,WKL-FIN-014,20709,5889,26598,444.7,109.53,554.23,58,6,43.56,22.03
2026-07-04 12:00:00,SAN-NWK-01,SAN,LUN-SAN-NWK-01-001,WKL-OPS-011,29655,14320,43975,381.95,348.83,730.78,4.87,55,50.86,43.96
2026-07-04 12:00:00,SAN-NWK-02,SAN,LUN-SAN-NWK-02-003,WKL-FIN-011,53188,18714,71902,1079.16,681.01,1760.17,3.26,36,48.44,25.63
2026-07-04 12:00:00,NAS-NWK-01,NAS,LUN-NAS-NWK-01-003,WKL-FIN-023,14334,20520,34854,140.94,699.93,840.87,21.13,38,55.78,74.48
2026-07-04 12:00:00,NAS-STM-01,NAS,LUN-NAS-STM-01-004,WKL-FIN-006,14193,12655,26848,398.49,106.71,505.2,24.26,35,44.13,64.99
2026-07-04 12:00:00,NAS-STM-01,NAS,LUN-NAS-STM-01-005,WKL-OPS-011,11653,17082,28735,272.37,444.32,716.69,12.78,11,47.95,71.1
2026-07-04 16:00:00,NVM-NWK-01,NVMe,LUN-NVM-NWK-01-006,WKL-FIN-009,48231,3757,51988,815.65,40.93,856.58,82,55,96.41,16.37
2026-07-04 16:00:00,SAN-NWK-01,SAN,LUN-SAN-NWK-01-002,WKL-FIN-013,38601,8550,47151,549.35,98.06,647.41,2.55,48,76.39,12.05
2026-07-04 16:00:00,SAN-NWK-01,SAN,LUN-SAN-NWK-01-005,WKL-FIN-015,48759,2694,51453,403.3,52.3,455.6,5.31,12,95.38,11.56
2026-07-04 16:00:00,NAS-STM-01,NAS,LUN-NAS-STM-01-003,WKL-FIN-025,32304,6033,38337,1005.08,239.05,1244.13,23.75,53,51.82,66.61
2026-07-04 16:00:00,SAN-NWK-01,SAN,LUN-SAN-NWK-048,WKL-OPS-011,104826,50350,155176,2267.09,1972.22,4239.31,6.03,218,22.08,97.03
2026-07-04 20:00:00,NVM-NWK-02,NVMe,LUN-NVM-NWK-02-006,WKL-FIN-002,11557,5296,16853,390.94,106.45,497.39,116,32,81.48,29.97
2026-07-04 20:00:00,NVM-STM-01,NVMe,LUN-NVM-STM-01-005,WKL-FIN-002,16286,8164,24450,516.82,307.38,824.2,99,1,45.14,43.81
2026-07-04 20:00:00,SAN-NWK-01,SAN,LUN-SAN-NWK-01-003,WKL-OPS-010,25859,6960,32819,989.96,261.11,1251.07,4.88,64,62.91,42.56
2026-07-04 20:00:00,NAS-STM-01,NAS,LUN-NAS-STM-01-002,WKL-FIN-008,21706,2667,24373,493.75,44.1,537.85,13.48,31,36.06,63.13
2026-07-04 20:00:00,NAS-STM-01,NAS,LUN-NAS-STM-01-004,WKL-FIN-006,23597,10092,33689,468.0,96.6,564.6,11.42,7,63.25,45.59
2026-07-05 00:00:00,NVM-NWK-02,NVMe,LUN-NVM-NWK-02-004,WKL-OPS-003,16562,7806,24368,278.9,110.05,388.95,198,54,95.5,36.94
2026-07-05 00:00:00,NVM-NWK-02,NVMe,LUN-NVM-NWK-02-007,WKL-FIN-006,24560,6856,31416,423.03,230.31,653.34,53,21,54.43,54.16
2026-07-05 00:00:00,SAN-NWK-01,SAN,LUN-SAN-NWK-01-007,WKL-OPS-013,24323,10766,35089,840.52,310.02,1150.54,6.0,11,38.5,70.1
2026-07-05 00:00:00,NAS-NWK-01,NAS,LUN-NAS-NWK-01-001,WKL-FIN-007,30765,7158,37923,881.24,143.51,1024.75,13.38,9,93.63,76.34
2026-07-05 00:00:00,SAN-NWK-01,SAN,LUN-SAN-NWK-048,WKL-OPS-011,54394,19537,73931,1511.97,497.61,2009.58,13.54,256,13.31,99.11
2026-07-05 04:00:00,NVM-NWK-01,NVMe,LUN-NVM-NWK-01-003,WKL-FIN-018,28655,2058,30713,477.29,19.21,496.5,59,62,95.58,73.68
2026-07-05 04:00:00,NVM-NWK-01,NVMe,LUN-NVM-NWK-01-004,WKL-FIN-016,23340,11853,35193,413.34,417.16,830.5,298,45,62.62,24.67
2026-07-05 04:00:00,NVM-NWK-02,NVMe,LUN-NVM-NWK-02-005,WKL-FIN-003,23264,8397,31661,411.47,165.77,577.24,191,29,63.39,74.43
2026-07-05 04:00:00,NVM-NWK-02,NVMe,LUN-NVM-NWK-02-007,WKL-FIN-006,19406,11362,30768,677.77,280.32,958.09,128,27,93.37,28.7
2026-07-05 04:00:00,SAN-NWK-01,SAN,LUN-SAN-NWK-01-007,WKL-OPS-013,17016,11224,28240,451.71,118.36,570.07,13.61,28,61.15,55.19
2026-07-05 04:00:00,NAS-NWK-01,NAS,LUN-NAS-NWK-01-002,WKL-FIN-023,30531,11314,41845,468.72,390.22,858.94,24.71,58,85.32,52.79
2026-07-05 04:00:00,NAS-NWK-01,NAS,LUN-NAS-NWK-01-006,WKL-FIN-003,22114,2526,24640,193.85,33.7,227.55,4.61,5,88.37,17.35
2026-07-05 04:00:00,NAS-STM-01,NAS,LUN-NAS-STM-01-005,WKL-OPS-011,26439,12084,38523,536.45,389.51,925.96,23.98,55,53.26,74.4
2026-07-05 04:00:00,SAN-NWK-01,SAN,LUN-SAN-NWK-047,WKL-OPS-009,29923,18832,48755,828.73,210.6,1039.33,5.34,199,17.78,97.12
2026-07-05 08:00:00,NVM-NWK-02,NVMe,LUN-NVM-NWK-02-004,WKL-OPS-003,23995,14808,38803,493.11,287.69,780.8,173,63,85.99,57.43
2026-07-05 08:00:00,NVM-STM-01,NVMe,LUN-NVM-STM-01-005,WKL-FIN-002,33963,17785,51748,835.38,348.36,1183.74,100,9,76.92,64.75
2026-07-05 08:00:00,SAN-NWK-02,SAN,LUN-SAN-NWK-02-004,WKL-OPS-003,25771,4572,30343,898.6,147.85,1046.45,2.3,61,68.5,18.46
2026-07-05 08:00:00,SAN-STM-01,SAN,LUN-SAN-STM-01-002,WKL-FIN-022,42898,24789,67687,1543.25,530.01,2073.26,1.62,63,43.95,20.63
2026-07-05 08:00:00,NAS-NWK-01,NAS,LUN-NAS-NWK-01-004,WKL-OPS-014,58654,15477,74131,1522.4,441.58,1963.98,7.46,52,94.8,35.18
2026-07-05 08:00:00,SAN-NWK-01,SAN,LUN-SAN-NWK-047,WKL-OPS-009,101688,40507,142195,1395.99,1293.15,2689.14,1.64,176,14.5,98.0
2026-07-05 08:00:00,SAN-NWK-01,SAN,LUN-SAN-NWK-048,WKL-OPS-011,103458,47742,151200,1915.05,1773.77,3688.82,13.86,129,17.97,97.57
2026-07-05 08:00:00,NAS-STM-01,NAS,LUN-NAS-STM-012,WKL-OPS-013,109426,30637,140063,3122.31,635.58,3757.89,24.91,136,19.0,97.95
2026-07-05 12:00:00,NVM-NWK-01,NVMe,LUN-NVM-NWK-01-004,WKL-FIN-016,54685,14088,68773,1727.96,262.67,1990.63,222,25,76.93,80.77
2026-07-05 12:00:00,NVM-STM-01,NVMe,LUN-NVM-STM-01-005,WKL-FIN-002,47943,16900,64843,932.79,223.21,1156.0,189,13,46.98,32.91
2026-07-05 12:00:00,SAN-NWK-01,SAN,LUN-SAN-NWK-01-001,WKL-OPS-011,19500,1518,21018,589.37,47.65,637.02,7.89,59,72.99,40.49
2026-07-05 12:00:00,SAN-NWK-01,SAN,LUN-SAN-NWK-01-004,WKL-OPS-002,51550,8628,60178,1349.35,107.55,1456.9,10.46,26,95.9,76.25
2026-07-05 12:00:00,NAS-NWK-01,NAS,LUN-NAS-NWK-01-001,WKL-FIN-007,46443,18493,64936,873.07,323.2,1196.27,21.02,48,51.15,11.71
2026-07-05 12:00:00,NAS-NWK-01,NAS,LUN-NAS-NWK-01-005,WKL-FIN-017,52666,22981,75647,668.65,902.21,1570.86,17.03,42,58.86,11.01
2026-07-05 12:00:00,SAN-NWK-01,SAN,LUN-SAN-NWK-048,WKL-OPS-011,98344,42567,140911,2553.25,810.88,3364.13,4.3,148,18.73,96.99
2026-07-05 12:00:00,NAS-STM-01,NAS,LUN-NAS-STM-012,WKL-OPS-013,112060,48145,160205,2572.47,625.35,3197.82,15.87,208,15.68,96.53
2026-07-05 16:00:00,NVM-NWK-01,NVMe,LUN-NVM-NWK-01-005,WKL-FIN-015,63157,5641,68798,1581.47,85.76,1667.23,153,41,67.15,57.15
2026-07-05 16:00:00,NVM-STM-01,NVMe,LUN-NVM-STM-01-004,WKL-OPS-014,58197,5943,64140,1098.45,221.17,1319.62,253,47,61.43,61.43
2026-07-05 16:00:00,NAS-NWK-01,NAS,LUN-NAS-NWK-01-007,WKL-OPS-005,14955,22906,37861,216.41,668.53,884.94,8.63,3,87.39,64.76
2026-07-05 16:00:00,NAS-STM-01,NAS,LUN-NAS-STM-01-003,WKL-FIN-025,59487,23544,83031,1218.41,911.42,2129.83,18.54,6,85.0,78.45
2026-07-05 20:00:00,NVM-NWK-01,NVMe,LUN-NVM-NWK-01-003,WKL-FIN-018,17693,581,18274,635.86,10.73,646.59,187,5,96.43,49.86
2026-07-05 20:00:00,NVM-STM-01,NVMe,LUN-NVM-STM-01-004,WKL-OPS-014,17068,11173,28241,145.36,225.26,370.62,157,15,95.47,26.89
2026-07-05 20:00:00,SAN-NWK-01,SAN,LUN-SAN-NWK-01-006,WKL-OPS-004,15288,863,16151,352.48,27.2,379.68,3.45,43,36.82,65.96
2026-07-05 20:00:00,SAN-NWK-02,SAN,LUN-SAN-NWK-02-007,WKL-FIN-010,18223,1311,19534,515.86,45.53,561.39,4.71,24,35.92,66.77
2026-07-05 20:00:00,NAS-STM-01,NAS,LUN-NAS-STM-01-004,WKL-FIN-006,28013,11015,39028,336.03,349.98,686.01,13.0,57,54.12,25.18
2026-07-06 00:00:00,NVM-NWK-02,NVMe,LUN-NVM-NWK-02-006,WKL-FIN-002,20642,8500,29142,238.77,226.26,465.03,282,22,55.66,63.85
2026-07-06 00:00:00,NVM-NWK-02,NVMe,LUN-NVM-NWK-02-007,WKL-FIN-006,23778,7004,30782,719.53,100.55,820.08,73,23,60.47,64.0
2026-07-06 00:00:00,NVM-STM-01,NVMe,LUN-NVM-STM-01-003,WKL-OPS-008,20861,1145,22006,349.66,27.28,376.94,263,20,77.72,26.2
2026-07-06 00:00:00,SAN-NWK-01,SAN,LUN-SAN-NWK-01-002,WKL-FIN-013,12650,10103,22753,245.74,390.57,636.31,3.32,31,55.49,35.4
2026-07-06 04:00:00,NVM-NWK-01,NVMe,LUN-NVM-NWK-01-004,WKL-FIN-016,15578,4048,19626,481.06,122.41,603.47,122,33,96.14,77.82
2026-07-06 04:00:00,NVM-NWK-02,NVMe,LUN-NVM-NWK-02-001,WKL-OPS-010,20559,8717,29276,670.47,254.64,925.11,178,19,63.29,40.42
2026-07-06 04:00:00,NVM-NWK-02,NVMe,LUN-NVM-NWK-02-003,WKL-OPS-013,12065,4235,16300,118.31,85.38,203.69,292,26,92.7,33.91
2026-07-06 04:00:00,NVM-STM-01,NVMe,LUN-NVM-STM-01-005,WKL-FIN-002,17445,690,18135,396.31,21.21,417.52,188,39,44.21,39.95
2026-07-06 04:00:00,SAN-NWK-02,SAN,LUN-SAN-NWK-02-005,WKL-FIN-022,28923,9606,38529,491.68,337.51,829.19,4.87,61,79.79,19.71
2026-07-06 04:00:00,SAN-STM-01,SAN,LUN-SAN-STM-01-004,WKL-FIN-006,12152,4614,16766,449.46,44.59,494.05,4.72,4,66.33,45.99
2026-07-06 04:00:00,NAS-NWK-01,NAS,LUN-NAS-NWK-01-004,WKL-OPS-014,25900,4634,30534,580.06,136.69,716.75,20.72,35,40.33,44.17
2026-07-06 04:00:00,NAS-NWK-01,NAS,LUN-NAS-NWK-01-007,WKL-OPS-005,16209,1824,18033,301.31,53.4,354.71,16.48,59,75.38,19.56
2026-07-06 08:00:00,NVM-NWK-01,NVMe,LUN-NVM-NWK-01-001,WKL-FIN-008,48429,18657,67086,1935.76,262.86,2198.62,200,63,55.06,44.98
2026-07-06 08:00:00,NVM-NWK-01,NVMe,LUN-NVM-NWK-01-003,WKL-FIN-018,40839,23238,64077,512.39,744.03,1256.42,157,60,63.94,72.28
2026-07-06 08:00:00,SAN-NWK-01,SAN,LUN-SAN-NWK-01-006,WKL-OPS-004,43888,16369,60257,1419.21,468.09,1887.3,5.87,42,74.24,37.27
2026-07-06 08:00:00,NAS-NWK-01,NAS,LUN-NAS-NWK-01-005,WKL-FIN-017,38694,8289,46983,545.78,178.56,724.34,22.28,48,48.78,15.2
2026-07-06 08:00:00,NAS-STM-01,NAS,LUN-NAS-STM-01-002,WKL-FIN-008,16269,11040,27309,389.11,381.7,770.81,12.07,49,36.91,12.82
2026-07-06 08:00:00,NAS-STM-01,NAS,LUN-NAS-STM-01-005,WKL-OPS-011,56565,21847,78412,1747.76,693.88,2441.64,9.3,63,85.69,49.36
2026-07-06 08:00:00,SAN-NWK-01,SAN,LUN-SAN-NWK-048,WKL-OPS-011,113158,37161,150319,3006.24,739.78,3746.02,14.78,216,14.92,96.61
2026-07-06 12:00:00,NVM-NWK-01,NVMe,LUN-NVM-NWK-01-004,WKL-FIN-016,12198,25093,37291,197.01,642.74,839.75,291,14,71.83,48.26
2026-07-06 12:00:00,NVM-STM-01,NVMe,LUN-NVM-STM-01-002,WKL-FIN-015,10440,22798,33238,412.25,207.44,619.69,129,44,50.45,36.11
2026-07-06 12:00:00,SAN-NWK-01,SAN,LUN-SAN-NWK-01-005,WKL-FIN-015,37245,21583,58828,424.69,499.8,924.49,5.27,48,75.63,9.52
2026-07-06 12:00:00,SAN-NWK-01,SAN,LUN-SAN-NWK-01-007,WKL-OPS-013,25110,7209,32319,350.97,103.01,453.98,10.41,21,40.53,16.95
2026-07-06 12:00:00,SAN-STM-01,SAN,LUN-SAN-STM-01-002,WKL-FIN-022,41163,8179,49342,428.17,222.42,650.59,7.13,37,66.82,25.86
2026-07-06 12:00:00,NAS-NWK-01,NAS,LUN-NAS-NWK-01-006,WKL-FIN-003,19197,24876,44073,319.89,651.3,971.19,14.82,51,66.0,35.75
2026-07-06 12:00:00,SAN-NWK-01,SAN,LUN-SAN-NWK-047,WKL-OPS-009,102250,41829,144079,1974.82,651.01,2625.83,1.81,196,23.77,96.18
2026-07-06 12:00:00,SAN-NWK-01,SAN,LUN-SAN-NWK-048,WKL-OPS-011,117420,45567,162987,4039.7,660.75,4700.45,9.82,171,21.7,98.68
2026-07-06 16:00:00,NVM-NWK-02,NVMe,LUN-NVM-NWK-02-003,WKL-OPS-013,26745,23970,50715,765.98,651.3,1417.28,257,29,89.63,19.7
2026-07-06 16:00:00,NVM-STM-01,NVMe,LUN-NVM-STM-01-003,WKL-OPS-008,18087,13834,31921,662.61,285.01,947.62,92,3,67.06,45.98
2026-07-06 16:00:00,SAN-NWK-01,SAN,LUN-SAN-NWK-01-003,WKL-OPS-010,41032,12807,53839,1454.73,154.19,1608.92,1.99,53,45.68,46.74
2026-07-06 16:00:00,SAN-STM-01,SAN,LUN-SAN-STM-01-003,WKL-FIN-007,21903,477,22380,361.32,11.18,372.5,2.39,21,89.97,81.34
2026-07-06 16:00:00,SAN-STM-01,SAN,LUN-SAN-STM-01-005,WKL-FIN-025,37780,23497,61277,964.66,865.69,1830.35,11.52,34,71.93,78.72
2026-07-06 20:00:00,NVM-NWK-01,NVMe,LUN-NVM-NWK-01-007,WKL-FIN-007,21185,3257,24442,818.97,104.38,923.35,272,55,77.14,68.37
2026-07-06 20:00:00,NAS-NWK-01,NAS,LUN-NAS-NWK-01-006,WKL-FIN-003,11473,1571,13044,285.55,29.88,315.43,11.9,50,47.32,39.8
2026-07-07 00:00:00,NVM-NWK-01,NVMe,LUN-NVM-NWK-01-005,WKL-FIN-015,24253,7325,31578,936.87,83.71,1020.58,280,3,39.03,63.23
2026-07-07 00:00:00,SAN-NWK-02,SAN,LUN-SAN-NWK-02-002,WKL-FIN-001,11592,1374,12966,297.6,25.9,323.5,8.76,10,50.46,45.62
2026-07-07 04:00:00,SAN-STM-01,SAN,LUN-SAN-STM-01-001,WKL-FIN-014,24424,3387,27811,962.06,116.84,1078.9,13.61,3,88.5,56.64
2026-07-07 04:00:00,NAS-NWK-01,NAS,LUN-NAS-NWK-01-004,WKL-OPS-014,23676,4844,28520,443.09,189.03,632.12,21.8,25,87.12,13.55
2026-07-07 08:00:00,SAN-NWK-01,SAN,LUN-SAN-NWK-01-003,WKL-OPS-010,62916,23128,86044,805.16,646.58,1451.74,13.86,64,59.61,44.62
2026-07-07 08:00:00,NAS-NWK-01,NAS,LUN-NAS-NWK-01-004,WKL-OPS-014,36685,6828,43513,1338.49,258.96,1597.45,15.26,45,60.74,25.39
2026-07-07 08:00:00,NAS-NWK-01,NAS,LUN-NAS-NWK-01-005,WKL-FIN-017,43288,20901,64189,1154.67,445.12,1599.79,19.59,42,90.3,12.32
2026-07-07 08:00:00,NAS-NWK-01,NAS,LUN-NAS-NWK-01-006,WKL-FIN-003,54177,22185,76362,1657.56,539.69,2197.25,24.63,22,43.85,28.69
2026-07-07 08:00:00,SAN-NWK-01,SAN,LUN-SAN-NWK-047,WKL-OPS-009,117648,54114,171762,4325.19,1798.88,6124.07,11.21,184,15.19,95.78
2026-07-07 12:00:00,NVM-NWK-01,NVMe,LUN-NVM-NWK-01-004,WKL-FIN-016,47565,20308,67873,649.84,279.87,929.71,139,12,77.57,46.38
2026-07-07 12:00:00,SAN-NWK-01,SAN,LUN-SAN-NWK-01-001,WKL-OPS-011,18232,2299,20531,431.12,78.04,509.16,10.76,34,83.7,73.37
2026-07-07 12:00:00,NAS-STM-01,NAS,LUN-NAS-STM-01-002,WKL-FIN-008,51745,6477,58222,1633.79,137.33,1771.12,8.06,4,86.59,10.87
2026-07-07 12:00:00,SAN-NWK-01,SAN,LUN-SAN-NWK-048,WKL-OPS-011,99381,38599,137980,2592.27,533.25,3125.52,8.68,178,8.42,95.64
2026-07-07 12:00:00,NAS-STM-01,NAS,LUN-NAS-STM-012,WKL-OPS-013,111916,47464,159380,2672.28,690.41,3362.69,15.35,237,18.13,97.2
2026-07-07 16:00:00,NVM-NWK-01,NVMe,LUN-NVM-NWK-01-001,WKL-FIN-008,34009,10228,44237,442.48,346.89,789.37,290,26,73.85,81.98
2026-07-07 16:00:00,NVM-NWK-01,NVMe,LUN-NVM-NWK-01-002,WKL-FIN-002,44401,12945,57346,566.79,249.88,816.67,66,51,62.96,70.04
2026-07-07 16:00:00,NVM-NWK-01,NVMe,LUN-NVM-NWK-01-004,WKL-FIN-016,43033,5373,48406,378.6,54.64,433.24,79,43,75.12,30.98
2026-07-07 16:00:00,SAN-NWK-01,SAN,LUN-SAN-NWK-01-006,WKL-OPS-004,63660,2908,66568,749.48,107.45,856.93,2.69,46,49.68,27.77
2026-07-07 16:00:00,SAN-NWK-01,SAN,LUN-SAN-NWK-01-007,WKL-OPS-013,58311,21265,79576,2145.07,607.21,2752.28,3.89,55,37.82,16.32
2026-07-07 16:00:00,SAN-STM-01,SAN,LUN-SAN-STM-01-005,WKL-FIN-025,13444,5235,18679,407.41,87.71,495.12,12.13,5,90.87,39.74
2026-07-07 16:00:00,NAS-NWK-01,NAS,LUN-NAS-NWK-01-006,WKL-FIN-003,56959,15802,72761,1528.05,621.41,2149.46,20.68,12,55.95,58.96
2026-07-07 16:00:00,SAN-NWK-01,SAN,LUN-SAN-NWK-047,WKL-OPS-009,108906,50173,159079,921.28,1670.56,2591.84,5.7,239,12.46,95.34
2026-07-07 16:00:00,SAN-NWK-01,SAN,LUN-SAN-NWK-048,WKL-OPS-011,101640,47899,149539,3715.84,1258.72,4974.56,12.06,241,13.78,97.4
2026-07-07 20:00:00,NVM-NWK-01,NVMe,LUN-NVM-NWK-01-002,WKL-FIN-002,15997,6843,22840,436.99,130.73,567.72,286,51,75.49,12.01
2026-07-08 00:00:00,NVM-NWK-01,NVMe,LUN-NVM-NWK-01-007,WKL-FIN-007,22121,4284,26405,803.77,72.66,876.43,64,42,91.8,45.23
2026-07-08 00:00:00,NAS-NWK-01,NAS,LUN-NAS-NWK-01-005,WKL-FIN-017,13816,7245,21061,119.6,148.99,268.59,13.09,48,90.16,51.0
2026-07-08 00:00:00,SAN-NWK-01,SAN,LUN-SAN-NWK-047,WKL-OPS-009,55230,23713,78943,2126.58,372.02,2498.6,10.56,229,8.79,96.56
2026-07-08 04:00:00,NVM-STM-01,NVMe,LUN-NVM-STM-01-003,WKL-OPS-008,27376,2410,29786,281.24,21.05,302.29,91,29,43.45,53.22
2026-07-08 04:00:00,NVM-STM-01,NVMe,LUN-NVM-STM-01-004,WKL-OPS-014,28002,2265,30267,562.84,62.2,625.04,270,10,65.06,38.76
2026-07-08 04:00:00,SAN-NWK-01,SAN,LUN-SAN-NWK-047,WKL-OPS-009,51815,15046,66861,1546.02,471.6,2017.62,2.39,166,16.23,95.27
2026-07-08 08:00:00,NVM-NWK-01,NVMe,LUN-NVM-NWK-01-001,WKL-FIN-008,38367,17449,55816,786.7,645.74,1432.44,56,20,68.16,33.98
2026-07-08 08:00:00,NVM-NWK-02,NVMe,LUN-NVM-NWK-02-004,WKL-OPS-003,33081,22204,55285,1301.73,862.7,2164.43,226,17,44.29,63.78
2026-07-08 08:00:00,NVM-NWK-02,NVMe,LUN-NVM-NWK-02-005,WKL-FIN-003,16216,7411,23627,521.19,128.55,649.74,89,3,75.62,78.47
2026-07-08 08:00:00,SAN-NWK-02,SAN,LUN-SAN-NWK-02-006,WKL-FIN-018,29127,24039,53166,625.29,624.06,1249.35,6.84,7,35.08,8.51
2026-07-08 08:00:00,NAS-NWK-01,NAS,LUN-NAS-NWK-01-001,WKL-FIN-007,30661,11988,42649,1144.19,334.04,1478.23,15.31,41,74.3,81.07
2026-07-08 08:00:00,NAS-NWK-01,NAS,LUN-NAS-NWK-01-006,WKL-FIN-003,65823,8871,74694,1580.81,107.39,1688.2,18.9,7,72.97,18.81
2026-07-08 08:00:00,NAS-STM-01,NAS,LUN-NAS-STM-01-001,WKL-OPS-010,57331,22348,79679,1336.94,209.79,1546.73,10.19,23,42.37,17.55
2026-07-08 12:00:00,NVM-NWK-01,NVMe,LUN-NVM-NWK-01-004,WKL-FIN-016,65886,19926,85812,2195.78,789.76,2985.54,216,4,37.09,65.83
2026-07-08 12:00:00,NVM-NWK-01,NVMe,LUN-NVM-NWK-01-005,WKL-FIN-015,32046,7372,39418,853.77,70.8,924.57,276,36,59.41,50.11
2026-07-08 12:00:00,NVM-NWK-02,NVMe,LUN-NVM-NWK-02-003,WKL-OPS-013,33658,20172,53830,1214.72,309.66,1524.38,106,14,48.79,50.45
2026-07-08 12:00:00,NVM-NWK-02,NVMe,LUN-NVM-NWK-02-005,WKL-FIN-003,46054,18399,64453,997.52,604.02,1601.54,206,2,63.0,77.03
2026-07-08 12:00:00,SAN-NWK-01,SAN,LUN-SAN-NWK-01-004,WKL-OPS-002,51052,7696,58748,714.93,202.78,917.71,14.2,63,50.94,78.09
2026-07-08 12:00:00,SAN-NWK-02,SAN,LUN-SAN-NWK-02-004,WKL-OPS-003,38248,16203,54451,1096.71,570.34,1667.05,4.1,34,72.83,58.7
2026-07-08 12:00:00,SAN-STM-01,SAN,LUN-SAN-STM-01-005,WKL-FIN-025,59446,14499,73945,2292.33,472.6,2764.93,4.45,42,94.14,16.66
2026-07-08 12:00:00,NAS-NWK-01,NAS,LUN-NAS-NWK-01-007,WKL-OPS-005,53869,25000,78869,610.2,666.28,1276.48,14.68,39,92.19,81.37
2026-07-08 12:00:00,SAN-NWK-01,SAN,LUN-SAN-NWK-048,WKL-OPS-011,71001,34425,105426,2295.55,923.28,3218.83,9.52,242,10.61,97.31
2026-07-08 16:00:00,NVM-NWK-02,NVMe,LUN-NVM-NWK-02-002,WKL-FIN-006,31153,5790,36943,910.99,192.9,1103.89,101,10,47.15,8.06
2026-07-08 16:00:00,NVM-NWK-02,NVMe,LUN-NVM-NWK-02-006,WKL-FIN-002,54109,26139,80248,562.84,315.71,878.55,205,35,50.83,15.43
2026-07-08 16:00:00,NVM-STM-01,NVMe,LUN-NVM-STM-01-005,WKL-FIN-002,30480,7158,37638,855.78,89.95,945.73,208,3,63.48,50.87
2026-07-08 16:00:00,SAN-NWK-02,SAN,LUN-SAN-NWK-02-003,WKL-FIN-011,54367,12096,66463,1921.74,481.84,2403.58,8.97,61,51.76,53.8
2026-07-08 16:00:00,SAN-NWK-01,SAN,LUN-SAN-NWK-047,WKL-OPS-009,105166,39802,144968,1619.95,968.68,2588.63,1.91,180,8.62,96.32
2026-07-08 16:00:00,NAS-STM-01,NAS,LUN-NAS-STM-012,WKL-OPS-013,111232,59533,170765,2715.77,1440.27,4156.04,22.57,237,23.92,99.71
2026-07-08 20:00:00,NVM-NWK-01,NVMe,LUN-NVM-NWK-01-007,WKL-FIN-007,20286,6218,26504,543.69,166.31,710.0,57,44,38.37,79.9
2026-07-08 20:00:00,NVM-NWK-02,NVMe,LUN-NVM-NWK-02-004,WKL-OPS-003,28968,10710,39678,1076.07,212.81,1288.88,248,57,45.92,51.13
2026-07-08 20:00:00,NVM-STM-01,NVMe,LUN-NVM-STM-01-003,WKL-OPS-008,24569,2613,27182,361.59,62.94,424.53,242,28,75.84,14.14
2026-07-08 20:00:00,NAS-NWK-01,NAS,LUN-NAS-NWK-01-001,WKL-FIN-007,23281,9433,32714,315.23,237.43,552.66,21.88,1,71.46,27.25
2026-07-08 20:00:00,NAS-STM-01,NAS,LUN-NAS-STM-012,WKL-OPS-013,36140,22559,58699,1206.73,314.4,1521.13,3.31,254,22.31,95.47
2026-07-09 00:00:00,NVM-NWK-01,NVMe,LUN-NVM-NWK-01-004,WKL-FIN-016,27834,7898,35732,937.53,245.52,1183.05,67,31,60.02,65.68
2026-07-09 00:00:00,NVM-STM-01,NVMe,LUN-NVM-STM-01-002,WKL-FIN-015,15047,2374,17421,158.37,54.36,212.73,259,17,65.1,24.62
2026-07-09 00:00:00,NVM-STM-01,NVMe,LUN-NVM-STM-01-004,WKL-OPS-014,25334,8255,33589,288.85,242.34,531.19,131,5,43.41,16.28
2026-07-09 00:00:00,NAS-STM-01,NAS,LUN-NAS-STM-01-005,WKL-OPS-011,24981,8794,33775,459.73,339.3,799.03,19.98,55,62.85,8.85
2026-07-09 04:00:00,NVM-NWK-01,NVMe,LUN-NVM-NWK-01-004,WKL-FIN-016,29066,10346,39412,643.64,366.25,1009.89,119,53,89.55,73.41
2026-07-09 04:00:00,NVM-NWK-01,NVMe,LUN-NVM-NWK-01-005,WKL-FIN-015,29164,6940,36104,772.9,197.45,970.35,142,11,77.39,43.02
2026-07-09 04:00:00,NVM-STM-01,NVMe,LUN-NVM-STM-01-004,WKL-OPS-014,27840,10456,38296,942.18,94.5,1036.68,53,7,40.13,48.76
2026-07-09 04:00:00,SAN-NWK-01,SAN,LUN-SAN-NWK-01-004,WKL-OPS-002,20632,8024,28656,180.0,301.09,481.09,9.03,22,80.19,24.54
2026-07-09 04:00:00,NAS-NWK-01,NAS,LUN-NAS-NWK-01-002,WKL-FIN-023,15698,5546,21244,289.27,189.93,479.2,22.37,12,40.98,30.93
2026-07-09 04:00:00,NAS-STM-01,NAS,LUN-NAS-STM-01-001,WKL-OPS-010,17524,6636,24160,160.76,66.82,227.58,5.24,60,64.99,39.29
2026-07-09 04:00:00,NAS-STM-01,NAS,LUN-NAS-STM-01-002,WKL-FIN-008,21693,4879,26572,440.3,80.18,520.48,17.35,60,42.84,12.52
2026-07-09 08:00:00,NVM-STM-01,NVMe,LUN-NVM-STM-01-002,WKL-FIN-015,22437,4401,26838,738.47,160.29,898.76,225,25,63.52,37.6
2026-07-09 08:00:00,SAN-NWK-01,SAN,LUN-SAN-NWK-01-003,WKL-OPS-010,54373,4726,59099,821.61,136.44,958.05,5.53,16,87.62,19.84
2026-07-09 08:00:00,SAN-NWK-02,SAN,LUN-SAN-NWK-02-002,WKL-FIN-001,30621,12157,42778,805.87,110.71,916.58,4.54,36,51.58,53.86
2026-07-09 08:00:00,SAN-NWK-02,SAN,LUN-SAN-NWK-02-006,WKL-FIN-018,56275,14449,70724,1809.9,229.15,2039.05,13.31,27,74.92,59.44
2026-07-09 08:00:00,SAN-STM-01,SAN,LUN-SAN-STM-01-003,WKL-FIN-007,61335,7030,68365,2388.59,146.56,2535.15,2.52,16,44.13,78.4
2026-07-09 12:00:00,NVM-NWK-01,NVMe,LUN-NVM-NWK-01-001,WKL-FIN-008,58767,19707,78474,2105.41,163.09,2268.5,77,21,46.05,20.49
2026-07-09 12:00:00,SAN-NWK-02,SAN,LUN-SAN-NWK-02-003,WKL-FIN-011,54502,22635,77137,883.21,481.02,1364.23,7.81,45,91.22,70.4
2026-07-09 12:00:00,SAN-STM-01,SAN,LUN-SAN-STM-01-001,WKL-FIN-014,27447,21330,48777,567.7,610.63,1178.33,10.49,32,48.52,51.82
2026-07-09 12:00:00,NAS-STM-01,NAS,LUN-NAS-STM-01-005,WKL-OPS-011,25318,3118,28436,639.05,66.28,705.33,14.04,10,64.82,59.61
2026-07-09 12:00:00,SAN-NWK-01,SAN,LUN-SAN-NWK-048,WKL-OPS-011,117006,32545,149551,3111.12,1013.02,4124.14,3.42,192,23.0,95.58
2026-07-09 12:00:00,NAS-STM-01,NAS,LUN-NAS-STM-012,WKL-OPS-013,110233,34578,144811,3614.62,403.25,4017.87,4.2,179,23.97,96.64
2026-07-09 16:00:00,NVM-NWK-01,NVMe,LUN-NVM-NWK-01-006,WKL-FIN-009,39034,5865,44899,477.69,151.55,629.24,185,61,60.99,20.69
2026-07-09 16:00:00,NVM-STM-01,NVMe,LUN-NVM-STM-01-005,WKL-FIN-002,62632,26448,89080,1666.47,691.41,2357.88,174,10,43.28,38.17
2026-07-09 16:00:00,SAN-STM-01,SAN,LUN-SAN-STM-01-002,WKL-FIN-022,37030,12541,49571,780.29,140.66,920.95,8.6,1,63.71,54.47
2026-07-09 16:00:00,NAS-NWK-01,NAS,LUN-NAS-NWK-01-002,WKL-FIN-023,18829,2661,21490,599.04,71.0,670.04,18.89,43,88.33,18.85
2026-07-09 16:00:00,SAN-NWK-01,SAN,LUN-SAN-NWK-047,WKL-OPS-009,119395,56833,176228,1047.37,834.77,1882.14,6.67,148,21.67,95.8
2026-07-09 20:00:00,NVM-NWK-01,NVMe,LUN-NVM-NWK-01-003,WKL-FIN-018,23641,11844,35485,571.61,460.48,1032.09,192,56,66.19,74.6
2026-07-09 20:00:00,SAN-NWK-01,SAN,LUN-SAN-NWK-01-001,WKL-OPS-011,18561,1165,19726,661.09,26.6,687.69,13.88,56,37.75,11.67
2026-07-09 20:00:00,SAN-NWK-02,SAN,LUN-SAN-NWK-02-006,WKL-FIN-018,10367,2436,12803,410.54,55.93,466.47,2.23,41,79.44,58.32
2026-07-10 00:00:00,NVM-NWK-02,NVMe,LUN-NVM-NWK-02-001,WKL-OPS-010,10763,6110,16873,140.16,156.04,296.2,230,13,43.37,74.1
2026-07-10 00:00:00,NVM-NWK-02,NVMe,LUN-NVM-NWK-02-006,WKL-FIN-002,23551,12282,35833,584.71,312.86,897.57,173,17,48.12,18.46
2026-07-10 00:00:00,NVM-STM-01,NVMe,LUN-NVM-STM-01-002,WKL-FIN-015,25170,6426,31596,754.45,179.63,934.08,195,42,67.98,36.96
2026-07-10 00:00:00,SAN-NWK-02,SAN,LUN-SAN-NWK-02-003,WKL-FIN-011,28484,6585,35069,755.06,175.72,930.78,7.35,28,52.22,63.26
2026-07-10 00:00:00,SAN-NWK-01,SAN,LUN-SAN-NWK-048,WKL-OPS-011,29047,17567,46614,372.67,474.27,846.94,10.7,250,14.78,99.61
2026-07-10 04:00:00,SAN-NWK-01,SAN,LUN-SAN-NWK-01-004,WKL-OPS-002,13938,9024,22962,435.83,171.93,607.76,10.03,33,59.88,70.65
2026-07-10 04:00:00,SAN-NWK-01,SAN,LUN-SAN-NWK-01-007,WKL-OPS-013,19115,1856,20971,213.4,61.63,275.03,5.55,37,92.04,55.77
2026-07-10 04:00:00,SAN-NWK-02,SAN,LUN-SAN-NWK-02-007,WKL-FIN-010,10660,6372,17032,422.5,198.85,621.35,14.62,6,39.63,53.42
2026-07-10 04:00:00,NAS-NWK-01,NAS,LUN-NAS-NWK-01-002,WKL-FIN-023,14259,1241,15500,195.7,41.76,237.46,10.55,42,35.16,9.95
2026-07-10 04:00:00,NAS-NWK-01,NAS,LUN-NAS-NWK-01-006,WKL-FIN-003,16964,2338,19302,388.98,80.34,469.32,7.7,59,68.66,16.47
2026-07-10 08:00:00,NVM-NWK-01,NVMe,LUN-NVM-NWK-01-003,WKL-FIN-018,15025,6777,21802,135.35,123.51,258.86,272,18,52.78,18.04
2026-07-10 08:00:00,NVM-NWK-01,NVMe,LUN-NVM-NWK-01-005,WKL-FIN-015,66400,2728,69128,1075.2,48.6,1123.8,107,15,83.52,70.92
2026-07-10 08:00:00,NVM-NWK-01,NVMe,LUN-NVM-NWK-01-007,WKL-FIN-007,22303,8230,30533,792.14,244.73,1036.87,135,33,56.47,26.0
2026-07-10 08:00:00,NVM-NWK-02,NVMe,LUN-NVM-NWK-02-001,WKL-OPS-010,13609,11094,24703,459.07,305.1,764.17,159,52,54.1,30.52
2026-07-10 08:00:00,NVM-NWK-02,NVMe,LUN-NVM-NWK-02-005,WKL-FIN-003,10254,16896,27150,214.69,575.32,790.01,194,50,97.84,58.94
2026-07-10 08:00:00,NVM-STM-01,NVMe,LUN-NVM-STM-01-005,WKL-FIN-002,46189,21012,67201,683.6,611.43,1295.03,155,29,55.73,78.37
2026-07-10 08:00:00,SAN-NWK-01,SAN,LUN-SAN-NWK-01-002,WKL-FIN-013,54126,7680,61806,842.4,210.96,1053.36,13.51,61,72.78,29.91
2026-07-10 08:00:00,SAN-NWK-01,SAN,LUN-SAN-NWK-01-005,WKL-FIN-015,38509,3346,41855,1260.96,127.74,1388.7,5.2,22,84.6,42.89
2026-07-10 08:00:00,SAN-STM-01,SAN,LUN-SAN-STM-01-001,WKL-FIN-014,23968,13827,37795,702.46,479.29,1181.75,10.37,28,65.48,79.93
2026-07-10 08:00:00,NAS-STM-01,NAS,LUN-NAS-STM-012,WKL-OPS-013,117384,56679,174063,4375.71,1104.36,5480.07,11.59,198,16.85,97.91
2026-07-10 12:00:00,NVM-NWK-01,NVMe,LUN-NVM-NWK-01-003,WKL-FIN-018,15516,9504,25020,317.63,116.56,434.19,217,12,64.16,41.17
2026-07-10 12:00:00,NVM-NWK-01,NVMe,LUN-NVM-NWK-01-007,WKL-FIN-007,11286,702,11988,306.8,20.72,327.52,298,53,61.19,8.25
2026-07-10 12:00:00,NVM-NWK-02,NVMe,LUN-NVM-NWK-02-003,WKL-OPS-013,55863,8068,63931,1995.57,200.35,2195.92,141,36,65.15,29.01
2026-07-10 12:00:00,NVM-NWK-02,NVMe,LUN-NVM-NWK-02-004,WKL-OPS-003,60771,15055,75826,1898.56,387.45,2286.01,165,35,40.91,10.36
2026-07-10 12:00:00,NVM-NWK-02,NVMe,LUN-NVM-NWK-02-006,WKL-FIN-002,32107,9996,42103,426.11,285.69,711.8,201,57,94.37,31.58
2026-07-10 12:00:00,NVM-STM-01,NVMe,LUN-NVM-STM-01-005,WKL-FIN-002,55326,2239,57565,835.67,42.58,878.25,283,29,36.44,20.97
2026-07-10 12:00:00,SAN-NWK-01,SAN,LUN-SAN-NWK-01-002,WKL-FIN-013,23014,22303,45317,480.53,589.31,1069.84,5.81,31,87.61,26.54
2026-07-10 12:00:00,SAN-NWK-01,SAN,LUN-SAN-NWK-01-004,WKL-OPS-002,54748,14125,68873,1493.95,307.33,1801.28,10.11,1,88.38,21.81
2026-07-10 12:00:00,SAN-NWK-02,SAN,LUN-SAN-NWK-02-004,WKL-OPS-003,51559,684,52243,1582.97,12.21,1595.18,11.22,36,40.12,64.74
2026-07-10 12:00:00,SAN-STM-01,SAN,LUN-SAN-STM-01-001,WKL-FIN-014,29817,18087,47904,545.92,455.98,1001.9,12.44,29,89.29,21.41
2026-07-10 12:00:00,NAS-NWK-01,NAS,LUN-NAS-NWK-01-001,WKL-FIN-007,22953,6652,29605,272.58,102.31,374.89,6.45,5,97.16,68.64
2026-07-10 12:00:00,NAS-NWK-01,NAS,LUN-NAS-NWK-01-005,WKL-FIN-017,15573,9504,25077,461.97,288.93,750.9,4.41,49,80.79,70.28
2026-07-10 12:00:00,NAS-STM-01,NAS,LUN-NAS-STM-01-003,WKL-FIN-025,11463,4395,15858,246.03,95.36,341.39,4.29,64,62.39,57.59
2026-07-10 12:00:00,NAS-STM-01,NAS,LUN-NAS-STM-012,WKL-OPS-013,112999,47484,160483,2272.82,1345.9,3618.72,18.85,146,22.77,97.85
2026-07-10 16:00:00,SAN-NWK-01,SAN,LUN-SAN-NWK-048,WKL-OPS-011,107521,51972,159493,3730.44,1719.16,5449.6,13.69,152,20.88,99.73
2026-07-10 20:00:00,NVM-NWK-01,NVMe,LUN-NVM-NWK-01-006,WKL-FIN-009,15908,11514,27422,608.16,105.8,713.96,229,15,40.29,66.36
2026-07-11 00:00:00,NVM-NWK-02,NVMe,LUN-NVM-NWK-02-004,WKL-OPS-003,21845,6283,28128,699.46,175.01,874.47,263,30,87.76,65.11
2026-07-11 00:00:00,NVM-NWK-02,NVMe,LUN-NVM-NWK-02-006,WKL-FIN-002,13164,4036,17200,449.52,51.53,501.05,161,24,91.63,37.68
2026-07-11 00:00:00,SAN-STM-01,SAN,LUN-SAN-STM-01-004,WKL-FIN-006,17678,4716,22394,147.28,186.86,334.14,1.58,36,55.34,12.18
2026-07-11 00:00:00,NAS-STM-01,NAS,LUN-NAS-STM-01-004,WKL-FIN-006,17312,842,18154,258.54,6.91,265.45,11.17,42,41.67,66.79
2026-07-11 00:00:00,NAS-STM-01,NAS,LUN-NAS-STM-012,WKL-OPS-013,44256,23193,67449,894.58,761.74,1656.32,14.97,230,21.0,95.6
2026-07-11 04:00:00,NVM-NWK-01,NVMe,LUN-NVM-NWK-01-002,WKL-FIN-002,22479,6780,29259,280.39,203.38,483.77,287,6,45.62,68.91
2026-07-11 08:00:00,NVM-NWK-01,NVMe,LUN-NVM-NWK-01-002,WKL-FIN-002,61390,12954,74344,1202.21,223.0,1425.21,122,56,84.67,62.14
2026-07-11 08:00:00,NVM-NWK-01,NVMe,LUN-NVM-NWK-01-007,WKL-FIN-007,33456,2652,36108,827.6,21.6,849.2,245,16,86.36,27.14
2026-07-11 08:00:00,NVM-NWK-02,NVMe,LUN-NVM-NWK-02-004,WKL-OPS-003,43788,2980,46768,1622.87,31.54,1654.41,296,34,74.76,14.29
2026-07-11 08:00:00,NVM-STM-01,NVMe,LUN-NVM-STM-01-004,WKL-OPS-014,27180,9195,36375,940.59,231.58,1172.17,92,56,39.61,66.86
2026-07-11 08:00:00,NAS-NWK-01,NAS,LUN-NAS-NWK-01-003,WKL-FIN-023,25335,15571,40906,265.75,423.53,689.28,19.84,47,87.77,51.28
2026-07-11 08:00:00,NAS-STM-01,NAS,LUN-NAS-STM-01-002,WKL-FIN-008,24072,11830,35902,335.8,254.7,590.5,9.29,24,71.75,8.27
2026-07-11 08:00:00,SAN-NWK-01,SAN,LUN-SAN-NWK-047,WKL-OPS-009,109185,46690,155875,1930.2,565.06,2495.26,4.04,244,13.09,95.89
2026-07-11 08:00:00,SAN-NWK-01,SAN,LUN-SAN-NWK-048,WKL-OPS-011,119542,42900,162442,3811.21,1265.99,5077.2,13.87,132,23.81,96.43
2026-07-11 12:00:00,NVM-NWK-02,NVMe,LUN-NVM-NWK-02-007,WKL-FIN-006,44547,26638,71185,1235.4,970.05,2205.45,154,13,92.2,14.51
2026-07-11 12:00:00,NVM-STM-01,NVMe,LUN-NVM-STM-01-001,WKL-FIN-014,36643,15346,51989,770.12,534.98,1305.1,160,41,55.47,57.11
2026-07-11 12:00:00,NVM-STM-01,NVMe,LUN-NVM-STM-01-004,WKL-OPS-014,61963,5511,67474,1979.27,217.3,2196.57,147,14,93.73,9.7
2026-07-11 12:00:00,NAS-NWK-01,NAS,LUN-NAS-NWK-01-002,WKL-FIN-023,22930,6646,29576,776.19,107.58,883.77,14.23,51,66.58,56.66
2026-07-11 12:00:00,NAS-NWK-01,NAS,LUN-NAS-NWK-01-003,WKL-FIN-023,52029,20307,72336,968.54,610.03,1578.57,6.28,53,88.42,68.29
2026-07-11 12:00:00,NAS-STM-01,NAS,LUN-NAS-STM-01-005,WKL-OPS-011,12781,24682,37463,353.01,478.31,831.32,10.0,43,49.34,39.41
2026-07-11 12:00:00,NAS-STM-01,NAS,LUN-NAS-STM-012,WKL-OPS-013,98928,39420,138348,1827.5,915.05,2742.55,17.06,149,20.9,99.03
2026-07-11 16:00:00,NVM-NWK-01,NVMe,LUN-NVM-NWK-01-001,WKL-FIN-008,18162,14250,32412,605.52,212.02,817.54,247,36,83.6,18.7
2026-07-11 16:00:00,NVM-STM-01,NVMe,LUN-NVM-STM-01-005,WKL-FIN-002,21867,15486,37353,634.84,174.36,809.2,270,56,69.37,24.48
2026-07-11 16:00:00,SAN-NWK-02,SAN,LUN-SAN-NWK-02-001,WKL-FIN-018,35559,1317,36876,964.71,45.64,1010.35,6.39,45,66.1,69.72
2026-07-11 16:00:00,NAS-NWK-01,NAS,LUN-NAS-NWK-01-001,WKL-FIN-007,37377,17949,55326,368.14,217.16,585.3,14.75,53,37.91,60.04
2026-07-11 16:00:00,NAS-NWK-01,NAS,LUN-NAS-NWK-01-006,WKL-FIN-003,66492,2983,69475,2179.19,65.57,2244.76,11.02,30,86.49,75.65
2026-07-11 16:00:00,NAS-STM-01,NAS,LUN-NAS-STM-01-002,WKL-FIN-008,52621,19635,72256,633.57,237.77,871.34,7.31,14,40.66,39.76
2026-07-11 20:00:00,NVM-NWK-02,NVMe,LUN-NVM-NWK-02-003,WKL-OPS-013,12336,10059,22395,131.58,92.38,223.96,233,14,72.68,42.58
2026-07-11 20:00:00,SAN-NWK-01,SAN,LUN-SAN-NWK-01-006,WKL-OPS-004,26852,7170,34022,815.14,58.46,873.6,2.76,33,93.24,13.45
2026-07-11 20:00:00,SAN-NWK-02,SAN,LUN-SAN-NWK-02-002,WKL-FIN-001,31168,10201,41369,473.2,187.57,660.77,14.38,2,59.82,71.47
2026-07-11 20:00:00,SAN-STM-01,SAN,LUN-SAN-STM-01-001,WKL-FIN-014,27335,8464,35799,580.43,99.5,679.93,2.95,39,86.38,68.5
2026-07-12 00:00:00,NVM-NWK-01,NVMe,LUN-NVM-NWK-01-006,WKL-FIN-009,22931,7370,30301,199.01,219.59,418.6,237,11,44.6,33.05
2026-07-12 00:00:00,NVM-NWK-02,NVMe,LUN-NVM-NWK-02-006,WKL-FIN-002,26038,5168,31206,871.23,184.3,1055.53,135,2,62.28,37.44
2026-07-12 00:00:00,SAN-NWK-02,SAN,LUN-SAN-NWK-02-001,WKL-FIN-018,14660,5320,19980,405.03,139.83,544.86,11.8,6,88.43,74.18
2026-07-12 00:00:00,SAN-STM-01,SAN,LUN-SAN-STM-01-004,WKL-FIN-006,11678,7619,19297,273.28,177.17,450.45,14.11,54,93.34,53.62
2026-07-12 00:00:00,NAS-NWK-01,NAS,LUN-NAS-NWK-01-001,WKL-FIN-007,14377,10875,25252,119.89,337.46,457.35,6.15,31,60.77,61.92
2026-07-12 04:00:00,NVM-NWK-01,NVMe,LUN-NVM-NWK-01-007,WKL-FIN-007,14902,1162,16064,387.39,23.63,411.02,257,8,55.12,29.4
2026-07-12 04:00:00,NVM-STM-01,NVMe,LUN-NVM-STM-01-003,WKL-OPS-008,19826,6694,26520,610.27,59.72,669.99,186,29,81.54,9.31
2026-07-12 04:00:00,NVM-STM-01,NVMe,LUN-NVM-STM-01-005,WKL-FIN-002,26694,8724,35418,456.19,222.95,679.14,155,33,57.19,15.64
2026-07-12 04:00:00,SAN-NWK-02,SAN,LUN-SAN-NWK-02-003,WKL-FIN-011,31103,4998,36101,704.92,123.22,828.14,7.96,64,60.69,50.03
2026-07-12 04:00:00,SAN-NWK-02,SAN,LUN-SAN-NWK-02-005,WKL-FIN-022,10641,1572,12213,191.66,43.52,235.18,9.85,11,53.63,10.03
2026-07-12 04:00:00,SAN-STM-01,SAN,LUN-SAN-STM-01-005,WKL-FIN-025,19497,9443,28940,291.68,113.95,405.63,8.62,15,89.39,39.92
2026-07-12 04:00:00,NAS-NWK-01,NAS,LUN-NAS-NWK-01-001,WKL-FIN-007,14042,6526,20568,283.81,92.66,376.47,4.82,5,72.36,43.96
2026-07-12 04:00:00,SAN-NWK-01,SAN,LUN-SAN-NWK-047,WKL-OPS-009,54264,20304,74568,947.95,693.6,1641.55,7.69,226,15.71,98.82
2026-07-12 08:00:00,NVM-STM-01,NVMe,LUN-NVM-STM-01-001,WKL-FIN-014,24042,11916,35958,754.27,470.89,1225.16,286,39,77.47,57.25
2026-07-12 08:00:00,NVM-STM-01,NVMe,LUN-NVM-STM-01-002,WKL-FIN-015,34863,18834,53697,400.39,618.45,1018.84,56,30,71.32,77.57
2026-07-12 08:00:00,SAN-NWK-01,SAN,LUN-SAN-NWK-01-005,WKL-FIN-015,37108,18333,55441,568.79,334.06,902.85,9.7,13,65.57,49.38
2026-07-12 08:00:00,SAN-NWK-02,SAN,LUN-SAN-NWK-02-004,WKL-OPS-003,18268,19590,37858,193.03,757.53,950.56,12.56,1,38.07,80.88
2026-07-12 08:00:00,SAN-NWK-02,SAN,LUN-SAN-NWK-02-006,WKL-FIN-018,56431,13126,69557,609.85,202.03,811.88,2.13,11,43.92,66.3
2026-07-12 08:00:00,SAN-NWK-02,SAN,LUN-SAN-NWK-02-007,WKL-FIN-010,55860,25615,81475,988.42,1001.25,1989.67,12.73,25,68.97,18.35
2026-07-12 08:00:00,SAN-STM-01,SAN,LUN-SAN-STM-01-001,WKL-FIN-014,62589,2967,65556,894.56,112.24,1006.8,2.49,52,65.6,64.55
2026-07-12 08:00:00,NAS-NWK-01,NAS,LUN-NAS-NWK-01-003,WKL-FIN-023,15684,11524,27208,493.94,335.06,829.0,24.51,9,80.63,65.83
2026-07-12 08:00:00,NAS-NWK-01,NAS,LUN-NAS-NWK-01-004,WKL-OPS-014,14953,26679,41632,555.78,362.67,918.45,22.54,52,86.52,19.04
2026-07-12 08:00:00,SAN-NWK-01,SAN,LUN-SAN-NWK-048,WKL-OPS-011,108139,53022,161161,3621.9,755.99,4377.89,12.71,244,24.49,98.72
2026-07-12 08:00:00,NAS-STM-01,NAS,LUN-NAS-STM-012,WKL-OPS-013,108057,58452,166509,4189.74,1994.15,6183.89,8.61,216,9.15,96.58
2026-07-12 12:00:00,NVM-NWK-02,NVMe,LUN-NVM-NWK-02-001,WKL-OPS-010,29767,17599,47366,244.41,488.37,732.78,266,1,65.2,19.05
2026-07-12 12:00:00,NVM-NWK-02,NVMe,LUN-NVM-NWK-02-004,WKL-OPS-003,16633,16533,33166,143.43,638.57,782.0,276,12,78.8,34.16
2026-07-12 12:00:00,SAN-NWK-02,SAN,LUN-SAN-NWK-02-002,WKL-FIN-001,54607,26908,81515,2154.88,453.23,2608.11,9.43,6,49.15,21.11
2026-07-12 12:00:00,SAN-STM-01,SAN,LUN-SAN-STM-01-001,WKL-FIN-014,55095,11434,66529,1265.4,446.96,1712.36,7.47,40,83.55,9.36
2026-07-12 12:00:00,SAN-STM-01,SAN,LUN-SAN-STM-01-004,WKL-FIN-006,17703,9372,27075,543.45,253.45,796.9,6.58,27,47.89,16.61
2026-07-12 12:00:00,NAS-NWK-01,NAS,LUN-NAS-NWK-01-004,WKL-OPS-014,48951,25962,74913,1541.18,1007.94,2549.12,15.34,19,67.86,58.07
2026-07-12 12:00:00,NAS-STM-01,NAS,LUN-NAS-STM-01-003,WKL-FIN-025,57040,5812,62852,1795.39,92.9,1888.29,15.75,4,94.95,59.01
2026-07-12 12:00:00,SAN-NWK-01,SAN,LUN-SAN-NWK-047,WKL-OPS-009,100956,57139,158095,4025.31,855.86,4881.17,5.64,250,16.95,95.44
2026-07-12 12:00:00,NAS-STM-01,NAS,LUN-NAS-STM-012,WKL-OPS-013,105805,52888,158693,3169.35,1878.38,5047.73,9.96,152,22.96,99.6
2026-07-12 16:00:00,NVM-NWK-01,NVMe,LUN-NVM-NWK-01-004,WKL-FIN-016,14788,19746,34534,266.69,581.94,848.63,134,21,64.35,31.31
2026-07-12 16:00:00,SAN-NWK-01,SAN,LUN-SAN-NWK-01-002,WKL-FIN-013,61321,2079,63400,2280.88,42.07,2322.95,11.33,61,92.22,41.83
2026-07-12 16:00:00,SAN-NWK-02,SAN,LUN-SAN-NWK-02-001,WKL-FIN-018,20223,7857,28080,796.53,104.95,901.48,14.68,4,96.44,19.75
2026-07-12 16:00:00,SAN-NWK-02,SAN,LUN-SAN-NWK-02-006,WKL-FIN-018,60771,13848,74619,1994.14,134.21,2128.35,7.36,62,64.96,38.83
2026-07-12 16:00:00,SAN-STM-01,SAN,LUN-SAN-STM-01-003,WKL-FIN-007,42904,2085,44989,357.75,30.11,387.86,10.81,51,69.74,32.77
2026-07-12 16:00:00,SAN-STM-01,SAN,LUN-SAN-STM-01-004,WKL-FIN-006,64237,20179,84416,1700.44,398.85,2099.29,2.37,61,97.04,35.97
2026-07-12 16:00:00,SAN-STM-01,SAN,LUN-SAN-STM-01-005,WKL-FIN-025,47029,26190,73219,1521.44,1044.84,2566.28,3.3,16,91.33,22.13
2026-07-12 16:00:00,NAS-STM-01,NAS,LUN-NAS-STM-012,WKL-OPS-013,112452,35662,148114,916.88,890.35,1807.23,10.56,224,21.04,98.59
2026-07-12 20:00:00,NVM-NWK-01,NVMe,LUN-NVM-NWK-01-003,WKL-FIN-018,16038,11754,27792,474.13,261.11,735.24,117,37,82.01,37.66
2026-07-12 20:00:00,NVM-NWK-01,NVMe,LUN-NVM-NWK-01-006,WKL-FIN-009,24326,8740,33066,389.44,259.38,648.82,279,10,96.58,67.25
2026-07-12 20:00:00,NVM-NWK-01,NVMe,LUN-NVM-NWK-01-007,WKL-FIN-007,24033,7584,31617,466.79,200.67,667.46,80,22,39.89,52.14
2026-07-12 20:00:00,NVM-STM-01,NVMe,LUN-NVM-STM-01-001,WKL-FIN-014,12590,10068,22658,316.4,341.08,657.48,138,24,66.94,13.81
2026-07-12 20:00:00,SAN-NWK-01,SAN,LUN-SAN-NWK-01-003,WKL-OPS-010,11680,9887,21567,437.72,101.21,538.93,6.36,45,61.06,61.19
2026-07-12 20:00:00,SAN-NWK-02,SAN,LUN-SAN-NWK-02-005,WKL-FIN-022,24518,4246,28764,913.93,105.07,1019.0,8.79,10,95.04,33.06
2026-07-12 20:00:00,NAS-NWK-01,NAS,LUN-NAS-NWK-01-003,WKL-FIN-023,21337,11671,33008,396.42,220.22,616.64,10.84,5,38.58,55.68
2026-07-12 20:00:00,NAS-NWK-01,NAS,LUN-NAS-NWK-01-004,WKL-OPS-014,27351,10985,38336,411.91,311.46,723.37,21.15,17,84.66,24.16
2026-07-13 00:00:00,NVM-NWK-01,NVMe,LUN-NVM-NWK-01-006,WKL-FIN-009,26710,8716,35426,490.79,250.61,741.4,226,4,92.03,80.24
2026-07-13 00:00:00,NVM-NWK-02,NVMe,LUN-NVM-NWK-02-007,WKL-FIN-006,11659,4162,15821,368.55,71.19,439.74,123,12,85.29,61.54
2026-07-13 00:00:00,NVM-STM-01,NVMe,LUN-NVM-STM-01-002,WKL-FIN-015,26978,5955,32933,993.81,116.57,1110.38,262,12,87.66,14.68
2026-07-13 00:00:00,NVM-STM-01,NVMe,LUN-NVM-STM-01-003,WKL-OPS-008,30839,3989,34828,307.04,35.35,342.39,286,41,72.31,34.17
2026-07-13 00:00:00,SAN-NWK-02,SAN,LUN-SAN-NWK-02-001,WKL-FIN-018,10051,2368,12419,219.04,84.31,303.35,6.88,20,49.94,40.73
2026-07-13 00:00:00,SAN-STM-01,SAN,LUN-SAN-STM-01-002,WKL-FIN-022,26861,8905,35766,557.8,202.79,760.59,1.68,27,38.87,71.62
2026-07-13 04:00:00,NVM-NWK-01,NVMe,LUN-NVM-NWK-01-004,WKL-FIN-016,22193,6335,28528,693.68,205.95,899.63,240,13,76.7,58.84
2026-07-13 04:00:00,NVM-NWK-01,NVMe,LUN-NVM-NWK-01-005,WKL-FIN-015,10086,9168,19254,293.1,329.98,623.08,291,30,69.25,67.04
2026-07-13 04:00:00,NVM-NWK-02,NVMe,LUN-NVM-NWK-02-007,WKL-FIN-006,27165,6736,33901,420.94,199.2,620.14,258,41,72.44,59.59
2026-07-13 04:00:00,NVM-STM-01,NVMe,LUN-NVM-STM-01-003,WKL-OPS-008,29138,6720,35858,1120.8,212.39,1333.19,111,44,63.7,55.08
2026-07-13 04:00:00,SAN-NWK-01,SAN,LUN-SAN-NWK-01-002,WKL-FIN-013,19156,11493,30649,182.84,142.89,325.73,13.45,16,77.21,50.46
2026-07-13 04:00:00,SAN-NWK-02,SAN,LUN-SAN-NWK-02-007,WKL-FIN-010,24855,3273,28128,349.09,130.19,479.28,7.88,1,88.06,80.16
2026-07-13 04:00:00,NAS-NWK-01,NAS,LUN-NAS-NWK-01-004,WKL-OPS-014,18402,6074,24476,278.34,50.56,328.9,23.03,48,95.96,33.55
2026-07-13 04:00:00,NAS-NWK-01,NAS,LUN-NAS-NWK-01-007,WKL-OPS-005,16276,4799,21075,546.12,167.48,713.6,22.35,4,38.96,43.68
2026-07-13 04:00:00,NAS-STM-01,NAS,LUN-NAS-STM-012,WKL-OPS-013,50334,26556,76890,755.61,298.3,1053.91,14.52,131,12.58,98.04
2026-07-13 08:00:00,NVM-NWK-01,NVMe,LUN-NVM-NWK-01-001,WKL-FIN-008,64282,18718,83000,1380.19,544.3,1924.49,188,15,65.56,63.7
2026-07-13 08:00:00,NVM-NWK-01,NVMe,LUN-NVM-NWK-01-003,WKL-FIN-018,37341,24507,61848,1097.79,537.25,1635.04,57,29,64.67,57.26
2026-07-13 08:00:00,NVM-NWK-02,NVMe,LUN-NVM-NWK-02-007,WKL-FIN-006,41959,11649,53608,1566.85,200.93,1767.78,101,33,74.37,52.15
2026-07-13 08:00:00,NVM-STM-01,NVMe,LUN-NVM-STM-01-001,WKL-FIN-014,55888,17547,73435,1225.92,512.39,1738.31,144,37,61.54,31.71
2026-07-13 08:00:00,NAS-STM-01,NAS,LUN-NAS-STM-01-005,WKL-OPS-011,36904,26113,63017,825.43,660.89,1486.32,11.55,50,44.89,49.12
2026-07-13 12:00:00,SAN-STM-01,SAN,LUN-SAN-STM-01-004,WKL-FIN-006,37131,11773,48904,857.55,96.86,954.41,5.04,24,67.69,49.0
2026-07-13 12:00:00,SAN-STM-01,SAN,LUN-SAN-STM-01-005,WKL-FIN-025,40197,23689,63886,1006.25,599.11,1605.36,14.59,49,80.35,40.2
2026-07-13 12:00:00,NAS-NWK-01,NAS,LUN-NAS-NWK-01-002,WKL-FIN-023,21607,4000,25607,442.53,78.07,520.6,7.17,28,80.87,58.62
2026-07-13 12:00:00,SAN-NWK-01,SAN,LUN-SAN-NWK-048,WKL-OPS-011,104281,40161,144442,3765.39,1449.51,5214.9,8.59,207,20.44,98.32
2026-07-13 12:00:00,NAS-STM-01,NAS,LUN-NAS-STM-012,WKL-OPS-013,98961,57307,156268,3510.35,927.62,4437.97,13.1,245,16.02,97.28
2026-07-13 16:00:00,NVM-NWK-01,NVMe,LUN-NVM-NWK-01-006,WKL-FIN-009,43557,8613,52170,907.22,335.32,1242.54,58,5,92.61,57.01
2026-07-13 16:00:00,NVM-STM-01,NVMe,LUN-NVM-STM-01-004,WKL-OPS-014,49369,20407,69776,513.43,309.5,822.93,77,4,37.12,16.51
2026-07-13 16:00:00,SAN-NWK-01,SAN,LUN-SAN-NWK-01-007,WKL-OPS-013,36891,23500,60391,1100.27,652.78,1753.05,3.62,47,58.16,15.66
2026-07-13 16:00:00,SAN-STM-01,SAN,LUN-SAN-STM-01-005,WKL-FIN-025,35547,14194,49741,832.7,116.86,949.56,4.6,5,84.46,48.99
2026-07-13 16:00:00,NAS-STM-01,NAS,LUN-NAS-STM-01-003,WKL-FIN-025,12030,16566,28596,197.24,599.64,796.88,13.47,39,97.51,16.51
2026-07-13 16:00:00,NAS-STM-01,NAS,LUN-NAS-STM-01-004,WKL-FIN-006,63508,23518,87026,2261.99,204.5,2466.49,4.92,26,98.73,22.96
2026-07-13 16:00:00,SAN-NWK-01,SAN,LUN-SAN-NWK-047,WKL-OPS-009,118002,40339,158341,4385.09,1185.88,5570.97,11.88,133,24.08,99.12
2026-07-13 16:00:00,NAS-STM-01,NAS,LUN-NAS-STM-012,WKL-OPS-013,106246,32971,139217,2888.92,516.09,3405.01,18.81,158,24.0,97.36
2026-07-13 20:00:00,NVM-NWK-02,NVMe,LUN-NVM-NWK-02-003,WKL-OPS-013,11831,2107,13938,284.92,34.86,319.78,116,42,82.75,39.67
2026-07-13 20:00:00,NVM-STM-01,NVMe,LUN-NVM-STM-01-002,WKL-FIN-015,20752,2900,23652,724.88,97.84,822.72,224,36,86.53,67.44
2026-07-13 20:00:00,NVM-STM-01,NVMe,LUN-NVM-STM-01-005,WKL-FIN-002,24951,3421,28372,300.46,126.83,427.29,127,50,94.73,59.78
2026-07-13 20:00:00,SAN-NWK-01,SAN,LUN-SAN-NWK-01-005,WKL-FIN-015,24195,3376,27571,647.95,120.79,768.74,2.83,36,89.52,40.31
2026-07-13 20:00:00,SAN-STM-01,SAN,LUN-SAN-STM-01-005,WKL-FIN-025,21221,10094,31315,253.92,130.77,384.69,11.97,3,59.04,41.06
2026-07-13 20:00:00,NAS-NWK-01,NAS,LUN-NAS-NWK-01-006,WKL-FIN-003,26272,8378,34650,835.51,91.6,927.11,14.06,39,98.26,64.14
2026-07-13 20:00:00,NAS-STM-01,NAS,LUN-NAS-STM-01-003,WKL-FIN-025,23781,8243,32024,215.67,164.02,379.69,19.77,4,97.69,55.82
2026-07-14 00:00:00,SAN-NWK-01,SAN,LUN-SAN-NWK-01-001,WKL-OPS-011,29532,2335,31867,857.51,78.79,936.3,7.02,45,77.92,50.3
2026-07-14 00:00:00,SAN-NWK-02,SAN,LUN-SAN-NWK-02-002,WKL-FIN-001,23671,4653,28324,552.3,170.76,723.06,11.21,1,75.16,11.31
2026-07-14 00:00:00,NAS-NWK-01,NAS,LUN-NAS-NWK-01-001,WKL-FIN-007,29444,8710,38154,895.91,339.57,1235.48,22.16,37,81.98,28.18
2026-07-14 00:00:00,NAS-NWK-01,NAS,LUN-NAS-NWK-01-003,WKL-FIN-023,24782,5420,30202,740.21,114.86,855.07,14.62,35,46.3,10.37
2026-07-14 04:00:00,NVM-NWK-02,NVMe,LUN-NVM-NWK-02-007,WKL-FIN-006,30970,10750,41720,296.03,208.78,504.81,158,23,57.51,66.98
2026-07-14 04:00:00,SAN-NWK-01,SAN,LUN-SAN-NWK-01-001,WKL-OPS-011,23079,2776,25855,609.43,40.94,650.37,4.73,54,96.58,50.72
2026-07-14 04:00:00,SAN-NWK-02,SAN,LUN-SAN-NWK-02-001,WKL-FIN-018,20716,8777,29493,805.73,264.78,1070.51,8.18,8,55.24,69.9
2026-07-14 04:00:00,SAN-STM-01,SAN,LUN-SAN-STM-01-001,WKL-FIN-014,14315,3556,17871,202.91,60.13,263.04,9.39,61,51.67,71.5
2026-07-14 04:00:00,SAN-NWK-01,SAN,LUN-SAN-NWK-047,WKL-OPS-009,32708,20493,53201,565.4,350.34,915.74,11.64,197,16.56,95.85
2026-07-14 08:00:00,NVM-NWK-01,NVMe,LUN-NVM-NWK-01-005,WKL-FIN-015,32004,9856,41860,282.08,108.84,390.92,98,15,70.82,66.9
2026-07-14 08:00:00,NVM-NWK-02,NVMe,LUN-NVM-NWK-02-001,WKL-OPS-010,25951,19842,45793,275.43,312.83,588.26,249,51,65.5,20.89
2026-07-14 08:00:00,SAN-NWK-01,SAN,LUN-SAN-NWK-01-001,WKL-OPS-011,55195,21411,76606,1744.33,198.51,1942.84,3.94,62,91.62,46.18
2026-07-14 08:00:00,SAN-NWK-02,SAN,LUN-SAN-NWK-02-006,WKL-FIN-018,24532,24859,49391,401.0,532.83,933.83,10.98,19,44.0,73.33
2026-07-14 08:00:00,SAN-NWK-01,SAN,LUN-SAN-NWK-048,WKL-OPS-011,112398,58200,170598,3776.15,543.3,4319.45,8.34,244,18.93,96.15
2026-07-14 12:00:00,SAN-NWK-01,SAN,LUN-SAN-NWK-01-007,WKL-OPS-013,33699,10770,44469,969.89,139.52,1109.41,3.17,41,40.85,36.12
2026-07-14 12:00:00,SAN-STM-01,SAN,LUN-SAN-STM-01-005,WKL-FIN-025,63175,22620,85795,2102.33,394.27,2496.6,3.28,47,51.59,67.81
2026-07-14 12:00:00,NAS-NWK-01,NAS,LUN-NAS-NWK-01-004,WKL-OPS-014,46171,18348,64519,1246.53,607.78,1854.31,20.94,27,66.8,67.66
2026-07-14 12:00:00,SAN-NWK-01,SAN,LUN-SAN-NWK-048,WKL-OPS-011,71400,38517,109917,1697.63,1385.48,3083.11,10.69,177,20.34,97.21
2026-07-14 16:00:00,NVM-NWK-01,NVMe,LUN-NVM-NWK-01-005,WKL-FIN-015,53487,8409,61896,1007.28,163.2,1170.48,253,38,78.47,10.8
2026-07-14 16:00:00,SAN-NWK-02,SAN,LUN-SAN-NWK-02-004,WKL-OPS-003,56224,21067,77291,1253.15,586.91,1840.06,14.43,47,69.11,49.71
2026-07-14 16:00:00,NAS-NWK-01,NAS,LUN-NAS-NWK-01-006,WKL-FIN-003,44569,1806,46375,392.06,30.19,422.25,11.3,6,62.28,62.49
2026-07-14 16:00:00,NAS-STM-01,NAS,LUN-NAS-STM-012,WKL-OPS-013,73626,30330,103956,1198.2,1000.23,2198.43,12.24,197,24.12,96.46
2026-07-14 20:00:00,NVM-NWK-01,NVMe,LUN-NVM-NWK-01-007,WKL-FIN-007,17247,1632,18879,465.41,39.23,504.64,86,64,68.87,29.28
2026-07-14 20:00:00,NAS-STM-01,NAS,LUN-NAS-STM-01-001,WKL-OPS-010,10449,9207,19656,137.21,302.91,440.12,20.78,33,48.46,27.76
2026-07-15 00:00:00,NVM-NWK-01,NVMe,LUN-NVM-NWK-01-001,WKL-FIN-008,17925,8323,26248,446.47,316.48,762.95,247,53,89.76,55.99
2026-07-15 00:00:00,NVM-NWK-01,NVMe,LUN-NVM-NWK-01-007,WKL-FIN-007,24223,6088,30311,317.62,237.82,555.44,82,12,35.56,55.17
2026-07-15 00:00:00,SAN-NWK-02,SAN,LUN-SAN-NWK-02-004,WKL-OPS-003,31454,3828,35282,468.1,92.02,560.12,6.46,4,39.91,19.84
2026-07-15 00:00:00,NAS-NWK-01,NAS,LUN-NAS-NWK-01-005,WKL-FIN-017,12730,1954,14684,409.04,27.32,436.36,12.92,18,78.73,48.43
2026-07-15 00:00:00,NAS-STM-01,NAS,LUN-NAS-STM-01-003,WKL-FIN-025,23827,9315,33142,368.93,79.21,448.14,6.76,22,62.67,72.73
2026-07-15 00:00:00,NAS-STM-01,NAS,LUN-NAS-STM-01-004,WKL-FIN-006,28762,7065,35827,1018.98,120.48,1139.46,17.82,44,48.36,14.19
2026-07-15 04:00:00,NVM-NWK-01,NVMe,LUN-NVM-NWK-01-002,WKL-FIN-002,29976,10364,40340,781.49,121.98,903.47,226,18,70.1,25.94
2026-07-15 04:00:00,NVM-NWK-02,NVMe,LUN-NVM-NWK-02-004,WKL-OPS-003,15940,9542,25482,339.76,98.08,437.84,270,52,64.74,44.99
2026-07-15 04:00:00,SAN-NWK-01,SAN,LUN-SAN-NWK-01-003,WKL-OPS-010,25932,9758,35690,1013.39,225.86,1239.25,6.0,52,45.63,56.95
2026-07-15 04:00:00,SAN-NWK-01,SAN,LUN-SAN-NWK-01-005,WKL-FIN-015,20016,4669,24685,602.82,57.25,660.07,6.55,8,42.47,26.19
2026-07-15 04:00:00,SAN-STM-01,SAN,LUN-SAN-STM-01-004,WKL-FIN-006,22506,12483,34989,402.25,397.37,799.62,14.84,50,95.15,55.36
2026-07-15 04:00:00,SAN-NWK-01,SAN,LUN-SAN-NWK-047,WKL-OPS-009,55562,26263,81825,1217.12,604.3,1821.42,11.22,181,14.63,99.09
2026-07-15 08:00:00,NVM-NWK-01,NVMe,LUN-NVM-NWK-01-003,WKL-FIN-018,48991,16504,65495,530.83,285.7,816.53,149,22,40.57,70.55
2026-07-15 08:00:00,NVM-NWK-01,NVMe,LUN-NVM-NWK-01-004,WKL-FIN-016,17439,7171,24610,433.27,258.49,691.76,83,37,93.55,36.1
2026-07-15 08:00:00,SAN-NWK-01,SAN,LUN-SAN-NWK-01-004,WKL-OPS-002,18966,1230,20196,437.72,31.62,469.34,2.15,26,40.58,54.65
2026-07-15 08:00:00,SAN-NWK-02,SAN,LUN-SAN-NWK-02-007,WKL-FIN-010,29280,12475,41755,658.84,450.6,1109.44,13.53,33,77.3,62.37
2026-07-15 08:00:00,SAN-STM-01,SAN,LUN-SAN-STM-01-002,WKL-FIN-022,35101,8694,43795,1176.71,336.02,1512.73,8.35,21,49.65,57.34
2026-07-15 08:00:00,SAN-NWK-01,SAN,LUN-SAN-NWK-047,WKL-OPS-009,117238,44820,162058,3737.62,915.06,4652.68,7.0,189,15.15,99.71
2026-07-15 12:00:00,SAN-NWK-01,SAN,LUN-SAN-NWK-01-005,WKL-FIN-015,25728,3129,28857,581.31,31.75,613.06,10.96,59,70.55,35.32
2026-07-15 12:00:00,SAN-NWK-01,SAN,LUN-SAN-NWK-048,WKL-OPS-011,113236,42441,155677,1151.43,457.12,1608.55,13.69,172,14.09,98.18
2026-07-15 16:00:00,NVM-NWK-01,NVMe,LUN-NVM-NWK-01-004,WKL-FIN-016,52669,16186,68855,1737.82,560.14,2297.96,54,10,92.23,74.32
2026-07-15 16:00:00,NVM-NWK-01,NVMe,LUN-NVM-NWK-01-006,WKL-FIN-009,65340,10005,75345,1374.68,131.61,1506.29,243,13,67.67,9.58
2026-07-15 16:00:00,SAN-NWK-01,SAN,LUN-SAN-NWK-01-004,WKL-OPS-002,43305,2986,46291,1593.55,59.89,1653.44,10.79,39,82.78,26.4
2026-07-15 16:00:00,SAN-NWK-01,SAN,LUN-SAN-NWK-01-005,WKL-FIN-015,21505,7858,29363,701.45,176.54,877.99,6.08,47,43.86,26.07
2026-07-15 16:00:00,SAN-NWK-01,SAN,LUN-SAN-NWK-01-007,WKL-OPS-013,17536,13687,31223,352.14,400.8,752.94,11.59,19,64.7,81.66
2026-07-15 16:00:00,SAN-NWK-02,SAN,LUN-SAN-NWK-02-001,WKL-FIN-018,39507,8347,47854,901.0,263.32,1164.32,8.0,49,72.12,60.93
2026-07-15 16:00:00,SAN-STM-01,SAN,LUN-SAN-STM-01-002,WKL-FIN-022,61398,895,62293,1974.58,34.4,2008.98,6.36,58,72.09,30.82
2026-07-15 16:00:00,SAN-STM-01,SAN,LUN-SAN-STM-01-004,WKL-FIN-006,37246,3382,40628,783.99,85.09,869.08,6.71,23,89.43,46.81
2026-07-15 16:00:00,NAS-NWK-01,NAS,LUN-NAS-NWK-01-001,WKL-FIN-007,18387,10815,29202,467.4,147.81,615.21,16.16,22,89.47,9.5
2026-07-15 16:00:00,NAS-NWK-01,NAS,LUN-NAS-NWK-01-003,WKL-FIN-023,55671,14875,70546,1771.17,579.5,2350.67,6.35,14,65.02,36.67
2026-07-15 16:00:00,NAS-STM-01,NAS,LUN-NAS-STM-01-001,WKL-OPS-010,36867,16087,52954,924.24,299.24,1223.48,16.54,38,83.01,30.65
2026-07-15 16:00:00,SAN-NWK-01,SAN,LUN-SAN-NWK-048,WKL-OPS-011,106264,40854,147118,2314.25,400.01,2714.26,3.9,165,23.46,99.09
2026-07-15 20:00:00,NVM-NWK-02,NVMe,LUN-NVM-NWK-02-002,WKL-FIN-006,22452,5439,27891,839.19,54.54,893.73,277,18,52.83,81.03
2026-07-15 20:00:00,NVM-NWK-02,NVMe,LUN-NVM-NWK-02-005,WKL-FIN-003,23764,6671,30435,488.96,108.21,597.17,202,30,65.84,29.88
2026-07-15 20:00:00,SAN-NWK-02,SAN,LUN-SAN-NWK-02-004,WKL-OPS-003,28088,10944,39032,251.84,117.0,368.84,9.86,38,80.11,73.1
2026-07-15 20:00:00,SAN-STM-01,SAN,LUN-SAN-STM-01-001,WKL-FIN-014,22546,10548,33094,850.95,308.28,1159.23,11.94,50,41.02,25.24
2026-07-15 20:00:00,NAS-NWK-01,NAS,LUN-NAS-NWK-01-001,WKL-FIN-007,26992,2523,29515,570.23,45.07,615.3,4.54,60,46.59,36.65
2026-07-15 20:00:00,NAS-NWK-01,NAS,LUN-NAS-NWK-01-004,WKL-OPS-014,27481,2908,30389,768.41,102.16,870.57,14.2,63,83.52,20.3
2026-07-15 20:00:00,NAS-NWK-01,NAS,LUN-NAS-NWK-01-006,WKL-FIN-003,16509,7887,24396,251.95,241.32,493.27,9.12,25,64.77,72.8
2026-07-16 00:00:00,NVM-NWK-01,NVMe,LUN-NVM-NWK-01-005,WKL-FIN-015,21884,8286,30170,868.79,299.98,1168.77,197,1,63.02,18.93
2026-07-16 00:00:00,SAN-NWK-01,SAN,LUN-SAN-NWK-01-007,WKL-OPS-013,27532,7884,35416,394.6,256.13,650.73,4.89,23,64.08,24.12
2026-07-16 00:00:00,SAN-NWK-02,SAN,LUN-SAN-NWK-02-006,WKL-FIN-018,12077,5858,17935,391.99,208.93,600.92,11.32,39,70.44,41.11
2026-07-16 00:00:00,SAN-STM-01,SAN,LUN-SAN-STM-01-004,WKL-FIN-006,27686,1082,28768,1107.13,12.02,1119.15,10.97,14,84.79,54.97
2026-07-16 00:00:00,NAS-NWK-01,NAS,LUN-NAS-NWK-01-006,WKL-FIN-003,24061,2424,26485,672.65,85.28,757.93,9.67,37,97.72,23.62
2026-07-16 00:00:00,NAS-STM-01,NAS,LUN-NAS-STM-01-003,WKL-FIN-025,26639,8560,35199,486.4,177.19,663.59,14.09,47,66.36,68.29
2026-07-16 00:00:00,SAN-NWK-01,SAN,LUN-SAN-NWK-048,WKL-OPS-011,36997,18077,55074,1422.9,396.59,1819.49,3.7,234,21.77,96.84
2026-07-16 04:00:00,NVM-NWK-01,NVMe,LUN-NVM-NWK-01-001,WKL-FIN-008,24984,4931,29915,707.37,113.66,821.03,193,45,96.78,53.36
2026-07-16 04:00:00,NVM-NWK-02,NVMe,LUN-NVM-NWK-02-004,WKL-OPS-003,15446,5066,20512,186.91,184.01,370.92,176,17,43.57,51.77
2026-07-16 04:00:00,NVM-NWK-02,NVMe,LUN-NVM-NWK-02-007,WKL-FIN-006,14735,10117,24852,207.28,155.49,362.77,261,30,80.5,81.65
2026-07-16 04:00:00,SAN-NWK-01,SAN,LUN-SAN-NWK-01-002,WKL-FIN-013,26901,7677,34578,497.59,254.31,751.9,3.32,38,84.94,53.76
2026-07-16 04:00:00,NAS-NWK-01,NAS,LUN-NAS-NWK-01-002,WKL-FIN-023,17453,9156,26609,550.31,137.13,687.44,10.66,32,85.09,39.32
2026-07-16 04:00:00,NAS-STM-01,NAS,LUN-NAS-STM-01-004,WKL-FIN-006,21768,1481,23249,690.23,29.1,719.33,22.0,14,40.79,72.46
2026-07-16 08:00:00,NVM-NWK-02,NVMe,LUN-NVM-NWK-02-005,WKL-FIN-003,25321,5497,30818,971.67,171.68,1143.35,62,16,98.92,64.11
2026-07-16 08:00:00,SAN-NWK-02,SAN,LUN-SAN-NWK-02-003,WKL-FIN-011,24498,22006,46504,593.9,538.86,1132.76,7.5,11,44.06,55.38
2026-07-16 08:00:00,SAN-STM-01,SAN,LUN-SAN-STM-01-005,WKL-FIN-025,65257,7639,72896,1493.23,290.76,1783.99,4.84,61,97.99,65.59
2026-07-16 08:00:00,NAS-STM-01,NAS,LUN-NAS-STM-01-005,WKL-OPS-011,55021,12360,67381,762.65,441.03,1203.68,14.46,4,87.99,48.91
2026-07-16 08:00:00,SAN-NWK-01,SAN,LUN-SAN-NWK-047,WKL-OPS-009,92793,41028,133821,3647.95,1280.13,4928.08,3.8,167,9.9,97.21
2026-07-16 12:00:00,NVM-NWK-01,NVMe,LUN-NVM-NWK-01-007,WKL-FIN-007,15844,2733,18577,184.62,91.21,275.83,71,20,53.44,46.95
2026-07-16 12:00:00,NVM-NWK-02,NVMe,LUN-NVM-NWK-02-003,WKL-OPS-013,44131,4840,48971,742.1,141.49,883.59,141,37,36.07,25.09
2026-07-16 12:00:00,NVM-STM-01,NVMe,LUN-NVM-STM-01-002,WKL-FIN-015,10762,24264,35026,108.35,786.68,895.03,125,29,50.09,10.84
2026-07-16 12:00:00,NVM-STM-01,NVMe,LUN-NVM-STM-01-003,WKL-OPS-008,64392,9492,73884,1025.71,260.45,1286.16,247,53,60.69,27.29
2026-07-16 12:00:00,SAN-NWK-02,SAN,LUN-SAN-NWK-02-005,WKL-FIN-022,41905,14497,56402,1220.09,505.32,1725.41,12.28,48,51.44,61.9
2026-07-16 12:00:00,NAS-NWK-01,NAS,LUN-NAS-NWK-01-004,WKL-OPS-014,25602,7893,33495,404.59,285.01,689.6,5.76,21,63.88,38.1
2026-07-16 12:00:00,NAS-STM-01,NAS,LUN-NAS-STM-01-005,WKL-OPS-011,10620,25620,36240,268.66,214.25,482.91,8.49,51,60.78,9.16
2026-07-16 12:00:00,NAS-STM-01,NAS,LUN-NAS-STM-012,WKL-OPS-013,113494,34632,148126,1222.42,628.94,1851.36,20.68,190,12.42,96.79
2026-07-16 16:00:00,NVM-NWK-01,NVMe,LUN-NVM-NWK-01-006,WKL-FIN-009,32959,24045,57004,282.3,296.96,579.26,207,64,94.09,70.48
2026-07-16 16:00:00,NVM-NWK-02,NVMe,LUN-NVM-NWK-02-004,WKL-OPS-003,60454,8070,68524,2012.82,236.28,2249.1,95,7,56.84,9.94
2026-07-16 16:00:00,NVM-STM-01,NVMe,LUN-NVM-STM-01-004,WKL-OPS-014,57624,8986,66610,860.55,190.1,1050.65,203,35,83.23,62.5
2026-07-16 16:00:00,SAN-STM-01,SAN,LUN-SAN-STM-01-002,WKL-FIN-022,62545,24691,87236,2471.84,447.13,2918.97,7.77,45,45.45,59.36
2026-07-16 16:00:00,SAN-STM-01,SAN,LUN-SAN-STM-01-004,WKL-FIN-006,11608,16042,27650,188.72,499.65,688.37,3.07,15,40.99,72.07
2026-07-16 16:00:00,NAS-NWK-01,NAS,LUN-NAS-NWK-01-005,WKL-FIN-017,13558,22663,36221,396.83,560.12,956.95,21.22,29,89.85,23.78
2026-07-16 16:00:00,SAN-NWK-01,SAN,LUN-SAN-NWK-047,WKL-OPS-009,118746,47089,165835,1854.59,1762.03,3616.62,7.2,214,18.43,95.56
2026-07-16 20:00:00,NVM-NWK-02,NVMe,LUN-NVM-NWK-02-002,WKL-FIN-006,22293,634,22927,621.62,16.37,637.99,228,15,68.17,14.11
2026-07-16 20:00:00,NVM-NWK-02,NVMe,LUN-NVM-NWK-02-003,WKL-OPS-013,21097,6372,27469,183.12,198.66,381.78,218,46,45.83,55.68
2026-07-16 20:00:00,NVM-NWK-02,NVMe,LUN-NVM-NWK-02-004,WKL-OPS-003,16813,955,17768,216.91,9.7,226.61,118,62,93.99,52.32
2026-07-16 20:00:00,SAN-NWK-01,SAN,LUN-SAN-NWK-048,WKL-OPS-011,53172,27884,81056,2084.86,509.34,2594.2,13.93,187,13.33,95.21
2026-07-17 00:00:00,NVM-NWK-01,NVMe,LUN-NVM-NWK-01-004,WKL-FIN-016,13432,430,13862,420.95,12.33,433.28,254,23,38.1,49.73
2026-07-17 00:00:00,NVM-NWK-02,NVMe,LUN-NVM-NWK-02-004,WKL-OPS-003,13497,9300,22797,134.11,361.94,496.05,185,41,63.38,39.45
2026-07-17 00:00:00,NVM-STM-01,NVMe,LUN-NVM-STM-01-002,WKL-FIN-015,30897,9093,39990,930.15,332.5,1262.65,248,13,75.05,72.98
2026-07-17 00:00:00,NAS-STM-01,NAS,LUN-NAS-STM-01-002,WKL-FIN-008,20209,7863,28072,383.56,107.17,490.73,3.79,61,86.38,9.61
2026-07-17 00:00:00,SAN-NWK-01,SAN,LUN-SAN-NWK-047,WKL-OPS-009,36054,20392,56446,392.6,410.67,803.27,9.29,153,17.39,98.03
2026-07-17 00:00:00,SAN-NWK-01,SAN,LUN-SAN-NWK-048,WKL-OPS-011,44168,16702,60870,778.1,615.23,1393.33,2.03,172,17.73,95.65
2026-07-17 04:00:00,NVM-NWK-02,NVMe,LUN-NVM-NWK-02-006,WKL-FIN-002,27938,8860,36798,969.87,150.75,1120.62,240,49,55.06,72.1
2026-07-17 04:00:00,NAS-NWK-01,NAS,LUN-NAS-NWK-01-002,WKL-FIN-023,28884,10399,39283,610.94,270.69,881.63,14.11,19,51.31,11.18
2026-07-17 04:00:00,NAS-STM-01,NAS,LUN-NAS-STM-01-002,WKL-FIN-008,20189,11293,31482,476.85,338.99,815.84,16.29,6,62.74,43.68
2026-07-17 08:00:00,NAS-NWK-01,NAS,LUN-NAS-NWK-01-005,WKL-FIN-017,38397,20058,58455,503.31,537.87,1041.18,9.85,9,91.02,71.16
2026-07-17 08:00:00,SAN-NWK-01,SAN,LUN-SAN-NWK-047,WKL-OPS-009,106845,44926,151771,3332.88,371.79,3704.67,10.99,134,17.03,96.15
2026-07-17 08:00:00,SAN-NWK-01,SAN,LUN-SAN-NWK-048,WKL-OPS-011,103758,55756,159514,3622.25,1228.98,4851.23,3.21,213,20.0,95.91
2026-07-17 08:00:00,NAS-STM-01,NAS,LUN-NAS-STM-012,WKL-OPS-013,111696,55927,167623,1180.57,1855.02,3035.59,10.04,201,24.88,97.43
2026-07-17 12:00:00,NVM-NWK-01,NVMe,LUN-NVM-NWK-01-006,WKL-FIN-009,45340,14914,60254,1233.1,452.42,1685.52,180,50,43.89,38.06
2026-07-17 12:00:00,NVM-STM-01,NVMe,LUN-NVM-STM-01-002,WKL-FIN-015,64854,20050,84904,1406.98,713.31,2120.29,268,10,44.51,10.33
2026-07-17 12:00:00,SAN-NWK-01,SAN,LUN-SAN-NWK-01-001,WKL-OPS-011,52212,13659,65871,1869.91,427.11,2297.02,13.14,17,76.89,71.21
2026-07-17 12:00:00,SAN-NWK-01,SAN,LUN-SAN-NWK-01-006,WKL-OPS-004,22177,12876,35053,851.93,270.77,1122.7,3.88,19,57.89,8.07
2026-07-17 12:00:00,SAN-NWK-02,SAN,LUN-SAN-NWK-02-002,WKL-FIN-001,20119,14430,34549,330.52,153.16,483.68,7.05,63,78.0,44.93
2026-07-17 12:00:00,SAN-NWK-02,SAN,LUN-SAN-NWK-02-006,WKL-FIN-018,17389,11676,29065,662.97,365.61,1028.58,1.78,13,60.56,11.68
2026-07-17 12:00:00,NAS-STM-01,NAS,LUN-NAS-STM-01-004,WKL-FIN-006,45999,2997,48996,1021.47,83.6,1105.07,23.83,48,89.77,44.08
2026-07-17 16:00:00,NVM-NWK-01,NVMe,LUN-NVM-NWK-01-001,WKL-FIN-008,52236,15222,67458,1552.64,407.33,1959.97,222,35,41.89,34.78
2026-07-17 16:00:00,NVM-NWK-01,NVMe,LUN-NVM-NWK-01-002,WKL-FIN-002,23271,25366,48637,849.15,327.62,1176.77,92,58,97.28,75.67
2026-07-17 16:00:00,NVM-NWK-01,NVMe,LUN-NVM-NWK-01-004,WKL-FIN-016,60504,15865,76369,2034.79,548.89,2583.68,176,37,63.57,20.28
2026-07-17 16:00:00,NVM-NWK-01,NVMe,LUN-NVM-NWK-01-005,WKL-FIN-015,10917,18199,29116,158.87,713.99,872.86,164,29,47.36,55.57
2026-07-17 16:00:00,NVM-NWK-02,NVMe,LUN-NVM-NWK-02-007,WKL-FIN-006,17274,13236,30510,212.26,383.88,596.14,163,27,69.5,64.21
2026-07-17 16:00:00,NAS-NWK-01,NAS,LUN-NAS-NWK-01-005,WKL-FIN-017,64101,8691,72792,1279.35,228.07,1507.42,17.05,28,77.28,57.13
2026-07-17 16:00:00,NAS-STM-01,NAS,LUN-NAS-STM-01-004,WKL-FIN-006,50403,21385,71788,1736.87,528.73,2265.6,22.64,7,75.99,78.83
2026-07-17 16:00:00,SAN-NWK-01,SAN,LUN-SAN-NWK-047,WKL-OPS-009,106881,52933,159814,861.75,1928.58,2790.33,7.83,199,10.77,98.32
2026-07-17 16:00:00,SAN-NWK-01,SAN,LUN-SAN-NWK-048,WKL-OPS-011,114766,31464,146230,1946.91,934.7,2881.61,4.94,216,17.42,96.71
2026-07-17 16:00:00,NAS-STM-01,NAS,LUN-NAS-STM-012,WKL-OPS-013,107148,53814,160962,1462.83,2149.92,3612.75,3.74,210,19.93,98.44
2026-07-17 20:00:00,NVM-NWK-02,NVMe,LUN-NVM-NWK-02-004,WKL-OPS-003,23691,5157,28848,431.83,68.79,500.62,131,32,42.51,53.12
2026-07-17 20:00:00,NVM-STM-01,NVMe,LUN-NVM-STM-01-003,WKL-OPS-008,27008,4551,31559,585.77,146.02,731.79,211,58,36.49,72.18
2026-07-17 20:00:00,NVM-STM-01,NVMe,LUN-NVM-STM-01-004,WKL-OPS-014,29910,8494,38404,603.49,210.26,813.75,144,60,81.33,72.3
2026-07-17 20:00:00,SAN-NWK-01,SAN,LUN-SAN-NWK-01-002,WKL-FIN-013,29732,10514,40246,967.58,363.17,1330.75,13.3,28,88.47,63.3
2026-07-17 20:00:00,SAN-NWK-01,SAN,LUN-SAN-NWK-01-004,WKL-OPS-002,22926,2268,25194,614.67,52.44,667.11,8.59,57,98.21,25.49
2026-07-17 20:00:00,SAN-NWK-01,SAN,LUN-SAN-NWK-01-006,WKL-OPS-004,30789,9163,39952,983.03,321.08,1304.11,11.75,43,63.99,67.28
2026-07-17 20:00:00,SAN-NWK-02,SAN,LUN-SAN-NWK-02-003,WKL-FIN-011,20401,4852,25253,187.32,98.49,285.81,12.96,34,56.75,52.79
2026-07-17 20:00:00,SAN-STM-01,SAN,LUN-SAN-STM-01-004,WKL-FIN-006,15867,11806,27673,549.71,145.2,694.91,3.02,35,48.4,29.18
2026-07-17 20:00:00,NAS-STM-01,NAS,LUN-NAS-STM-01-001,WKL-OPS-010,19575,5224,24799,372.13,186.47,558.6,6.68,34,42.45,9.8
2026-07-18 00:00:00,NVM-NWK-01,NVMe,LUN-NVM-NWK-01-006,WKL-FIN-009,30880,12079,42959,445.28,330.49,775.77,200,47,65.75,78.74
2026-07-18 00:00:00,SAN-NWK-02,SAN,LUN-SAN-NWK-02-006,WKL-FIN-018,16872,8981,25853,632.6,88.51,721.11,10.69,7,70.53,20.55
2026-07-18 00:00:00,NAS-NWK-01,NAS,LUN-NAS-NWK-01-006,WKL-FIN-003,29632,7490,37122,639.68,135.29,774.97,23.12,48,61.44,63.14
2026-07-18 00:00:00,SAN-NWK-01,SAN,LUN-SAN-NWK-047,WKL-OPS-009,47623,19511,67134,1194.94,198.16,1393.1,14.59,183,15.86,97.17
2026-07-18 00:00:00,NAS-STM-01,NAS,LUN-NAS-STM-012,WKL-OPS-013,48067,26880,74947,1523.45,461.86,1985.31,11.4,159,9.11,95.77
2026-07-18 04:00:00,NVM-NWK-01,NVMe,LUN-NVM-NWK-01-003,WKL-FIN-018,21298,4659,25957,519.23,86.0,605.23,95,13,84.82,12.75
2026-07-18 04:00:00,NVM-NWK-01,NVMe,LUN-NVM-NWK-01-007,WKL-FIN-007,12698,1781,14479,374.23,30.28,404.51,292,5,83.07,45.61
2026-07-18 04:00:00,NVM-NWK-02,NVMe,LUN-NVM-NWK-02-004,WKL-OPS-003,24419,368,24787,197.92,13.52,211.44,184,1,76.6,30.61
2026-07-18 04:00:00,SAN-NWK-02,SAN,LUN-SAN-NWK-02-007,WKL-FIN-010,17603,9762,27365,333.84,219.57,553.41,11.15,35,57.63,65.8
2026-07-18 04:00:00,NAS-STM-01,NAS,LUN-NAS-STM-01-002,WKL-FIN-008,20358,8915,29273,686.69,317.09,1003.78,17.52,53,91.23,69.28
2026-07-18 04:00:00,NAS-STM-01,NAS,LUN-NAS-STM-01-004,WKL-FIN-006,17836,10830,28666,310.12,166.4,476.52,18.19,12,67.66,59.98
2026-07-18 08:00:00,NVM-STM-01,NVMe,LUN-NVM-STM-01-002,WKL-FIN-015,29245,3051,32296,494.91,69.13,564.04,165,38,51.67,58.84
2026-07-18 08:00:00,NVM-STM-01,NVMe,LUN-NVM-STM-01-005,WKL-FIN-002,10083,12525,22608,83.02,280.09,363.11,93,33,59.44,53.21
2026-07-18 08:00:00,SAN-NWK-01,SAN,LUN-SAN-NWK-01-004,WKL-OPS-002,48202,15415,63617,527.51,607.93,1135.44,12.0,51,87.13,65.22
2026-07-18 08:00:00,SAN-NWK-02,SAN,LUN-SAN-NWK-02-003,WKL-FIN-011,65080,16987,82067,1489.19,228.52,1717.71,13.72,17,41.97,29.26
2026-07-18 08:00:00,SAN-STM-01,SAN,LUN-SAN-STM-01-003,WKL-FIN-007,57294,10149,67443,1061.04,386.03,1447.07,9.81,29,50.3,67.52
2026-07-18 08:00:00,SAN-NWK-01,SAN,LUN-SAN-NWK-048,WKL-OPS-011,86685,36276,122961,740.26,968.66,1708.92,3.73,210,12.32,97.67
2026-07-18 12:00:00,NVM-NWK-02,NVMe,LUN-NVM-NWK-02-001,WKL-OPS-010,60574,22356,82930,622.58,609.88,1232.46,160,2,78.66,46.36
2026-07-18 12:00:00,NVM-NWK-02,NVMe,LUN-NVM-NWK-02-002,WKL-FIN-006,36723,26137,62860,1179.47,494.7,1674.17,157,3,88.28,29.64
2026-07-18 12:00:00,NVM-STM-01,NVMe,LUN-NVM-STM-01-002,WKL-FIN-015,24352,5425,29777,703.46,173.43,876.89,50,11,93.17,50.49
2026-07-18 12:00:00,SAN-NWK-01,SAN,LUN-SAN-NWK-01-002,WKL-FIN-013,25575,5679,31254,208.83,179.28,388.11,2.58,25,35.73,78.57
2026-07-18 12:00:00,SAN-NWK-02,SAN,LUN-SAN-NWK-02-004,WKL-OPS-003,33742,26959,60701,755.67,234.04,989.71,4.54,59,83.41,54.6
2026-07-18 12:00:00,NAS-STM-01,NAS,LUN-NAS-STM-012,WKL-OPS-013,118098,50572,168670,4589.76,1389.54,5979.3,18.51,151,14.14,95.45
2026-07-18 16:00:00,NVM-NWK-02,NVMe,LUN-NVM-NWK-02-002,WKL-FIN-006,34189,5572,39761,918.16,143.8,1061.96,139,22,70.85,39.13
2026-07-18 16:00:00,NVM-NWK-02,NVMe,LUN-NVM-NWK-02-003,WKL-OPS-013,27231,26313,53544,633.31,383.73,1017.04,76,49,43.95,66.43
2026-07-18 16:00:00,NVM-NWK-02,NVMe,LUN-NVM-NWK-02-005,WKL-FIN-003,39867,20229,60096,451.98,448.16,900.14,271,1,51.39,24.5
2026-07-18 16:00:00,SAN-NWK-02,SAN,LUN-SAN-NWK-02-003,WKL-FIN-011,39445,16462,55907,1192.23,260.81,1453.04,7.18,38,37.11,49.13
2026-07-18 16:00:00,SAN-NWK-02,SAN,LUN-SAN-NWK-02-007,WKL-FIN-010,25522,451,25973,329.77,17.64,347.41,13.18,25,64.19,8.03
2026-07-18 16:00:00,SAN-NWK-01,SAN,LUN-SAN-NWK-048,WKL-OPS-011,115258,35466,150724,1483.95,1082.39,2566.34,5.46,182,14.46,95.7
2026-07-18 20:00:00,NVM-NWK-01,NVMe,LUN-NVM-NWK-01-003,WKL-FIN-018,18283,5779,24062,457.18,107.87,565.05,83,7,95.41,78.5
2026-07-18 20:00:00,SAN-STM-01,SAN,LUN-SAN-STM-01-005,WKL-FIN-025,25666,11571,37237,283.06,359.57,642.63,13.32,22,56.17,10.79
2026-07-18 20:00:00,NAS-STM-01,NAS,LUN-NAS-STM-012,WKL-OPS-013,39296,22757,62053,1272.28,762.43,2034.71,5.0,215,18.06,98.67
2026-07-19 00:00:00,NVM-NWK-01,NVMe,LUN-NVM-NWK-01-007,WKL-FIN-007,18021,2883,20904,250.16,48.96,299.12,238,63,98.83,55.08
2026-07-19 00:00:00,SAN-NWK-01,SAN,LUN-SAN-NWK-01-001,WKL-OPS-011,19597,3793,23390,755.32,64.13,819.45,6.26,25,47.58,59.37
2026-07-19 00:00:00,SAN-NWK-01,SAN,LUN-SAN-NWK-01-004,WKL-OPS-002,16169,11270,27439,491.18,156.94,648.12,12.42,45,38.79,34.74
2026-07-19 00:00:00,SAN-STM-01,SAN,LUN-SAN-STM-01-004,WKL-FIN-006,17311,5732,23043,241.71,227.7,469.41,3.71,10,82.84,61.77
2026-07-19 00:00:00,NAS-NWK-01,NAS,LUN-NAS-NWK-01-001,WKL-FIN-007,31203,8956,40159,875.94,320.73,1196.67,3.81,21,67.4,29.49
2026-07-19 00:00:00,NAS-STM-01,NAS,LUN-NAS-STM-01-003,WKL-FIN-025,12821,2870,15691,132.1,59.98,192.08,15.47,30,57.12,27.6
2026-07-19 00:00:00,SAN-NWK-01,SAN,LUN-SAN-NWK-048,WKL-OPS-011,47352,21468,68820,1702.04,300.05,2002.09,5.79,193,24.21,95.15
2026-07-19 04:00:00,NVM-NWK-01,NVMe,LUN-NVM-NWK-01-004,WKL-FIN-016,27273,5658,32931,833.62,93.95,927.57,65,13,95.41,65.88
2026-07-19 04:00:00,NVM-STM-01,NVMe,LUN-NVM-STM-01-001,WKL-FIN-014,18330,3971,22301,684.54,106.69,791.23,297,58,87.88,9.2
2026-07-19 04:00:00,NVM-STM-01,NVMe,LUN-NVM-STM-01-002,WKL-FIN-015,15486,2896,18382,556.94,28.54,585.48,224,49,76.24,58.26
2026-07-19 04:00:00,SAN-NWK-01,SAN,LUN-SAN-NWK-01-006,WKL-OPS-004,18562,1314,19876,594.93,35.08,630.01,14.58,24,73.16,35.51
2026-07-19 04:00:00,NAS-STM-01,NAS,LUN-NAS-STM-01-003,WKL-FIN-025,13657,4015,17672,197.82,83.45,281.27,23.91,44,45.05,55.53
2026-07-19 08:00:00,SAN-NWK-01,SAN,LUN-SAN-NWK-048,WKL-OPS-011,114249,39642,153891,3844.66,591.65,4436.31,5.64,145,23.28,95.98
2026-07-19 08:00:00,NAS-STM-01,NAS,LUN-NAS-STM-012,WKL-OPS-013,98176,39484,137660,2405.29,1331.11,3736.4,24.4,248,18.47,98.79
2026-07-19 12:00:00,NVM-NWK-02,NVMe,LUN-NVM-NWK-02-005,WKL-FIN-003,28155,10831,38986,547.54,177.45,724.99,97,54,35.06,75.91
2026-07-19 12:00:00,NVM-STM-01,NVMe,LUN-NVM-STM-01-001,WKL-FIN-014,62301,2769,65070,1082.13,65.58,1147.71,156,9,50.04,52.57
2026-07-19 12:00:00,NVM-STM-01,NVMe,LUN-NVM-STM-01-003,WKL-OPS-008,40317,1681,41998,1595.97,36.07,1632.04,183,4,91.95,74.68
2026-07-19 12:00:00,NVM-STM-01,NVMe,LUN-NVM-STM-01-005,WKL-FIN-002,42129,1336,43465,740.64,37.69,778.33,100,38,48.45,54.18
2026-07-19 12:00:00,NAS-NWK-01,NAS,LUN-NAS-NWK-01-004,WKL-OPS-014,30550,25824,56374,307.24,792.99,1100.23,7.82,8,35.12,14.52
2026-07-19 12:00:00,NAS-STM-01,NAS,LUN-NAS-STM-01-002,WKL-FIN-008,27774,8403,36177,427.88,108.2,536.08,23.96,9,62.9,46.83
2026-07-19 12:00:00,NAS-STM-01,NAS,LUN-NAS-STM-01-003,WKL-FIN-025,49548,9253,58801,850.94,347.71,1198.65,23.98,63,46.84,14.35
2026-07-19 16:00:00,NVM-NWK-01,NVMe,LUN-NVM-NWK-01-005,WKL-FIN-015,46908,23950,70858,932.62,700.33,1632.95,207,4,96.73,45.16
2026-07-19 16:00:00,NVM-NWK-02,NVMe,LUN-NVM-NWK-02-001,WKL-OPS-010,19270,17728,36998,342.68,177.93,520.61,139,56,76.47,37.81
2026-07-19 16:00:00,NVM-STM-01,NVMe,LUN-NVM-STM-01-002,WKL-FIN-015,49030,2398,51428,1219.16,74.25,1293.41,134,15,73.63,44.09
2026-07-19 16:00:00,SAN-NWK-02,SAN,LUN-SAN-NWK-02-007,WKL-FIN-010,26595,3018,29613,991.55,39.85,1031.4,12.99,44,85.44,35.14
2026-07-19 16:00:00,SAN-NWK-01,SAN,LUN-SAN-NWK-047,WKL-OPS-009,110718,32818,143536,1002.97,630.18,1633.15,10.78,144,21.71,95.65
2026-07-19 16:00:00,SAN-NWK-01,SAN,LUN-SAN-NWK-048,WKL-OPS-011,117067,37392,154459,4551.76,476.16,5027.92,7.78,184,14.19,99.54
2026-07-19 20:00:00,SAN-NWK-01,SAN,LUN-SAN-NWK-01-003,WKL-OPS-010,26650,5432,32082,1056.93,165.72,1222.65,9.9,19,78.86,50.83
2026-07-19 20:00:00,SAN-NWK-02,SAN,LUN-SAN-NWK-02-007,WKL-FIN-010,27216,9963,37179,1045.42,343.66,1389.08,5.87,1,95.76,39.53
2026-07-20 00:00:00,NVM-NWK-01,NVMe,LUN-NVM-NWK-01-003,WKL-FIN-018,22767,5644,28411,692.7,132.55,825.25,156,11,43.13,36.31
2026-07-20 00:00:00,NVM-NWK-01,NVMe,LUN-NVM-NWK-01-005,WKL-FIN-015,27846,7149,34995,624.69,283.05,907.74,159,50,74.79,71.36
2026-07-20 00:00:00,NVM-NWK-02,NVMe,LUN-NVM-NWK-02-001,WKL-OPS-010,26167,9043,35210,221.29,297.81,519.1,79,63,96.73,59.08
2026-07-20 00:00:00,NVM-NWK-02,NVMe,LUN-NVM-NWK-02-005,WKL-FIN-003,20745,9801,30546,225.05,119.03,344.08,289,8,72.24,68.57
2026-07-20 00:00:00,SAN-NWK-01,SAN,LUN-SAN-NWK-01-007,WKL-OPS-013,22803,10881,33684,365.93,247.87,613.8,6.63,3,47.87,81.39
2026-07-20 00:00:00,SAN-STM-01,SAN,LUN-SAN-STM-01-005,WKL-FIN-025,19166,6051,25217,178.49,119.3,297.79,11.55,34,86.49,56.95
2026-07-20 00:00:00,NAS-STM-01,NAS,LUN-NAS-STM-01-001,WKL-OPS-010,15077,5709,20786,438.73,210.73,649.46,16.33,55,54.81,65.89
2026-07-20 00:00:00,NAS-STM-01,NAS,LUN-NAS-STM-012,WKL-OPS-013,36165,20879,57044,954.56,281.46,1236.02,24.18,228,16.86,97.81
2026-07-20 04:00:00,NVM-NWK-01,NVMe,LUN-NVM-NWK-01-001,WKL-FIN-008,17175,8124,25299,138.29,304.9,443.19,212,24,36.74,61.62
2026-07-20 04:00:00,NVM-NWK-01,NVMe,LUN-NVM-NWK-01-004,WKL-FIN-016,21948,529,22477,683.07,11.88,694.95,134,18,45.88,80.04
2026-07-20 04:00:00,NVM-NWK-02,NVMe,LUN-NVM-NWK-02-004,WKL-OPS-003,20259,10231,30490,268.54,175.37,443.91,91,23,42.56,69.84
2026-07-20 04:00:00,SAN-NWK-01,SAN,LUN-SAN-NWK-01-006,WKL-OPS-004,10845,496,11341,371.37,19.51,390.88,13.36,37,51.99,20.92
2026-07-20 04:00:00,SAN-NWK-02,SAN,LUN-SAN-NWK-02-002,WKL-FIN-001,17519,5723,23242,494.49,204.32,698.81,5.98,41,49.31,62.03
2026-07-20 04:00:00,NAS-NWK-01,NAS,LUN-NAS-NWK-01-002,WKL-FIN-023,27133,8904,36037,809.01,97.64,906.65,17.75,4,98.16,56.65
2026-07-20 04:00:00,NAS-STM-01,NAS,LUN-NAS-STM-01-002,WKL-FIN-008,15896,10975,26871,575.21,285.34,860.55,23.4,34,73.46,23.21
2026-07-20 08:00:00,NVM-NWK-01,NVMe,LUN-NVM-NWK-01-002,WKL-FIN-002,24715,16083,40798,891.13,417.79,1308.92,156,63,67.95,16.3
2026-07-20 08:00:00,NVM-NWK-01,NVMe,LUN-NVM-NWK-01-004,WKL-FIN-016,62359,1287,63646,826.26,21.62,847.88,74,24,67.72,9.1
2026-07-20 08:00:00,NVM-NWK-02,NVMe,LUN-NVM-NWK-02-001,WKL-OPS-010,25375,17526,42901,335.59,231.2,566.79,70,30,61.14,46.52
2026-07-20 08:00:00,NVM-STM-01,NVMe,LUN-NVM-STM-01-004,WKL-OPS-014,11118,14383,25501,373.91,338.28,712.19,182,40,61.92,30.28
2026-07-20 08:00:00,SAN-NWK-01,SAN,LUN-SAN-NWK-01-001,WKL-OPS-011,53707,19810,73517,1950.26,545.41,2495.67,13.58,41,90.33,30.05
2026-07-20 08:00:00,NAS-NWK-01,NAS,LUN-NAS-NWK-01-005,WKL-FIN-017,38938,4239,43177,1475.27,110.62,1585.89,13.85,27,40.46,34.32
2026-07-20 08:00:00,NAS-STM-01,NAS,LUN-NAS-STM-01-004,WKL-FIN-006,27690,18444,46134,263.57,251.64,515.21,6.83,50,49.52,45.22
2026-07-20 08:00:00,NAS-STM-01,NAS,LUN-NAS-STM-012,WKL-OPS-013,114754,38572,153326,1477.69,505.73,1983.42,9.19,168,22.68,98.28
2026-07-20 12:00:00,NVM-NWK-02,NVMe,LUN-NVM-NWK-02-004,WKL-OPS-003,32455,14209,46664,620.32,421.31,1041.63,116,33,35.31,68.07
2026-07-20 12:00:00,NVM-STM-01,NVMe,LUN-NVM-STM-01-005,WKL-FIN-002,54610,20310,74920,624.77,782.63,1407.4,204,34,58.88,79.29
2026-07-20 12:00:00,SAN-NWK-02,SAN,LUN-SAN-NWK-02-001,WKL-FIN-018,59338,13531,72869,2055.42,491.29,2546.71,11.63,12,64.19,10.95
2026-07-20 12:00:00,SAN-STM-01,SAN,LUN-SAN-STM-01-002,WKL-FIN-022,22647,2505,25152,881.59,26.18,907.77,13.85,5,42.8,31.58
2026-07-20 12:00:00,NAS-STM-01,NAS,LUN-NAS-STM-01-003,WKL-FIN-025,46639,14215,60854,1485.82,366.01,1851.83,13.98,22,46.38,30.73
2026-07-20 12:00:00,SAN-NWK-01,SAN,LUN-SAN-NWK-047,WKL-OPS-009,119835,51339,171174,3252.68,1900.65,5153.33,10.11,207,22.35,99.54
2026-07-20 16:00:00,NVM-NWK-02,NVMe,LUN-NVM-NWK-02-004,WKL-OPS-003,61311,4282,65593,506.24,159.53,665.77,274,59,65.84,74.61
2026-07-20 16:00:00,SAN-NWK-01,SAN,LUN-SAN-NWK-01-004,WKL-OPS-002,26490,19198,45688,641.03,277.54,918.57,13.72,37,95.19,73.76
2026-07-20 16:00:00,SAN-NWK-01,SAN,LUN-SAN-NWK-01-006,WKL-OPS-004,31966,15717,47683,927.41,256.28,1183.69,9.03,46,69.07,72.53
2026-07-20 16:00:00,SAN-NWK-02,SAN,LUN-SAN-NWK-02-004,WKL-OPS-003,32826,14200,47026,724.99,395.3,1120.29,6.63,5,81.16,35.51
2026-07-20 16:00:00,SAN-STM-01,SAN,LUN-SAN-STM-01-004,WKL-FIN-006,13422,17008,30430,241.15,437.14,678.29,13.46,55,72.07,14.4
2026-07-20 16:00:00,NAS-NWK-01,NAS,LUN-NAS-NWK-01-001,WKL-FIN-007,66969,25689,92658,2494.42,849.55,3343.97,9.13,11,93.43,58.38
2026-07-20 16:00:00,SAN-NWK-01,SAN,LUN-SAN-NWK-048,WKL-OPS-011,105633,44364,149997,2429.99,768.04,3198.03,10.25,243,20.55,98.78
2026-07-20 20:00:00,NVM-NWK-01,NVMe,LUN-NVM-NWK-01-007,WKL-FIN-007,20559,12146,32705,682.61,247.89,930.5,51,27,55.37,28.98
2026-07-20 20:00:00,NVM-STM-01,NVMe,LUN-NVM-STM-01-004,WKL-OPS-014,17528,1645,19173,562.83,35.47,598.3,248,17,55.51,14.87
2026-07-20 20:00:00,SAN-NWK-01,SAN,LUN-SAN-NWK-01-003,WKL-OPS-010,29676,11793,41469,944.79,255.82,1200.61,5.76,58,54.3,40.63
2026-07-20 20:00:00,NAS-NWK-01,NAS,LUN-NAS-NWK-01-002,WKL-FIN-023,10895,8337,19232,352.8,245.6,598.4,24.17,27,95.69,15.14
2026-07-20 20:00:00,NAS-NWK-01,NAS,LUN-NAS-NWK-01-004,WKL-OPS-014,15742,1596,17338,587.3,26.12,613.42,5.13,7,91.21,55.47
2026-07-20 20:00:00,SAN-NWK-01,SAN,LUN-SAN-NWK-048,WKL-OPS-011,48696,14733,63429,769.24,349.31,1118.55,4.85,192,11.12,96.11
2026-07-21 00:00:00,NVM-NWK-01,NVMe,LUN-NVM-NWK-01-007,WKL-FIN-007,24932,10152,35084,813.9,356.59,1170.49,163,56,45.43,65.64
2026-07-21 00:00:00,NVM-STM-01,NVMe,LUN-NVM-STM-01-004,WKL-OPS-014,18291,7648,25939,704.32,131.64,835.96,54,19,51.68,23.86
2026-07-21 00:00:00,SAN-NWK-02,SAN,LUN-SAN-NWK-02-004,WKL-OPS-003,11369,11218,22587,320.81,137.51,458.32,9.33,63,49.9,48.21
2026-07-21 00:00:00,SAN-NWK-02,SAN,LUN-SAN-NWK-02-006,WKL-FIN-018,10129,6846,16975,208.94,88.5,297.44,11.21,45,38.68,21.06
2026-07-21 00:00:00,NAS-STM-01,NAS,LUN-NAS-STM-01-001,WKL-OPS-010,11333,8964,20297,112.97,214.98,327.95,23.2,51,41.42,70.22
2026-07-21 00:00:00,SAN-NWK-01,SAN,LUN-SAN-NWK-047,WKL-OPS-009,45310,27632,72942,1110.24,992.76,2103.0,3.59,157,23.82,98.28
2026-07-21 04:00:00,NVM-STM-01,NVMe,LUN-NVM-STM-01-002,WKL-FIN-015,10883,839,11722,223.75,6.89,230.64,216,7,88.36,71.48
2026-07-21 04:00:00,SAN-NWK-02,SAN,LUN-SAN-NWK-02-007,WKL-FIN-010,13117,2655,15772,422.97,75.16,498.13,12.13,15,57.24,67.13
2026-07-21 04:00:00,NAS-NWK-01,NAS,LUN-NAS-NWK-01-007,WKL-OPS-005,18004,1956,19960,651.67,37.32,688.99,15.02,53,70.68,53.15
2026-07-21 04:00:00,SAN-NWK-01,SAN,LUN-SAN-NWK-048,WKL-OPS-011,31996,24354,56350,1187.82,431.97,1619.79,5.89,225,12.28,95.33
2026-07-21 08:00:00,NVM-NWK-01,NVMe,LUN-NVM-NWK-01-006,WKL-FIN-009,22107,19306,41413,455.61,603.26,1058.87,266,60,46.19,48.63
2026-07-21 08:00:00,NVM-NWK-02,NVMe,LUN-NVM-NWK-02-006,WKL-FIN-002,49981,11359,61340,1729.18,143.99,1873.17,216,42,38.79,69.62
2026-07-21 08:00:00,SAN-NWK-01,SAN,LUN-SAN-NWK-01-002,WKL-FIN-013,16573,18178,34751,154.94,219.4,374.34,11.66,23,62.39,76.39
2026-07-21 08:00:00,SAN-NWK-01,SAN,LUN-SAN-NWK-01-006,WKL-OPS-004,40339,18450,58789,1325.63,450.53,1776.16,13.48,21,67.95,31.29
2026-07-21 08:00:00,SAN-NWK-02,SAN,LUN-SAN-NWK-02-001,WKL-FIN-018,45835,3312,49147,553.86,34.06,587.92,4.53,1,40.01,23.55
2026-07-21 08:00:00,SAN-STM-01,SAN,LUN-SAN-STM-01-003,WKL-FIN-007,11284,7324,18608,128.77,81.22,209.99,12.48,44,96.52,23.51
2026-07-21 08:00:00,NAS-NWK-01,NAS,LUN-NAS-NWK-01-004,WKL-OPS-014,18391,19777,38168,391.08,588.87,979.95,7.57,46,85.76,22.07
2026-07-21 08:00:00,NAS-STM-01,NAS,LUN-NAS-STM-01-002,WKL-FIN-008,60873,4297,65170,1842.48,94.41,1936.89,23.64,48,35.8,52.38
2026-07-21 08:00:00,SAN-NWK-01,SAN,LUN-SAN-NWK-047,WKL-OPS-009,111088,49485,160573,1615.19,658.46,2273.65,7.89,243,11.58,99.36
2026-07-21 08:00:00,NAS-STM-01,NAS,LUN-NAS-STM-012,WKL-OPS-013,112399,48135,160534,1218.92,633.94,1852.86,4.47,196,11.61,98.92
2026-07-21 12:00:00,SAN-NWK-01,SAN,LUN-SAN-NWK-01-005,WKL-FIN-015,11068,17986,29054,304.66,711.91,1016.57,11.63,54,67.2,14.77
2026-07-21 12:00:00,SAN-NWK-01,SAN,LUN-SAN-NWK-01-007,WKL-OPS-013,61645,1891,63536,724.94,19.73,744.67,12.58,40,79.25,81.76
2026-07-21 12:00:00,SAN-NWK-02,SAN,LUN-SAN-NWK-02-005,WKL-FIN-022,64242,11322,75564,1533.99,445.37,1979.36,6.73,16,77.82,33.64
2026-07-21 12:00:00,SAN-STM-01,SAN,LUN-SAN-STM-01-001,WKL-FIN-014,45687,16867,62554,1092.76,146.24,1239.0,4.06,52,47.6,9.08
2026-07-21 12:00:00,NAS-NWK-01,NAS,LUN-NAS-NWK-01-002,WKL-FIN-023,49189,7077,56266,1402.45,151.06,1553.51,21.94,58,35.07,68.07
2026-07-21 12:00:00,NAS-STM-01,NAS,LUN-NAS-STM-01-002,WKL-FIN-008,23079,14487,37566,788.85,561.05,1349.9,19.16,62,82.15,62.46
2026-07-21 12:00:00,NAS-STM-01,NAS,LUN-NAS-STM-012,WKL-OPS-013,104995,59569,164564,2310.26,1493.41,3803.67,6.44,247,14.63,95.84
2026-07-21 16:00:00,NVM-NWK-01,NVMe,LUN-NVM-NWK-01-003,WKL-FIN-018,27816,10179,37995,243.2,253.36,496.56,129,52,44.93,9.75
2026-07-21 16:00:00,SAN-NWK-02,SAN,LUN-SAN-NWK-02-007,WKL-FIN-010,22282,1743,24025,228.55,14.18,242.73,10.99,50,89.97,40.8
2026-07-21 16:00:00,NAS-NWK-01,NAS,LUN-NAS-NWK-01-006,WKL-FIN-003,42145,16062,58207,1560.17,271.52,1831.69,17.97,45,59.58,36.73
2026-07-21 16:00:00,NAS-STM-01,NAS,LUN-NAS-STM-01-002,WKL-FIN-008,62737,26326,89063,1645.57,623.85,2269.42,15.97,25,83.97,64.83
2026-07-21 20:00:00,NVM-STM-01,NVMe,LUN-NVM-STM-01-004,WKL-OPS-014,11230,1297,12527,204.3,22.69,226.99,151,2,50.48,45.11
2026-07-21 20:00:00,SAN-NWK-01,SAN,LUN-SAN-NWK-01-004,WKL-OPS-002,17635,2918,20553,615.09,61.06,676.15,14.59,6,48.78,14.86
2026-07-21 20:00:00,NAS-NWK-01,NAS,LUN-NAS-NWK-01-003,WKL-FIN-023,24503,8971,33474,333.02,74.4,407.42,18.09,37,81.75,40.42
2026-07-21 20:00:00,NAS-NWK-01,NAS,LUN-NAS-NWK-01-007,WKL-OPS-005,22776,1285,24061,493.57,42.68,536.25,23.26,56,77.3,47.34
2026-07-22 00:00:00,NVM-STM-01,NVMe,LUN-NVM-STM-01-004,WKL-OPS-014,16798,6117,22915,392.99,59.73,452.72,141,56,96.35,25.96
2026-07-22 00:00:00,SAN-NWK-02,SAN,LUN-SAN-NWK-02-003,WKL-FIN-011,26010,8122,34132,366.56,113.69,480.25,12.34,61,43.66,45.25
2026-07-22 00:00:00,NAS-STM-01,NAS,LUN-NAS-STM-01-004,WKL-FIN-006,30975,5324,36299,1143.42,152.0,1295.42,6.11,55,84.95,24.52
2026-07-22 04:00:00,NVM-STM-01,NVMe,LUN-NVM-STM-01-004,WKL-OPS-014,19646,3723,23369,308.43,31.08,339.51,254,44,68.84,33.04
2026-07-22 04:00:00,SAN-NWK-02,SAN,LUN-SAN-NWK-02-007,WKL-FIN-010,27651,2601,30252,829.64,71.02,900.66,10.91,60,82.5,29.57
2026-07-22 04:00:00,NAS-NWK-01,NAS,LUN-NAS-NWK-01-003,WKL-FIN-023,24620,3262,27882,382.1,120.13,502.23,15.45,32,84.94,22.22
2026-07-22 08:00:00,NVM-NWK-01,NVMe,LUN-NVM-NWK-01-003,WKL-FIN-018,62118,4215,66333,511.37,139.74,651.11,233,16,64.75,45.8
2026-07-22 08:00:00,NVM-NWK-02,NVMe,LUN-NVM-NWK-02-002,WKL-FIN-006,34648,18349,52997,1114.33,584.82,1699.15,72,54,85.8,51.44
2026-07-22 08:00:00,NVM-STM-01,NVMe,LUN-NVM-STM-01-001,WKL-FIN-014,34836,7807,42643,761.6,255.04,1016.64,66,36,70.04,28.28
2026-07-22 08:00:00,NVM-STM-01,NVMe,LUN-NVM-STM-01-002,WKL-FIN-015,32298,11070,43368,949.46,158.11,1107.57,139,4,71.53,33.61
2026-07-22 08:00:00,SAN-NWK-01,SAN,LUN-SAN-NWK-01-007,WKL-OPS-013,45450,20109,65559,1265.58,215.81,1481.39,7.88,56,35.5,17.05
2026-07-22 08:00:00,SAN-STM-01,SAN,LUN-SAN-STM-01-004,WKL-FIN-006,31888,11008,42896,722.7,193.58,916.28,11.38,10,35.22,28.21
2026-07-22 08:00:00,NAS-NWK-01,NAS,LUN-NAS-NWK-01-001,WKL-FIN-007,27606,26874,54480,325.71,1032.43,1358.14,11.12,36,81.52,63.85
2026-07-22 08:00:00,NAS-NWK-01,NAS,LUN-NAS-NWK-01-007,WKL-OPS-005,56217,2763,58980,1603.52,97.58,1701.1,16.07,3,81.37,45.64
2026-07-22 08:00:00,SAN-NWK-01,SAN,LUN-SAN-NWK-048,WKL-OPS-011,105984,53278,159262,3466.76,603.73,4070.49,2.93,131,11.96,98.12
2026-07-22 12:00:00,NVM-NWK-02,NVMe,LUN-NVM-NWK-02-007,WKL-FIN-006,65004,13822,78826,748.67,262.22,1010.89,87,60,38.61,57.34
2026-07-22 12:00:00,SAN-NWK-01,SAN,LUN-SAN-NWK-01-004,WKL-OPS-002,61854,13857,75711,632.34,534.75,1167.09,7.12,6,73.93,11.66
2026-07-22 12:00:00,SAN-NWK-01,SAN,LUN-SAN-NWK-01-005,WKL-FIN-015,33234,20146,53380,1011.93,282.5,1294.43,14.61,12,73.58,53.38
2026-07-22 12:00:00,SAN-NWK-02,SAN,LUN-SAN-NWK-02-001,WKL-FIN-018,43533,14118,57651,971.54,138.87,1110.41,2.91,15,38.85,9.52
2026-07-22 12:00:00,NAS-STM-01,NAS,LUN-NAS-STM-01-004,WKL-FIN-006,63055,22441,85496,1523.28,781.21,2304.49,7.49,54,56.97,20.83
2026-07-22 16:00:00,NVM-NWK-01,NVMe,LUN-NVM-NWK-01-001,WKL-FIN-008,24049,6013,30062,728.84,90.42,819.26,267,44,60.83,64.25
2026-07-22 16:00:00,NAS-NWK-01,NAS,LUN-NAS-NWK-01-006,WKL-FIN-003,27598,22684,50282,450.04,725.59,1175.63,8.37,5,39.46,33.38
2026-07-22 16:00:00,NAS-STM-01,NAS,LUN-NAS-STM-01-005,WKL-OPS-011,38373,20541,58914,329.57,169.03,498.6,23.79,8,78.76,41.18
2026-07-22 16:00:00,SAN-NWK-01,SAN,LUN-SAN-NWK-047,WKL-OPS-009,107269,53973,161242,2263.83,1062.79,3326.62,12.69,203,17.87,96.14
2026-07-22 20:00:00,NVM-NWK-01,NVMe,LUN-NVM-NWK-01-004,WKL-FIN-016,10978,3942,14920,211.41,31.64,243.05,149,42,91.27,15.46
2026-07-22 20:00:00,NVM-NWK-01,NVMe,LUN-NVM-NWK-01-005,WKL-FIN-015,27891,6750,34641,689.78,99.05,788.83,150,2,57.57,67.09
2026-07-22 20:00:00,NVM-STM-01,NVMe,LUN-NVM-STM-01-004,WKL-OPS-014,28537,3893,32430,410.5,109.86,520.36,199,15,94.84,17.9
2026-07-22 20:00:00,SAN-NWK-02,SAN,LUN-SAN-NWK-02-007,WKL-FIN-010,15701,6506,22207,156.13,87.91,244.04,9.93,40,78.45,21.21
2026-07-22 20:00:00,NAS-STM-01,NAS,LUN-NAS-STM-012,WKL-OPS-013,36191,15850,52041,1245.44,257.33,1502.77,5.89,216,19.25,98.76
2026-07-23 00:00:00,NVM-STM-01,NVMe,LUN-NVM-STM-01-004,WKL-OPS-014,26965,3318,30283,224.1,49.31,273.41,127,1,97.61,24.21
2026-07-23 00:00:00,SAN-NWK-01,SAN,LUN-SAN-NWK-01-003,WKL-OPS-010,17494,870,18364,428.17,30.85,459.02,13.77,35,70.25,66.81
2026-07-23 00:00:00,SAN-STM-01,SAN,LUN-SAN-STM-01-001,WKL-FIN-014,11288,3849,15137,377.34,84.88,462.22,7.78,57,83.45,38.93
2026-07-23 00:00:00,SAN-STM-01,SAN,LUN-SAN-STM-01-004,WKL-FIN-006,25251,5537,30788,683.16,131.07,814.23,7.27,56,85.0,27.21
2026-07-23 00:00:00,SAN-NWK-01,SAN,LUN-SAN-NWK-047,WKL-OPS-009,42892,16342,59234,522.3,636.75,1159.05,8.35,177,13.39,97.96
2026-07-23 04:00:00,NVM-NWK-02,NVMe,LUN-NVM-NWK-02-005,WKL-FIN-003,26713,8598,35311,225.12,227.42,452.54,189,2,50.83,76.77
2026-07-23 04:00:00,NAS-STM-01,NAS,LUN-NAS-STM-01-001,WKL-OPS-010,26887,2880,29767,607.87,113.98,721.85,24.56,26,58.58,34.75
2026-07-23 04:00:00,SAN-NWK-01,SAN,LUN-SAN-NWK-048,WKL-OPS-011,38379,20255,58634,1335.01,347.88,1682.89,10.12,224,10.94,97.91
2026-07-23 08:00:00,NVM-STM-01,NVMe,LUN-NVM-STM-01-001,WKL-FIN-014,57565,2068,59633,923.22,50.71,973.93,176,2,88.33,42.46
2026-07-23 08:00:00,NAS-NWK-01,NAS,LUN-NAS-NWK-01-001,WKL-FIN-007,63658,1851,65509,2397.25,74.01,2471.26,23.48,63,83.2,55.38
2026-07-23 12:00:00,SAN-NWK-01,SAN,LUN-SAN-NWK-01-002,WKL-FIN-013,66843,8322,75165,1187.96,235.38,1423.34,4.4,6,37.15,80.44
2026-07-23 12:00:00,SAN-NWK-01,SAN,LUN-SAN-NWK-01-004,WKL-OPS-002,55563,15279,70842,502.97,148.8,651.77,2.81,27,57.97,35.6
2026-07-23 12:00:00,SAN-NWK-02,SAN,LUN-SAN-NWK-02-003,WKL-FIN-011,30633,9531,40164,340.54,155.42,495.96,3.02,5,73.61,66.68
2026-07-23 12:00:00,SAN-NWK-01,SAN,LUN-SAN-NWK-048,WKL-OPS-011,115987,58258,174245,2413.82,2091.49,4505.31,2.85,245,23.32,98.51
2026-07-23 16:00:00,NVM-NWK-02,NVMe,LUN-NVM-NWK-02-001,WKL-OPS-010,43711,8397,52108,872.44,148.42,1020.86,176,36,66.84,69.97
2026-07-23 16:00:00,SAN-NWK-01,SAN,LUN-SAN-NWK-01-006,WKL-OPS-004,47824,13579,61403,1490.73,313.95,1804.68,5.51,42,38.16,60.8
2026-07-23 16:00:00,SAN-NWK-02,SAN,LUN-SAN-NWK-02-007,WKL-FIN-010,34912,26137,61049,443.73,262.84,706.57,12.23,27,76.23,81.26
2026-07-23 16:00:00,NAS-NWK-01,NAS,LUN-NAS-NWK-01-005,WKL-FIN-017,47208,21679,68887,1086.2,470.1,1556.3,14.73,54,40.59,69.71
2026-07-23 16:00:00,NAS-STM-01,NAS,LUN-NAS-STM-01-001,WKL-OPS-010,53016,7824,60840,1080.51,86.8,1167.31,13.53,23,48.54,33.46
2026-07-23 20:00:00,NVM-NWK-01,NVMe,LUN-NVM-NWK-01-007,WKL-FIN-007,10514,1220,11734,111.48,14.38,125.86,219,44,70.04,57.31
2026-07-23 20:00:00,SAN-NWK-01,SAN,LUN-SAN-NWK-01-007,WKL-OPS-013,11061,8155,19216,145.15,178.45,323.6,3.95,5,80.28,14.0
2026-07-23 20:00:00,NAS-NWK-01,NAS,LUN-NAS-NWK-01-005,WKL-FIN-017,22438,6918,29356,574.16,191.95,766.11,8.77,49,57.56,10.1
2026-07-23 20:00:00,NAS-STM-01,NAS,LUN-NAS-STM-01-003,WKL-FIN-025,19205,3645,22850,211.98,54.43,266.41,8.73,37,97.05,73.38
2026-07-24 00:00:00,NVM-NWK-02,NVMe,LUN-NVM-NWK-02-002,WKL-FIN-006,28683,9181,37864,799.36,311.03,1110.39,136,26,58.29,28.69
2026-07-24 00:00:00,NVM-NWK-02,NVMe,LUN-NVM-NWK-02-004,WKL-OPS-003,19537,10636,30173,615.56,106.02,721.58,103,21,94.51,70.55
2026-07-24 00:00:00,NVM-STM-01,NVMe,LUN-NVM-STM-01-004,WKL-OPS-014,26046,1957,28003,762.06,38.51,800.57,157,63,83.31,43.07
2026-07-24 00:00:00,SAN-STM-01,SAN,LUN-SAN-STM-01-001,WKL-FIN-014,25538,12364,37902,996.19,387.76,1383.95,5.08,23,47.65,22.88
2026-07-24 00:00:00,NAS-NWK-01,NAS,LUN-NAS-NWK-01-003,WKL-FIN-023,26665,11013,37678,252.98,151.16,404.14,3.3,50,95.25,42.77
2026-07-24 00:00:00,NAS-STM-01,NAS,LUN-NAS-STM-01-002,WKL-FIN-008,26272,5262,31534,714.13,189.44,903.57,11.97,42,36.67,39.21
2026-07-24 04:00:00,NVM-NWK-01,NVMe,LUN-NVM-NWK-01-003,WKL-FIN-018,29163,8028,37191,1157.07,212.58,1369.65,214,33,96.49,23.71
2026-07-24 04:00:00,SAN-NWK-01,SAN,LUN-SAN-NWK-01-003,WKL-OPS-010,25193,7914,33107,782.54,93.57,876.11,13.71,50,66.95,32.65
2026-07-24 04:00:00,SAN-NWK-02,SAN,LUN-SAN-NWK-02-003,WKL-FIN-011,15446,4359,19805,535.82,75.32,611.14,6.3,52,55.45,26.76
2026-07-24 04:00:00,NAS-STM-01,NAS,LUN-NAS-STM-012,WKL-OPS-013,38606,16044,54650,721.28,143.15,864.43,20.81,227,12.76,96.53
2026-07-24 08:00:00,NVM-NWK-02,NVMe,LUN-NVM-NWK-02-001,WKL-OPS-010,34521,2761,37282,938.48,45.96,984.44,161,51,45.83,21.72
2026-07-24 08:00:00,NVM-NWK-02,NVMe,LUN-NVM-NWK-02-007,WKL-FIN-006,23245,24679,47924,323.9,806.98,1130.88,95,62,93.3,42.96
2026-07-24 08:00:00,SAN-NWK-01,SAN,LUN-SAN-NWK-01-003,WKL-OPS-010,53838,21061,74899,474.83,345.63,820.46,6.29,9,94.51,74.05
2026-07-24 08:00:00,SAN-NWK-02,SAN,LUN-SAN-NWK-02-001,WKL-FIN-018,23401,18411,41812,922.43,330.76,1253.19,8.86,9,45.41,56.08
2026-07-24 08:00:00,SAN-NWK-01,SAN,LUN-SAN-NWK-047,WKL-OPS-009,105595,48843,154438,3746.86,561.68,4308.54,12.17,232,13.02,96.82
2026-07-24 08:00:00,NAS-STM-01,NAS,LUN-NAS-STM-012,WKL-OPS-013,103369,46918,150287,3971.41,1609.1,5580.51,9.23,252,13.37,95.63
2026-07-24 12:00:00,NVM-NWK-02,NVMe,LUN-NVM-NWK-02-001,WKL-OPS-010,36271,14835,51106,321.8,444.26,766.06,139,49,52.64,13.82
2026-07-24 12:00:00,NVM-STM-01,NVMe,LUN-NVM-STM-01-003,WKL-OPS-008,15634,12010,27644,378.94,472.64,851.58,151,50,79.57,11.01
2026-07-24 12:00:00,NAS-STM-01,NAS,LUN-NAS-STM-01-001,WKL-OPS-010,43581,3955,47536,1311.38,54.53,1365.91,13.95,12,59.72,36.34
2026-07-24 12:00:00,SAN-NWK-01,SAN,LUN-SAN-NWK-048,WKL-OPS-011,104278,52674,156952,3681.97,1276.76,4958.73,10.55,138,13.15,95.44
2026-07-24 12:00:00,NAS-STM-01,NAS,LUN-NAS-STM-012,WKL-OPS-013,109576,31105,140681,4167.37,1058.46,5225.83,19.24,129,8.24,98.59
2026-07-24 16:00:00,NVM-NWK-01,NVMe,LUN-NVM-NWK-01-007,WKL-FIN-007,63465,5533,68998,1857.04,92.68,1949.72,133,1,92.09,40.84
2026-07-24 16:00:00,NVM-NWK-02,NVMe,LUN-NVM-NWK-02-002,WKL-FIN-006,45295,7071,52366,1614.87,276.8,1891.67,134,44,51.06,69.0
2026-07-24 16:00:00,SAN-NWK-01,SAN,LUN-SAN-NWK-01-004,WKL-OPS-002,56934,11232,68166,1359.64,275.5,1635.14,4.13,16,61.78,33.96
2026-07-24 16:00:00,SAN-NWK-02,SAN,LUN-SAN-NWK-02-003,WKL-FIN-011,30673,7797,38470,634.94,120.31,755.25,13.22,21,67.97,33.16
2026-07-24 16:00:00,NAS-NWK-01,NAS,LUN-NAS-NWK-01-001,WKL-FIN-007,50137,7027,57164,1296.55,271.6,1568.15,15.63,14,42.54,81.98
2026-07-24 16:00:00,NAS-NWK-01,NAS,LUN-NAS-NWK-01-006,WKL-FIN-003,28116,16416,44532,980.24,638.84,1619.08,21.65,42,51.56,45.44
2026-07-24 16:00:00,NAS-STM-01,NAS,LUN-NAS-STM-012,WKL-OPS-013,99768,49021,148789,3693.37,1609.66,5303.03,3.03,252,13.22,95.27
2026-07-24 20:00:00,NVM-STM-01,NVMe,LUN-NVM-STM-01-002,WKL-FIN-015,14333,3747,18080,425.33,99.4,524.73,113,7,71.34,34.85
2026-07-24 20:00:00,SAN-NWK-01,SAN,LUN-SAN-NWK-01-007,WKL-OPS-013,29012,9912,38924,415.31,270.69,686.0,7.11,56,93.36,38.4
2026-07-24 20:00:00,SAN-STM-01,SAN,LUN-SAN-STM-01-004,WKL-FIN-006,15985,5534,21519,419.99,71.33,491.32,1.74,48,68.36,57.3
2026-07-24 20:00:00,NAS-NWK-01,NAS,LUN-NAS-NWK-01-005,WKL-FIN-017,23555,1133,24688,484.69,19.05,503.74,5.27,23,76.23,11.95
2026-07-24 20:00:00,NAS-NWK-01,NAS,LUN-NAS-NWK-01-007,WKL-OPS-005,10413,2279,12692,341.91,50.45,392.36,24.81,9,35.43,40.79
2026-07-24 20:00:00,NAS-STM-01,NAS,LUN-NAS-STM-01-001,WKL-OPS-010,19372,8101,27473,747.13,114.45,861.58,9.76,27,66.79,36.48
2026-07-24 20:00:00,SAN-NWK-01,SAN,LUN-SAN-NWK-048,WKL-OPS-011,41176,24845,66021,961.71,545.93,1507.64,10.01,150,11.44,97.72
2026-07-25 00:00:00,NVM-NWK-01,NVMe,LUN-NVM-NWK-01-003,WKL-FIN-018,28242,12168,40410,690.43,371.61,1062.04,265,29,89.71,43.27
2026-07-25 00:00:00,NVM-NWK-02,NVMe,LUN-NVM-NWK-02-007,WKL-FIN-006,16309,6491,22800,194.38,246.88,441.26,244,48,90.25,81.39
2026-07-25 00:00:00,SAN-NWK-01,SAN,LUN-SAN-NWK-01-002,WKL-FIN-013,13890,2468,16358,230.28,20.57,250.85,8.51,2,85.04,48.5
2026-07-25 00:00:00,SAN-NWK-01,SAN,LUN-SAN-NWK-01-003,WKL-OPS-010,10869,12084,22953,297.51,394.15,691.66,1.76,2,77.54,62.44
2026-07-25 00:00:00,SAN-NWK-01,SAN,LUN-SAN-NWK-01-005,WKL-FIN-015,20100,7759,27859,228.53,281.69,510.22,1.8,11,49.47,62.65
2026-07-25 00:00:00,SAN-NWK-02,SAN,LUN-SAN-NWK-02-006,WKL-FIN-018,19082,9644,28726,577.54,194.62,772.16,5.77,59,77.17,41.51
2026-07-25 00:00:00,NAS-NWK-01,NAS,LUN-NAS-NWK-01-003,WKL-FIN-023,18767,10829,29596,538.99,212.7,751.69,15.7,36,91.36,35.28
2026-07-25 04:00:00,NVM-NWK-01,NVMe,LUN-NVM-NWK-01-003,WKL-FIN-018,14270,9758,24028,185.51,137.38,322.89,252,34,69.99,56.51
2026-07-25 04:00:00,NVM-NWK-02,NVMe,LUN-NVM-NWK-02-007,WKL-FIN-006,23133,4995,28128,861.99,89.3,951.29,149,63,37.37,13.05
2026-07-25 04:00:00,SAN-NWK-02,SAN,LUN-SAN-NWK-02-004,WKL-OPS-003,18868,2390,21258,266.66,91.34,358.0,2.08,37,71.62,8.98
2026-07-25 04:00:00,NAS-STM-01,NAS,LUN-NAS-STM-01-001,WKL-OPS-010,10819,2228,13047,156.8,79.27,236.07,20.13,14,44.72,22.71
2026-07-25 08:00:00,NVM-NWK-01,NVMe,LUN-NVM-NWK-01-003,WKL-FIN-018,59826,3489,63315,2308.27,103.03,2411.3,130,17,71.2,43.61
2026-07-25 08:00:00,NVM-NWK-02,NVMe,LUN-NVM-NWK-02-002,WKL-FIN-006,38745,1125,39870,886.06,19.98,906.04,168,23,70.54,29.75
2026-07-25 08:00:00,NVM-NWK-02,NVMe,LUN-NVM-NWK-02-006,WKL-FIN-002,62310,19588,81898,889.95,597.65,1487.6,108,19,90.82,9.96
2026-07-25 08:00:00,SAN-NWK-02,SAN,LUN-SAN-NWK-02-005,WKL-FIN-022,43720,9396,53116,393.55,184.06,577.61,9.15,48,44.59,59.96
2026-07-25 08:00:00,NAS-NWK-01,NAS,LUN-NAS-NWK-01-004,WKL-OPS-014,66849,3099,69948,1991.21,57.87,2049.08,14.06,59,87.98,17.43
2026-07-25 08:00:00,NAS-STM-01,NAS,LUN-NAS-STM-01-001,WKL-OPS-010,55954,8932,64886,869.49,96.82,966.31,4.9,58,36.8,67.51
2026-07-25 08:00:00,NAS-STM-01,NAS,LUN-NAS-STM-01-002,WKL-FIN-008,59028,13683,72711,500.74,531.56,1032.3,3.45,57,51.51,57.69
2026-07-25 12:00:00,NVM-NWK-02,NVMe,LUN-NVM-NWK-02-002,WKL-FIN-006,39013,18631,57644,1106.15,430.28,1536.43,187,29,55.99,47.93
2026-07-25 12:00:00,NVM-STM-01,NVMe,LUN-NVM-STM-01-001,WKL-FIN-014,50569,13338,63907,677.44,426.95,1104.39,64,8,82.05,26.53
2026-07-25 12:00:00,NVM-STM-01,NVMe,LUN-NVM-STM-01-005,WKL-FIN-002,10764,11215,21979,101.25,254.46,355.71,180,8,42.2,42.99
2026-07-25 12:00:00,SAN-NWK-01,SAN,LUN-SAN-NWK-01-003,WKL-OPS-010,33817,4177,37994,565.46,130.52,695.98,10.67,12,35.48,78.9
2026-07-25 12:00:00,NAS-NWK-01,NAS,LUN-NAS-NWK-01-005,WKL-FIN-017,30655,26598,57253,588.63,224.82,813.45,9.87,54,51.11,65.64
2026-07-25 12:00:00,SAN-NWK-01,SAN,LUN-SAN-NWK-047,WKL-OPS-009,103713,52704,156417,2235.89,2096.73,4332.62,6.79,225,22.19,95.79
2026-07-25 12:00:00,SAN-NWK-01,SAN,LUN-SAN-NWK-048,WKL-OPS-011,103744,41092,144836,2563.12,1591.82,4154.94,7.39,208,23.13,96.41
2026-07-25 16:00:00,NVM-NWK-02,NVMe,LUN-NVM-NWK-02-002,WKL-FIN-006,28933,612,29545,257.13,6.14,263.27,161,55,59.19,28.78
2026-07-25 16:00:00,NVM-NWK-02,NVMe,LUN-NVM-NWK-02-004,WKL-OPS-003,15799,21633,37432,517.49,380.01,897.5,54,55,98.42,31.99
2026-07-25 16:00:00,NVM-NWK-02,NVMe,LUN-NVM-NWK-02-006,WKL-FIN-002,46801,15235,62036,486.44,287.32,773.76,122,26,59.63,63.67
2026-07-25 16:00:00,SAN-NWK-01,SAN,LUN-SAN-NWK-01-002,WKL-FIN-013,26212,16146,42358,481.24,624.41,1105.65,9.89,18,87.66,34.72
2026-07-25 16:00:00,SAN-NWK-01,SAN,LUN-SAN-NWK-047,WKL-OPS-009,101677,47457,149134,1708.07,1044.19,2752.26,14.33,136,15.91,99.64
2026-07-25 20:00:00,SAN-NWK-01,SAN,LUN-SAN-NWK-01-001,WKL-OPS-011,12488,11701,24189,127.01,95.02,222.03,14.34,2,53.1,29.16
2026-07-25 20:00:00,SAN-NWK-01,SAN,LUN-SAN-NWK-01-002,WKL-FIN-013,27942,11363,39305,858.36,116.02,974.38,9.21,43,64.38,51.71
2026-07-25 20:00:00,SAN-NWK-01,SAN,LUN-SAN-NWK-01-003,WKL-OPS-010,19723,9164,28887,515.14,128.24,643.38,13.97,27,87.65,58.85
2026-07-25 20:00:00,SAN-NWK-02,SAN,LUN-SAN-NWK-02-003,WKL-FIN-011,24443,6814,31257,895.25,180.57,1075.82,5.04,2,83.13,45.06
2026-07-25 20:00:00,SAN-NWK-02,SAN,LUN-SAN-NWK-02-004,WKL-OPS-003,13718,4361,18079,360.08,55.71,415.79,5.6,17,69.12,8.55
2026-07-25 20:00:00,NAS-NWK-01,NAS,LUN-NAS-NWK-01-001,WKL-FIN-007,17169,7701,24870,241.11,253.82,494.93,22.06,57,75.15,35.1
2026-07-26 00:00:00,NAS-STM-01,NAS,LUN-NAS-STM-01-001,WKL-OPS-010,23222,8843,32065,855.82,157.3,1013.12,20.58,48,89.77,8.46
2026-07-26 04:00:00,NVM-NWK-01,NVMe,LUN-NVM-NWK-01-007,WKL-FIN-007,19675,2193,21868,498.98,81.42,580.4,162,25,35.86,12.7
2026-07-26 04:00:00,SAN-NWK-01,SAN,LUN-SAN-NWK-01-005,WKL-FIN-015,22919,7322,30241,575.58,59.19,634.77,8.31,9,49.03,53.65
2026-07-26 04:00:00,SAN-STM-01,SAN,LUN-SAN-STM-01-001,WKL-FIN-014,25996,7781,33777,756.35,193.07,949.42,9.04,13,75.22,68.22
2026-07-26 04:00:00,NAS-STM-01,NAS,LUN-NAS-STM-01-003,WKL-FIN-025,17403,5189,22592,386.33,193.46,579.79,4.75,53,49.8,76.81
2026-07-26 08:00:00,NVM-NWK-01,NVMe,LUN-NVM-NWK-01-001,WKL-FIN-008,38965,16291,55256,1137.04,599.7,1736.74,222,9,51.65,62.26
2026-07-26 08:00:00,NVM-STM-01,NVMe,LUN-NVM-STM-01-002,WKL-FIN-015,39973,5919,45892,1034.25,177.34,1211.59,121,9,71.22,14.91
2026-07-26 08:00:00,SAN-NWK-02,SAN,LUN-SAN-NWK-02-007,WKL-FIN-010,37087,24217,61304,899.15,603.29,1502.44,11.31,46,49.95,65.49
2026-07-26 08:00:00,SAN-STM-01,SAN,LUN-SAN-STM-01-001,WKL-FIN-014,34885,22720,57605,1367.91,527.52,1895.43,11.9,27,64.37,49.12
2026-07-26 08:00:00,NAS-NWK-01,NAS,LUN-NAS-NWK-01-005,WKL-FIN-017,22554,23593,46147,648.73,292.83,941.56,8.21,25,63.55,66.91
2026-07-26 08:00:00,SAN-NWK-01,SAN,LUN-SAN-NWK-047,WKL-OPS-009,108990,56235,165225,1291.99,1334.49,2626.48,4.17,183,11.63,95.63
2026-07-26 12:00:00,NVM-STM-01,NVMe,LUN-NVM-STM-01-001,WKL-FIN-014,25152,5938,31090,442.77,139.54,582.31,122,3,53.85,48.39
2026-07-26 12:00:00,NAS-NWK-01,NAS,LUN-NAS-NWK-01-007,WKL-OPS-005,49842,16083,65925,955.92,245.68,1201.6,24.32,9,37.7,63.64
2026-07-26 12:00:00,NAS-STM-01,NAS,LUN-NAS-STM-01-003,WKL-FIN-025,23766,9931,33697,200.4,325.27,525.67,20.9,40,65.49,77.66
2026-07-26 12:00:00,SAN-NWK-01,SAN,LUN-SAN-NWK-048,WKL-OPS-011,101899,51301,153200,3589.79,1575.47,5165.26,2.9,246,9.21,99.37
2026-07-26 16:00:00,NVM-NWK-01,NVMe,LUN-NVM-NWK-01-004,WKL-FIN-016,30450,26248,56698,474.51,706.16,1180.67,121,39,94.29,15.36
2026-07-26 16:00:00,NVM-NWK-01,NVMe,LUN-NVM-NWK-01-005,WKL-FIN-015,41574,8713,50287,620.85,318.92,939.77,74,23,61.5,37.59
2026-07-26 16:00:00,NVM-NWK-02,NVMe,LUN-NVM-NWK-02-005,WKL-FIN-003,45504,23647,69151,434.86,787.99,1222.85,205,41,70.47,18.42
2026-07-26 16:00:00,SAN-NWK-02,SAN,LUN-SAN-NWK-02-002,WKL-FIN-001,34890,25747,60637,444.37,938.25,1382.62,4.34,34,72.72,41.17
2026-07-26 16:00:00,SAN-STM-01,SAN,LUN-SAN-STM-01-004,WKL-FIN-006,44130,19024,63154,1174.68,665.22,1839.9,12.68,32,55.06,61.85
2026-07-26 16:00:00,NAS-NWK-01,NAS,LUN-NAS-NWK-01-002,WKL-FIN-023,59683,9234,68917,732.27,242.92,975.19,12.79,59,76.48,46.85
2026-07-26 16:00:00,NAS-STM-01,NAS,LUN-NAS-STM-01-002,WKL-FIN-008,16887,4317,21204,528.91,96.11,625.02,17.08,39,73.92,60.0
2026-07-26 16:00:00,SAN-NWK-01,SAN,LUN-SAN-NWK-048,WKL-OPS-011,82365,39285,121650,1418.05,491.24,1909.29,9.07,201,21.93,97.01
2026-07-26 16:00:00,NAS-STM-01,NAS,LUN-NAS-STM-012,WKL-OPS-013,101914,53377,155291,1367.15,922.15,2289.3,12.93,203,16.34,97.36
2026-07-26 20:00:00,NVM-NWK-01,NVMe,LUN-NVM-NWK-01-001,WKL-FIN-008,26813,7783,34596,866.85,170.64,1037.49,114,47,52.36,78.47
2026-07-26 20:00:00,NAS-NWK-01,NAS,LUN-NAS-NWK-01-003,WKL-FIN-023,30923,3395,34318,329.54,129.57,459.11,8.03,17,43.47,9.75
2026-07-26 20:00:00,NAS-NWK-01,NAS,LUN-NAS-NWK-01-005,WKL-FIN-017,29436,9702,39138,251.02,270.87,521.89,12.09,1,83.0,39.17
2026-07-27 00:00:00,SAN-NWK-02,SAN,LUN-SAN-NWK-02-003,WKL-FIN-011,20149,2836,22985,675.44,56.78,732.22,10.17,63,96.23,18.91
2026-07-27 00:00:00,SAN-NWK-02,SAN,LUN-SAN-NWK-02-005,WKL-FIN-022,20423,8641,29064,786.8,199.96,986.76,14.2,6,46.71,52.25
2026-07-27 00:00:00,NAS-STM-01,NAS,LUN-NAS-STM-01-004,WKL-FIN-006,19500,1496,20996,176.01,23.77,199.78,8.22,5,75.32,17.58
2026-07-27 04:00:00,SAN-NWK-02,SAN,LUN-SAN-NWK-02-001,WKL-FIN-018,27605,5626,33231,367.59,155.79,523.38,3.14,44,45.48,48.26
2026-07-27 04:00:00,SAN-STM-01,SAN,LUN-SAN-STM-01-003,WKL-FIN-007,29304,4730,34034,286.86,55.26,342.12,3.83,19,87.08,18.94
2026-07-27 04:00:00,NAS-NWK-01,NAS,LUN-NAS-NWK-01-001,WKL-FIN-007,23074,3657,26731,853.96,70.24,924.2,4.23,3,62.57,13.49
2026-07-27 04:00:00,NAS-STM-01,NAS,LUN-NAS-STM-01-003,WKL-FIN-025,17029,11067,28096,316.8,147.02,463.82,3.94,44,98.05,73.96
2026-07-27 08:00:00,SAN-NWK-01,SAN,LUN-SAN-NWK-01-007,WKL-OPS-013,19953,18403,38356,215.36,659.92,875.28,6.44,59,47.34,45.96
2026-07-27 08:00:00,SAN-NWK-02,SAN,LUN-SAN-NWK-02-001,WKL-FIN-018,61368,9313,70681,1118.81,310.93,1429.74,13.88,49,65.07,31.2
2026-07-27 08:00:00,SAN-NWK-02,SAN,LUN-SAN-NWK-02-002,WKL-FIN-001,31899,11478,43377,367.92,365.66,733.58,14.08,21,93.18,16.87
2026-07-27 08:00:00,SAN-STM-01,SAN,LUN-SAN-STM-01-003,WKL-FIN-007,25767,8452,34219,736.07,333.06,1069.13,10.17,25,59.79,70.13
2026-07-27 08:00:00,NAS-NWK-01,NAS,LUN-NAS-NWK-01-001,WKL-FIN-007,43626,21994,65620,879.04,242.52,1121.56,8.96,49,46.08,46.8
2026-07-27 08:00:00,SAN-NWK-01,SAN,LUN-SAN-NWK-047,WKL-OPS-009,107107,53944,161051,2799.54,1399.01,4198.55,4.37,217,11.25,96.58
2026-07-27 08:00:00,SAN-NWK-01,SAN,LUN-SAN-NWK-048,WKL-OPS-011,108256,51030,159286,3642.1,1096.62,4738.72,12.92,247,11.88,98.46
2026-07-27 12:00:00,NVM-NWK-01,NVMe,LUN-NVM-NWK-01-004,WKL-FIN-016,12771,11727,24498,262.92,385.95,648.87,235,3,60.65,13.89
2026-07-27 12:00:00,NVM-NWK-01,NVMe,LUN-NVM-NWK-01-005,WKL-FIN-015,16287,24829,41116,235.73,776.61,1012.34,272,39,56.35,18.62
2026-07-27 12:00:00,NVM-STM-01,NVMe,LUN-NVM-STM-01-005,WKL-FIN-002,32983,4344,37327,1154.91,41.74,1196.65,213,10,80.59,51.72
2026-07-27 12:00:00,SAN-NWK-01,SAN,LUN-SAN-NWK-01-001,WKL-OPS-011,18606,7231,25837,400.09,260.65,660.74,9.85,43,93.17,19.23
2026-07-27 12:00:00,SAN-NWK-01,SAN,LUN-SAN-NWK-01-007,WKL-OPS-013,47820,3940,51760,730.64,107.52,838.16,4.93,38,77.2,47.87
2026-07-27 12:00:00,SAN-STM-01,SAN,LUN-SAN-STM-01-003,WKL-FIN-007,41139,14715,55854,1463.97,129.64,1593.61,10.71,3,86.6,62.1
2026-07-27 12:00:00,SAN-NWK-01,SAN,LUN-SAN-NWK-047,WKL-OPS-009,116971,46528,163499,3168.5,1522.79,4691.29,2.33,135,17.97,95.66
2026-07-27 16:00:00,NVM-NWK-01,NVMe,LUN-NVM-NWK-01-001,WKL-FIN-008,24673,11602,36275,579.56,271.17,850.73,220,21,52.69,8.06
2026-07-27 16:00:00,NVM-STM-01,NVMe,LUN-NVM-STM-01-003,WKL-OPS-008,58242,8263,66505,1542.78,197.07,1739.85,170,31,61.87,68.63
2026-07-27 16:00:00,NVM-STM-01,NVMe,LUN-NVM-STM-01-004,WKL-OPS-014,19894,18678,38572,666.94,526.04,1192.98,195,30,41.0,34.93
2026-07-27 16:00:00,NAS-STM-01,NAS,LUN-NAS-STM-01-002,WKL-FIN-008,21730,12645,34375,783.01,198.93,981.94,8.3,49,44.96,78.42
2026-07-27 16:00:00,SAN-NWK-01,SAN,LUN-SAN-NWK-047,WKL-OPS-009,107274,53427,160701,1579.11,648.55,2227.66,9.63,160,14.2,95.88
2026-07-27 16:00:00,SAN-NWK-01,SAN,LUN-SAN-NWK-048,WKL-OPS-011,99792,50539,150331,905.36,422.55,1327.91,3.33,162,13.78,95.79
2026-07-27 20:00:00,NVM-NWK-01,NVMe,LUN-NVM-NWK-01-002,WKL-FIN-002,23265,12000,35265,678.62,281.65,960.27,119,61,67.33,72.95
2026-07-27 20:00:00,SAN-NWK-01,SAN,LUN-SAN-NWK-01-005,WKL-FIN-015,17877,7010,24887,698.03,158.31,856.34,10.82,10,38.89,36.77
2026-07-27 20:00:00,SAN-STM-01,SAN,LUN-SAN-STM-01-003,WKL-FIN-007,19905,875,20780,549.15,12.18,561.33,11.68,7,69.52,69.12
2026-07-27 20:00:00,SAN-STM-01,SAN,LUN-SAN-STM-01-004,WKL-FIN-006,17616,9446,27062,305.48,82.07,387.55,3.8,11,98.04,25.8
2026-07-28 00:00:00,SAN-NWK-01,SAN,LUN-SAN-NWK-01-005,WKL-FIN-015,13337,10628,23965,262.33,239.26,501.59,7.33,55,65.12,76.91
2026-07-28 00:00:00,SAN-NWK-02,SAN,LUN-SAN-NWK-02-004,WKL-OPS-003,28965,4249,33214,464.03,156.62,620.65,3.25,25,70.75,29.17
2026-07-28 00:00:00,SAN-STM-01,SAN,LUN-SAN-STM-01-004,WKL-FIN-006,28790,9712,38502,511.03,85.73,596.76,6.41,25,88.84,79.33
2026-07-28 00:00:00,NAS-STM-01,NAS,LUN-NAS-STM-01-003,WKL-FIN-025,21102,5175,26277,498.34,52.93,551.27,8.02,7,81.83,15.38
2026-07-28 04:00:00,NVM-NWK-01,NVMe,LUN-NVM-NWK-01-001,WKL-FIN-008,29272,1099,30371,1051.26,9.12,1060.38,106,45,47.78,79.91
2026-07-28 04:00:00,NVM-NWK-02,NVMe,LUN-NVM-NWK-02-003,WKL-OPS-013,24668,2588,27256,480.67,45.39,526.06,132,13,36.87,66.2
2026-07-28 04:00:00,NVM-NWK-02,NVMe,LUN-NVM-NWK-02-006,WKL-FIN-002,15644,10708,26352,276.77,114.03,390.8,137,63,73.69,51.24
2026-07-28 04:00:00,NVM-STM-01,NVMe,LUN-NVM-STM-01-004,WKL-OPS-014,14144,11703,25847,204.2,274.34,478.54,125,7,98.5,80.64
2026-07-28 04:00:00,SAN-NWK-01,SAN,LUN-SAN-NWK-01-005,WKL-FIN-015,23261,4612,27873,373.85,39.33,413.18,5.08,28,46.15,26.56
2026-07-28 04:00:00,SAN-NWK-01,SAN,LUN-SAN-NWK-01-006,WKL-OPS-004,19005,11742,30747,189.13,269.07,458.2,6.2,16,63.63,54.22
2026-07-28 04:00:00,SAN-STM-01,SAN,LUN-SAN-STM-01-002,WKL-FIN-022,13480,11065,24545,448.35,303.35,751.7,6.31,27,80.05,30.72
2026-07-28 04:00:00,SAN-NWK-01,SAN,LUN-SAN-NWK-048,WKL-OPS-011,38274,23802,62076,835.07,439.76,1274.83,2.52,133,21.69,98.18
2026-07-28 04:00:00,NAS-STM-01,NAS,LUN-NAS-STM-012,WKL-OPS-013,52207,25912,78119,787.75,705.48,1493.23,4.66,165,18.03,97.91
2026-07-28 08:00:00,NVM-NWK-01,NVMe,LUN-NVM-NWK-01-003,WKL-FIN-018,48745,13606,62351,1591.45,375.52,1966.97,112,3,85.95,43.78
2026-07-28 08:00:00,SAN-STM-01,SAN,LUN-SAN-STM-01-003,WKL-FIN-007,24381,20574,44955,265.65,481.16,746.81,11.79,35,92.84,27.52
2026-07-28 08:00:00,SAN-STM-01,SAN,LUN-SAN-STM-01-005,WKL-FIN-025,20590,16722,37312,165.34,464.56,629.9,7.63,47,39.6,20.13
2026-07-28 08:00:00,NAS-STM-01,NAS,LUN-NAS-STM-01-002,WKL-FIN-008,54514,10170,64684,1376.49,371.35,1747.84,7.32,62,61.58,50.28
2026-07-28 08:00:00,SAN-NWK-01,SAN,LUN-SAN-NWK-048,WKL-OPS-011,100113,51453,151566,3537.4,771.09,4308.49,10.79,158,23.93,96.74
2026-07-28 12:00:00,NVM-NWK-01,NVMe,LUN-NVM-NWK-01-002,WKL-FIN-002,66222,18888,85110,862.4,641.37,1503.77,62,16,82.42,76.3
2026-07-28 12:00:00,NVM-NWK-02,NVMe,LUN-NVM-NWK-02-004,WKL-OPS-003,12928,3876,16804,406.3,139.08,545.38,93,22,36.45,14.64
2026-07-28 12:00:00,NVM-STM-01,NVMe,LUN-NVM-STM-01-002,WKL-FIN-015,42946,18952,61898,959.83,231.42,1191.25,148,3,90.58,68.64
2026-07-28 12:00:00,NVM-STM-01,NVMe,LUN-NVM-STM-01-005,WKL-FIN-002,41512,1498,43010,420.25,44.07,464.32,226,26,39.56,54.19
2026-07-28 12:00:00,SAN-STM-01,SAN,LUN-SAN-STM-01-005,WKL-FIN-025,40251,6271,46522,1129.49,238.64,1368.13,14.08,3,92.1,8.67
2026-07-28 12:00:00,NAS-NWK-01,NAS,LUN-NAS-NWK-01-003,WKL-FIN-023,35704,6834,42538,1339.41,273.01,1612.42,21.43,47,71.71,70.74
2026-07-28 12:00:00,NAS-NWK-01,NAS,LUN-NAS-NWK-01-004,WKL-OPS-014,33967,13366,47333,527.14,319.03,846.17,7.07,64,81.79,13.79
2026-07-28 12:00:00,SAN-NWK-01,SAN,LUN-SAN-NWK-047,WKL-OPS-009,107022,56706,163728,2147.79,1645.61,3793.4,9.42,208,12.02,95.91
2026-07-28 12:00:00,SAN-NWK-01,SAN,LUN-SAN-NWK-048,WKL-OPS-011,103603,54789,158392,1063.24,556.43,1619.67,3.09,137,20.82,98.62
2026-07-28 16:00:00,NVM-NWK-01,NVMe,LUN-NVM-NWK-01-005,WKL-FIN-015,63570,3943,67513,756.01,73.8,829.81,68,25,59.71,34.89
2026-07-28 16:00:00,NVM-NWK-01,NVMe,LUN-NVM-NWK-01-007,WKL-FIN-007,38259,23710,61969,433.32,462.46,895.78,263,39,87.85,67.79
2026-07-28 16:00:00,SAN-NWK-01,SAN,LUN-SAN-NWK-01-001,WKL-OPS-011,42711,7879,50590,933.92,218.35,1152.27,12.58,56,87.26,15.69
2026-07-28 16:00:00,SAN-NWK-01,SAN,LUN-SAN-NWK-01-002,WKL-FIN-013,59208,13996,73204,820.78,335.3,1156.08,5.7,60,75.16,77.19
2026-07-28 16:00:00,SAN-NWK-01,SAN,LUN-SAN-NWK-01-004,WKL-OPS-002,25735,10392,36127,920.81,288.32,1209.13,12.52,51,83.14,61.1
2026-07-28 16:00:00,SAN-NWK-02,SAN,LUN-SAN-NWK-02-003,WKL-FIN-011,48945,9811,58756,1104.04,115.91,1219.95,7.32,8,55.84,59.49
2026-07-28 16:00:00,SAN-STM-01,SAN,LUN-SAN-STM-01-005,WKL-FIN-025,49651,12853,62504,1813.42,273.7,2087.12,8.35,10,96.51,47.89
2026-07-28 16:00:00,SAN-NWK-01,SAN,LUN-SAN-NWK-047,WKL-OPS-009,109120,49534,158654,2692.25,1757.19,4449.44,4.87,243,13.36,98.26
2026-07-28 16:00:00,SAN-NWK-01,SAN,LUN-SAN-NWK-048,WKL-OPS-011,83941,47502,131443,2474.18,1715.54,4189.72,3.75,191,16.81,96.88
2026-07-28 16:00:00,NAS-STM-01,NAS,LUN-NAS-STM-012,WKL-OPS-013,110152,38130,148282,4166.73,1384.3,5551.03,15.77,130,24.9,95.95
2026-07-28 20:00:00,NVM-NWK-02,NVMe,LUN-NVM-NWK-02-002,WKL-FIN-006,30200,4026,34226,638.58,52.32,690.9,286,2,71.44,15.51
2026-07-28 20:00:00,NVM-STM-01,NVMe,LUN-NVM-STM-01-002,WKL-FIN-015,29590,10225,39815,451.51,303.28,754.79,241,20,72.01,17.63
2026-07-28 20:00:00,SAN-NWK-02,SAN,LUN-SAN-NWK-02-001,WKL-FIN-018,23538,1821,25359,660.06,37.81,697.87,10.81,26,35.72,45.86
2026-07-29 00:00:00,NVM-NWK-02,NVMe,LUN-NVM-NWK-02-002,WKL-FIN-006,28204,5576,33780,996.51,119.89,1116.4,229,18,84.83,44.56
2026-07-29 00:00:00,NVM-NWK-02,NVMe,LUN-NVM-NWK-02-004,WKL-OPS-003,27005,2492,29497,810.69,80.52,891.21,276,26,77.87,68.0
2026-07-29 00:00:00,NVM-NWK-02,NVMe,LUN-NVM-NWK-02-007,WKL-FIN-006,23891,10530,34421,879.0,87.57,966.57,219,63,92.99,72.85
2026-07-29 00:00:00,NVM-STM-01,NVMe,LUN-NVM-STM-01-002,WKL-FIN-015,24827,480,25307,937.79,12.89,950.68,246,8,76.76,75.16
2026-07-29 00:00:00,NVM-STM-01,NVMe,LUN-NVM-STM-01-005,WKL-FIN-002,14429,4776,19205,419.07,177.79,596.86,113,19,56.19,66.86
2026-07-29 04:00:00,NVM-NWK-01,NVMe,LUN-NVM-NWK-01-005,WKL-FIN-015,11065,7962,19027,135.29,135.18,270.47,226,11,97.46,56.79
2026-07-29 04:00:00,NVM-STM-01,NVMe,LUN-NVM-STM-01-004,WKL-OPS-014,18784,5350,24134,547.09,102.65,649.74,200,61,87.72,41.29
2026-07-29 04:00:00,SAN-STM-01,SAN,LUN-SAN-STM-01-001,WKL-FIN-014,30567,10693,41260,975.7,413.51,1389.21,2.92,20,83.83,51.46
2026-07-29 08:00:00,NVM-STM-01,NVMe,LUN-NVM-STM-01-002,WKL-FIN-015,44388,15690,60078,1569.45,446.33,2015.78,160,32,60.65,45.1
2026-07-29 08:00:00,SAN-NWK-01,SAN,LUN-SAN-NWK-048,WKL-OPS-011,108508,46369,154877,3656.68,1327.98,4984.66,2.0,247,19.66,97.97
2026-07-29 08:00:00,NAS-STM-01,NAS,LUN-NAS-STM-012,WKL-OPS-013,118993,38742,157735,1017.03,692.03,1709.06,9.17,184,14.95,96.04
2026-07-29 12:00:00,NVM-STM-01,NVMe,LUN-NVM-STM-01-004,WKL-OPS-014,34404,19021,53425,425.71,698.0,1123.71,89,46,58.0,20.92
2026-07-29 12:00:00,SAN-NWK-01,SAN,LUN-SAN-NWK-01-002,WKL-FIN-013,30796,24870,55666,542.72,720.53,1263.25,8.27,19,73.97,46.93
2026-07-29 12:00:00,SAN-NWK-01,SAN,LUN-SAN-NWK-047,WKL-OPS-009,78235,58159,136394,1114.27,525.83,1640.1,10.34,231,21.1,97.84
2026-07-29 16:00:00,NVM-NWK-01,NVMe,LUN-NVM-NWK-01-005,WKL-FIN-015,40708,7584,48292,673.11,265.62,938.73,236,57,96.17,55.25
2026-07-29 16:00:00,SAN-NWK-02,SAN,LUN-SAN-NWK-02-002,WKL-FIN-001,55129,13879,69008,1169.4,265.13,1434.53,12.07,60,51.56,79.43
2026-07-29 16:00:00,SAN-NWK-02,SAN,LUN-SAN-NWK-02-005,WKL-FIN-022,61404,11418,72822,1696.9,335.31,2032.21,7.84,45,94.79,40.17
2026-07-29 16:00:00,SAN-NWK-01,SAN,LUN-SAN-NWK-048,WKL-OPS-011,91362,56397,147759,3068.68,1199.66,4268.34,2.29,198,8.19,98.78
2026-07-29 20:00:00,NVM-NWK-01,NVMe,LUN-NVM-NWK-01-001,WKL-FIN-008,21669,6041,27710,476.41,116.08,592.49,147,61,85.49,12.4
2026-07-29 20:00:00,NVM-NWK-01,NVMe,LUN-NVM-NWK-01-002,WKL-FIN-002,12935,6134,19069,244.13,162.25,406.38,113,20,55.04,69.92
2026-07-29 20:00:00,SAN-NWK-01,SAN,LUN-SAN-NWK-01-001,WKL-OPS-011,15201,7599,22800,152.99,123.99,276.98,7.01,40,48.38,64.09
2026-07-29 20:00:00,NAS-NWK-01,NAS,LUN-NAS-NWK-01-007,WKL-OPS-005,15703,9060,24763,240.52,136.88,377.4,10.44,12,39.73,46.99
2026-07-29 20:00:00,NAS-STM-01,NAS,LUN-NAS-STM-012,WKL-OPS-013,34696,25104,59800,451.93,291.56,743.49,5.9,208,20.84,98.59
2026-07-30 00:00:00,NVM-NWK-01,NVMe,LUN-NVM-NWK-01-005,WKL-FIN-015,30379,1229,31608,1149.03,21.12,1170.15,206,41,70.16,36.04
2026-07-30 00:00:00,SAN-NWK-02,SAN,LUN-SAN-NWK-02-006,WKL-FIN-018,11650,6181,17831,373.86,221.22,595.08,7.53,15,96.4,14.36
2026-07-30 00:00:00,NAS-NWK-01,NAS,LUN-NAS-NWK-01-007,WKL-OPS-005,25214,6233,31447,766.9,59.72,826.62,22.86,55,81.3,24.12
2026-07-30 00:00:00,NAS-STM-01,NAS,LUN-NAS-STM-01-003,WKL-FIN-025,19471,8705,28176,567.45,170.5,737.95,17.53,44,71.8,22.8
2026-07-30 04:00:00,NVM-NWK-01,NVMe,LUN-NVM-NWK-01-004,WKL-FIN-016,24162,4607,28769,315.66,95.13,410.79,300,47,40.27,19.44
2026-07-30 04:00:00,NAS-STM-01,NAS,LUN-NAS-STM-01-002,WKL-FIN-008,30395,2076,32471,964.77,62.09,1026.86,13.27,26,91.53,47.69
2026-07-30 08:00:00,NVM-STM-01,NVMe,LUN-NVM-STM-01-002,WKL-FIN-015,52525,13111,65636,1872.11,228.41,2100.52,186,4,59.52,17.67
2026-07-30 08:00:00,NVM-STM-01,NVMe,LUN-NVM-STM-01-003,WKL-OPS-008,46120,25126,71246,1476.54,316.14,1792.68,299,4,88.72,17.61
2026-07-30 08:00:00,SAN-NWK-01,SAN,LUN-SAN-NWK-01-007,WKL-OPS-013,11874,23916,35790,193.69,297.28,490.97,7.18,16,65.62,37.01
2026-07-30 08:00:00,SAN-NWK-02,SAN,LUN-SAN-NWK-02-004,WKL-OPS-003,11241,1930,13171,187.83,62.17,250.0,4.84,30,71.32,41.17
2026-07-30 08:00:00,SAN-STM-01,SAN,LUN-SAN-STM-01-002,WKL-FIN-022,15831,16393,32224,560.63,199.91,760.54,5.21,29,35.61,44.29
2026-07-30 08:00:00,SAN-NWK-01,SAN,LUN-SAN-NWK-047,WKL-OPS-009,111646,51156,162802,1192.92,1057.86,2250.78,5.98,198,15.17,95.8
2026-07-30 08:00:00,SAN-NWK-01,SAN,LUN-SAN-NWK-048,WKL-OPS-011,65124,33277,98401,1015.13,1311.2,2326.33,13.43,133,13.74,97.6
2026-07-30 12:00:00,NVM-NWK-02,NVMe,LUN-NVM-NWK-02-003,WKL-OPS-013,65871,18456,84327,1770.35,266.87,2037.22,193,11,35.32,37.66
2026-07-30 12:00:00,NVM-NWK-02,NVMe,LUN-NVM-NWK-02-005,WKL-FIN-003,12076,23835,35911,264.08,933.06,1197.14,178,17,44.24,30.93
2026-07-30 12:00:00,SAN-NWK-02,SAN,LUN-SAN-NWK-02-002,WKL-FIN-001,30852,21039,51891,651.5,702.81,1354.31,9.0,36,58.51,15.07
2026-07-30 12:00:00,SAN-NWK-02,SAN,LUN-SAN-NWK-02-005,WKL-FIN-022,57556,8529,66085,1915.52,276.72,2192.24,6.73,20,78.76,35.89
2026-07-30 12:00:00,SAN-NWK-02,SAN,LUN-SAN-NWK-02-006,WKL-FIN-018,54601,5917,60518,2083.31,222.62,2305.93,4.22,60,63.34,35.07
2026-07-30 12:00:00,SAN-NWK-02,SAN,LUN-SAN-NWK-02-007,WKL-FIN-010,53353,25111,78464,1632.65,715.93,2348.58,14.0,58,93.51,31.41
2026-07-30 12:00:00,SAN-STM-01,SAN,LUN-SAN-STM-01-003,WKL-FIN-007,12636,8434,21070,355.81,163.19,519.0,8.34,31,52.93,67.7
2026-07-30 12:00:00,NAS-STM-01,NAS,LUN-NAS-STM-01-004,WKL-FIN-006,35863,4863,40726,585.12,118.61,703.73,17.31,17,92.78,72.36
2026-07-30 16:00:00,NVM-NWK-01,NVMe,LUN-NVM-NWK-01-005,WKL-FIN-015,13597,3057,16654,532.42,29.18,561.6,140,38,88.46,41.6
2026-07-30 16:00:00,NVM-NWK-02,NVMe,LUN-NVM-NWK-02-004,WKL-OPS-003,62043,21894,83937,1106.62,748.18,1854.8,292,23,87.44,42.83
2026-07-30 16:00:00,NVM-NWK-02,NVMe,LUN-NVM-NWK-02-006,WKL-FIN-002,49365,25573,74938,1295.78,528.16,1823.94,162,21,55.94,58.47
2026-07-30 16:00:00,SAN-NWK-01,SAN,LUN-SAN-NWK-047,WKL-OPS-009,117549,58830,176379,954.1,2338.33,3292.43,11.37,199,24.31,99.33
2026-07-30 16:00:00,SAN-NWK-01,SAN,LUN-SAN-NWK-048,WKL-OPS-011,117208,45580,162788,2882.06,1557.28,4439.34,10.2,167,19.13,97.73
2026-07-30 20:00:00,NVM-NWK-02,NVMe,LUN-NVM-NWK-02-003,WKL-OPS-013,29231,5233,34464,436.63,101.82,538.45,174,49,82.53,23.05
2026-07-30 20:00:00,SAN-NWK-02,SAN,LUN-SAN-NWK-02-002,WKL-FIN-001,10230,6750,16980,229.75,104.35,334.1,1.67,26,89.76,33.74
